{"timestamp": "2026-07-27T08:11:57.109297+00:00", "action": "SEED", "entity": "Database", "entity_id": null, "details": {"units": 4, "manufacturers": 3, "products": 7, "warehouses": 3, "racks": 4, "shelves": 4, "bins": 5, "locations": 8, "inventories": 9}}
{"timestamp": "2026-07-27T08:13:52.488054+00:00", "action": "RECEIVE", "entity": "Inventory", "entity_id": 10, "details": {"product_id": 3, "manufacturer_id": 1, "location_id": 1, "batch_number": "B-ST-200", "quantity": 1.0, "status": "OK"}}
{"timestamp": "2026-07-27T08:14:30.339758+00:00", "action": "DELETE", "entity": "Inventory", "entity_id": 10, "details": {"product_id": 3, "batch_number": "B-ST-200", "quantity": 1.0, "status": "OK"}}
{"timestamp": "2026-08-14T09:08:48.005465+00:00", "action": "SEED", "entity": "Database", "entity_id": null, "details": {"units": 4, "manufacturers": 3, "products": 7, "warehouses": 3, "racks": 4, "shelves": 4, "bins": 5, "locations": 8, "inventories": 9}}
{"timestamp": "2026-09-16T07:10:15.147672+00:00", "action": "PO_CREATE", "entity": "PurchaseOrder", "entity_id": 1, "details": {"po_number": "PO-2026-00001", "quotation_id": null, "supplier_id": 1, "item_count": 1, "total_amount": 36875.0}}
{"timestamp": "2026-09-16T07:10:15.149937+00:00", "action": "PO_SEND", "entity": "PurchaseOrder", "entity_id": 1, "details": {"po_number": "PO-2026-00001", "approved_by": "Priya Sharma"}}
{"timestamp": "2026-09-16T07:10:15.151190+00:00", "action": "PO_CONFIRM", "entity": "PurchaseOrder", "entity_id": 1, "details": {"po_number": "PO-2026-00001"}}
{"timestamp": "2026-09-16T07:10:15.161196+00:00", "action": "GRN_CREATE", "entity": "GoodsReceipt", "entity_id": 1, "details": {"grn_number": "GRN-2026-00001", "po_id": 1, "po_number": "PO-2026-00001", "item_count": 1, "po_status": "RECEIVED"}}
{"timestamp": "2026-09-16T07:10:15.191759+00:00", "action": "PO_CREATE", "entity": "PurchaseOrder", "entity_id": 1, "details": {"po_number": "PO-2026-00001", "quotation_id": null, "supplier_id": 1, "item_count": 1, "total_amount": 36875.0}}
{"timestamp": "2026-09-16T07:10:15.193151+00:00", "action": "PO_SEND", "entity": "PurchaseOrder", "entity_id": 1, "details": {"po_number": "PO-2026-00001", "approved_by": "Priya Sharma"}}
{"timestamp": "2026-09-16T07:10:15.194331+00:00", "action": "PO_CONFIRM", "entity": "PurchaseOrder", "entity_id": 1, "details": {"po_number": "PO-2026-00001"}}
{"timestamp": "2026-09-16T07:10:15.203436+00:00", "action": "GRN_CREATE", "entity": "GoodsReceipt", "entity_id": 1, "details": {"grn_number": "GRN-2026-00001", "po_id": 1, "po_number": "PO-2026-00001", "item_count": 1, "po_status": "PARTIALLY_RECEIVED"}}
{"timestamp": "2026-09-16T07:10:15.232788+00:00", "action": "PO_CREATE", "entity": "PurchaseOrder", "entity_id": 1, "details": {"po_number": "PO-2026-00001", "quotation_id": null, "supplier_id": 1, "item_count": 1, "total_amount": 36875.0}}
{"timestamp": "2026-09-16T07:10:15.234193+00:00", "action": "PO_SEND", "entity": "PurchaseOrder", "entity_id": 1, "details": {"po_number": "PO-2026-00001", "approved_by": "Priya Sharma"}}
{"timestamp": "2026-09-16T07:10:15.235267+00:00", "action": "PO_CONFIRM", "entity": "PurchaseOrder", "entity_id": 1, "details": {"po_number": "PO-2026-00001"}}
{"timestamp": "2026-09-16T07:10:15.243657+00:00", "action": "GRN_CREATE", "entity": "GoodsReceipt", "entity_id": 1, "details": {"grn_number": "GRN-2026-00001", "po_id": 1, "po_number": "PO-2026-00001", "item_count": 1, "po_status": "PARTIALLY_RECEIVED"}}
{"timestamp": "2026-09-16T07:10:15.248115+00:00", "action": "GRN_CREATE", "entity": "GoodsReceipt", "entity_id": 2, "details": {"grn_number": "GRN-2026-00002", "po_id": 1, "po_number": "PO-2026-00001", "item_count": 1, "po_status": "RECEIVED"}}
{"timestamp": "2026-09-16T07:10:15.278979+00:00", "action": "PO_CREATE", "entity": "PurchaseOrder", "entity_id": 1, "details": {"po_number": "PO-2026-00001", "quotation_id": null, "supplier_id": 1, "item_count": 1, "total_amount": 1000.0}}
{"timestamp": "2026-09-16T07:10:15.321338+00:00", "action": "PO_CREATE", "entity": "PurchaseOrder", "entity_id": 1, "details": {"po_number": "PO-2026-00001", "quotation_id": null, "supplier_id": 1, "item_count": 1, "total_amount": 36875.0}}
{"timestamp": "2026-09-16T07:10:15.322700+00:00", "action": "PO_SEND", "entity": "PurchaseOrder", "entity_id": 1, "details": {"po_number": "PO-2026-00001", "approved_by": "Priya Sharma"}}
{"timestamp": "2026-09-16T07:10:15.323763+00:00", "action": "PO_CONFIRM", "entity": "PurchaseOrder", "entity_id": 1, "details": {"po_number": "PO-2026-00001"}}
{"timestamp": "2026-09-16T07:10:15.327855+00:00", "action": "PO_CREATE", "entity": "PurchaseOrder", "entity_id": 2, "details": {"po_number": "PO-2026-00002", "quotation_id": null, "supplier_id": 1, "item_count": 1, "total_amount": 500.0}}
{"timestamp": "2026-09-16T07:10:15.358888+00:00", "action": "PO_CREATE", "entity": "PurchaseOrder", "entity_id": 1, "details": {"po_number": "PO-2026-00001", "quotation_id": null, "supplier_id": 1, "item_count": 1, "total_amount": 36875.0}}
{"timestamp": "2026-09-16T07:10:15.360267+00:00", "action": "PO_SEND", "entity": "PurchaseOrder", "entity_id": 1, "details": {"po_number": "PO-2026-00001", "approved_by": "Priya Sharma"}}
{"timestamp": "2026-09-16T07:10:15.361396+00:00", "action": "PO_CONFIRM", "entity": "PurchaseOrder", "entity_id": 1, "details": {"po_number": "PO-2026-00001"}}
{"timestamp": "2026-09-16T07:10:15.371125+00:00", "action": "GRN_CREATE", "entity": "GoodsReceipt", "entity_id": 1, "details": {"grn_number": "GRN-2026-00001", "po_id": 1, "po_number": "PO-2026-00001", "item_count": 1, "po_status": "RECEIVED"}}
{"timestamp": "2026-09-16T07:10:15.398766+00:00", "action": "PO_CREATE", "entity": "PurchaseOrder", "entity_id": 1, "details": {"po_number": "PO-2026-00001", "quotation_id": null, "supplier_id": 1, "item_count": 1, "total_amount": 36875.0}}
{"timestamp": "2026-09-16T07:10:15.400274+00:00", "action": "PO_SEND", "entity": "PurchaseOrder", "entity_id": 1, "details": {"po_number": "PO-2026-00001", "approved_by": "Priya Sharma"}}
{"timestamp": "2026-09-16T07:10:15.401381+00:00", "action": "PO_CONFIRM", "entity": "PurchaseOrder", "entity_id": 1, "details": {"po_number": "PO-2026-00001"}}
{"timestamp": "2026-09-16T07:10:15.409271+00:00", "action": "GRN_CREATE", "entity": "GoodsReceipt", "entity_id": 1, "details": {"grn_number": "GRN-2026-00001", "po_id": 1, "po_number": "PO-2026-00001", "item_count": 1, "po_status": "RECEIVED"}}
{"timestamp": "2026-09-16T07:10:15.510408+00:00", "action": "RECEIVE", "entity": "Inventory", "entity_id": 1, "details": {"product_id": 1, "manufacturer_id": 1, "location_id": 1, "batch_number": "B-100", "quantity": 50.0, "status": "OK"}}
{"timestamp": "2026-09-16T07:10:15.551650+00:00", "action": "RECEIVE", "entity": "Inventory", "entity_id": 1, "details": {"product_id": 1, "manufacturer_id": 1, "location_id": 1, "batch_number": "B-100", "quantity": 10.0, "status": "OK"}}
{"timestamp": "2026-09-16T07:10:15.641188+00:00", "action": "RECEIVE", "entity": "Inventory", "entity_id": 1, "details": {"product_id": 1, "manufacturer_id": 1, "location_id": 1, "batch_number": "B-100", "quantity": 10.0, "status": "OK"}}
{"timestamp": "2026-09-16T07:10:15.642416+00:00", "action": "ISSUE", "entity": "Inventory", "entity_id": 1, "details": {"product_id": 1, "quantity_issued": 4, "quantity_before": 10.0, "quantity_after": 6.0}}
{"timestamp": "2026-09-16T07:10:15.668370+00:00", "action": "PR_CREATE", "entity": "PurchaseRequisition", "entity_id": 1, "details": {"pr_number": "PR-2026-00001", "department": "Production", "item_count": 1, "source": "MANUAL"}}
{"timestamp": "2026-09-16T07:10:15.671798+00:00", "action": "PR_CREATE", "entity": "PurchaseRequisition", "entity_id": 2, "details": {"pr_number": "PR-2026-00002", "department": "Production", "item_count": 1, "source": "MANUAL"}}
{"timestamp": "2026-09-16T07:10:15.672983+00:00", "action": "PR_SUBMIT", "entity": "PurchaseRequisition", "entity_id": 2, "details": {"pr_number": "PR-2026-00002"}}
{"timestamp": "2026-09-16T07:10:15.723459+00:00", "action": "PO_CREATE", "entity": "PurchaseOrder", "entity_id": 1, "details": {"po_number": "PO-2026-00001", "quotation_id": null, "supplier_id": 1, "item_count": 1, "total_amount": 7375.0}}
{"timestamp": "2026-09-16T07:10:15.724903+00:00", "action": "PO_SEND", "entity": "PurchaseOrder", "entity_id": 1, "details": {"po_number": "PO-2026-00001", "approved_by": "Priya Sharma"}}
{"timestamp": "2026-09-16T07:10:15.726067+00:00", "action": "PO_CONFIRM", "entity": "PurchaseOrder", "entity_id": 1, "details": {"po_number": "PO-2026-00001"}}
{"timestamp": "2026-09-16T07:10:15.729601+00:00", "action": "PO_CREATE", "entity": "PurchaseOrder", "entity_id": 2, "details": {"po_number": "PO-2026-00002", "quotation_id": null, "supplier_id": 1, "item_count": 1, "total_amount": 14750.0}}
{"timestamp": "2026-09-16T07:10:15.730588+00:00", "action": "PO_SEND", "entity": "PurchaseOrder", "entity_id": 2, "details": {"po_number": "PO-2026-00002", "approved_by": "Priya Sharma"}}
{"timestamp": "2026-09-16T07:10:15.731410+00:00", "action": "PO_CONFIRM", "entity": "PurchaseOrder", "entity_id": 2, "details": {"po_number": "PO-2026-00002"}}
{"timestamp": "2026-09-16T07:10:15.740523+00:00", "action": "GRN_CREATE", "entity": "GoodsReceipt", "entity_id": 1, "details": {"grn_number": "GRN-2026-00001", "po_id": 2, "po_number": "PO-2026-00002", "item_count": 1, "po_status": "PARTIALLY_RECEIVED"}}
{"timestamp": "2026-09-16T07:10:15.789364+00:00", "action": "PO_CREATE", "entity": "PurchaseOrder", "entity_id": 1, "details": {"po_number": "PO-2026-00001", "quotation_id": null, "supplier_id": 1, "item_count": 1, "total_amount": 7375.0}}
{"timestamp": "2026-09-16T07:10:15.790765+00:00", "action": "PO_SEND", "entity": "PurchaseOrder", "entity_id": 1, "details": {"po_number": "PO-2026-00001", "approved_by": "Priya Sharma"}}
{"timestamp": "2026-09-16T07:10:15.791877+00:00", "action": "PO_CONFIRM", "entity": "PurchaseOrder", "entity_id": 1, "details": {"po_number": "PO-2026-00001"}}
{"timestamp": "2026-09-16T07:10:15.800929+00:00", "action": "GRN_CREATE", "entity": "GoodsReceipt", "entity_id": 1, "details": {"grn_number": "GRN-2026-00001", "po_id": 1, "po_number": "PO-2026-00001", "item_count": 1, "po_status": "RECEIVED"}}
{"timestamp": "2026-09-16T07:10:15.811233+00:00", "action": "RECEIVE", "entity": "Inventory", "entity_id": 1, "details": {"product_id": 1, "manufacturer_id": 1, "location_id": 1, "batch_number": "GRN-2026-00001-1", "quantity": 100.0, "status": "OK"}}
{"timestamp": "2026-09-16T07:10:15.820345+00:00", "action": "QC_INSPECT", "entity": "QualityInspection", "entity_id": 1, "details": {"qc_number": "QC-2026-00001", "grn_id": 1, "grn_number": "GRN-2026-00001", "overall_disposition": "ACCEPTED", "item_count": 1}}
{"timestamp": "2026-09-16T07:10:15.854443+00:00", "action": "PO_CREATE", "entity": "PurchaseOrder", "entity_id": 1, "details": {"po_number": "PO-2026-00001", "quotation_id": null, "supplier_id": 1, "item_count": 1, "total_amount": 3687.5}}
{"timestamp": "2026-09-16T07:10:15.855817+00:00", "action": "PO_SEND", "entity": "PurchaseOrder", "entity_id": 1, "details": {"po_number": "PO-2026-00001", "approved_by": "Priya Sharma"}}
{"timestamp": "2026-09-16T07:10:15.856949+00:00", "action": "PO_CONFIRM", "entity": "PurchaseOrder", "entity_id": 1, "details": {"po_number": "PO-2026-00001"}}
{"timestamp": "2026-09-16T07:10:15.860737+00:00", "action": "PO_CREATE", "entity": "PurchaseOrder", "entity_id": 2, "details": {"po_number": "PO-2026-00002", "quotation_id": null, "supplier_id": 1, "item_count": 1, "total_amount": 3687.5}}
{"timestamp": "2026-09-16T07:10:15.862241+00:00", "action": "PO_SEND", "entity": "PurchaseOrder", "entity_id": 2, "details": {"po_number": "PO-2026-00002", "approved_by": "Priya Sharma"}}
{"timestamp": "2026-09-16T07:10:15.863122+00:00", "action": "PO_CONFIRM", "entity": "PurchaseOrder", "entity_id": 2, "details": {"po_number": "PO-2026-00002"}}
{"timestamp": "2026-09-16T07:10:15.866157+00:00", "action": "PO_CREATE", "entity": "PurchaseOrder", "entity_id": 3, "details": {"po_number": "PO-2026-00003", "quotation_id": null, "supplier_id": 1, "item_count": 1, "total_amount": 3687.5}}
{"timestamp": "2026-09-16T07:10:15.867128+00:00", "action": "PO_SEND", "entity": "PurchaseOrder", "entity_id": 3, "details": {"po_number": "PO-2026-00003", "approved_by": "Priya Sharma"}}
{"timestamp": "2026-09-16T07:10:15.867897+00:00", "action": "PO_CONFIRM", "entity": "PurchaseOrder", "entity_id": 3, "details": {"po_number": "PO-2026-00003"}}
{"timestamp": "2026-09-16T07:10:15.923709+00:00", "action": "PO_CREATE", "entity": "PurchaseOrder", "entity_id": 1, "details": {"po_number": "PO-2026-00001", "quotation_id": null, "supplier_id": 1, "item_count": 1, "total_amount": 3687.5}}
{"timestamp": "2026-09-16T07:10:15.925188+00:00", "action": "PO_SEND", "entity": "PurchaseOrder", "entity_id": 1, "details": {"po_number": "PO-2026-00001", "approved_by": "Priya Sharma"}}
{"timestamp": "2026-09-16T07:10:15.926436+00:00", "action": "PO_CONFIRM", "entity": "PurchaseOrder", "entity_id": 1, "details": {"po_number": "PO-2026-00001"}}
{"timestamp": "2026-09-16T07:10:15.934977+00:00", "action": "GRN_CREATE", "entity": "GoodsReceipt", "entity_id": 1, "details": {"grn_number": "GRN-2026-00001", "po_id": 1, "po_number": "PO-2026-00001", "item_count": 1, "po_status": "RECEIVED"}}
{"timestamp": "2026-09-16T07:10:16.016063+00:00", "action": "RECEIVE", "entity": "Inventory", "entity_id": 1, "details": {"product_id": 1, "manufacturer_id": 1, "location_id": 1, "batch_number": "B1", "quantity": 200.0, "status": "OK"}}
{"timestamp": "2026-09-16T07:10:16.103772+00:00", "action": "RECEIVE", "entity": "Inventory", "entity_id": 1, "details": {"product_id": 1, "manufacturer_id": 1, "location_id": 1, "batch_number": "B1", "quantity": 500.0, "status": "DMG"}}
{"timestamp": "2026-09-16T07:10:16.252657+00:00", "action": "PO_CREATE", "entity": "PurchaseOrder", "entity_id": 1, "details": {"po_number": "PO-2026-00001", "quotation_id": null, "supplier_id": 1, "item_count": 1, "total_amount": 5900.0}}
{"timestamp": "2026-09-16T07:10:16.281166+00:00", "action": "PO_CREATE", "entity": "PurchaseOrder", "entity_id": 1, "details": {"po_number": "PO-2026-00001", "quotation_id": null, "supplier_id": 1, "item_count": 1, "total_amount": 5900.0}}
{"timestamp": "2026-09-16T07:10:16.285573+00:00", "action": "PO_CREATE", "entity": "PurchaseOrder", "entity_id": 2, "details": {"po_number": "PO-2026-00002", "quotation_id": null, "supplier_id": 1, "item_count": 1, "total_amount": 5900.0}}
{"timestamp": "2026-09-16T07:10:16.357178+00:00", "action": "QUOTATION_CREATE", "entity": "VendorQuotation", "entity_id": 1, "details": {"supplier_id": 1, "rfq_id": null, "item_count": 1}}
{"timestamp": "2026-09-16T07:10:16.358598+00:00", "action": "QUOTATION_SELECT", "entity": "VendorQuotation", "entity_id": 1, "details": {"rfq_id": null}}
{"timestamp": "2026-09-16T07:10:16.366815+00:00", "action": "PO_CREATE", "entity": "PurchaseOrder", "entity_id": 1, "details": {"po_number": "PO-2026-00001", "quotation_id": 1, "supplier_id": 1, "item_count": 1, "total_amount": 36875.0}}
{"timestamp": "2026-09-16T07:10:16.395191+00:00", "action": "QUOTATION_CREATE", "entity": "VendorQuotation", "entity_id": 1, "details": {"supplier_id": 1, "rfq_id": null, "item_count": 1}}
{"timestamp": "2026-09-16T07:10:16.494906+00:00", "action": "QUOTATION_CREATE", "entity": "VendorQuotation", "entity_id": 1, "details": {"supplier_id": 1, "rfq_id": null, "item_count": 1}}
{"timestamp": "2026-09-16T07:10:16.496197+00:00", "action": "QUOTATION_SELECT", "entity": "VendorQuotation", "entity_id": 1, "details": {"rfq_id": null}}
{"timestamp": "2026-09-16T07:10:16.503046+00:00", "action": "PO_CREATE", "entity": "PurchaseOrder", "entity_id": 1, "details": {"po_number": "PO-2026-00001", "quotation_id": 1, "supplier_id": 1, "item_count": 1, "total_amount": 36875.0}}
{"timestamp": "2026-09-16T07:10:16.545471+00:00", "action": "PO_CREATE", "entity": "PurchaseOrder", "entity_id": 1, "details": {"po_number": "PO-2026-00001", "quotation_id": null, "supplier_id": 1, "item_count": 1, "total_amount": 5900.0}}
{"timestamp": "2026-09-16T07:10:16.546783+00:00", "action": "PO_UPDATE", "entity": "PurchaseOrder", "entity_id": 1, "details": {"po_number": "PO-2026-00001"}}
{"timestamp": "2026-09-16T07:10:16.548334+00:00", "action": "PO_SEND", "entity": "PurchaseOrder", "entity_id": 1, "details": {"po_number": "PO-2026-00001", "approved_by": "Priya Sharma"}}
{"timestamp": "2026-09-16T07:10:16.578503+00:00", "action": "PO_CREATE", "entity": "PurchaseOrder", "entity_id": 1, "details": {"po_number": "PO-2026-00001", "quotation_id": null, "supplier_id": 1, "item_count": 1, "total_amount": 5900.0}}
{"timestamp": "2026-09-16T07:10:16.579930+00:00", "action": "PO_SEND", "entity": "PurchaseOrder", "entity_id": 1, "details": {"po_number": "PO-2026-00001", "approved_by": "Priya Sharma"}}
{"timestamp": "2026-09-16T07:10:16.608158+00:00", "action": "PO_CREATE", "entity": "PurchaseOrder", "entity_id": 1, "details": {"po_number": "PO-2026-00001", "quotation_id": null, "supplier_id": 1, "item_count": 1, "total_amount": 5900.0}}
{"timestamp": "2026-09-16T07:10:16.609472+00:00", "action": "PO_SEND", "entity": "PurchaseOrder", "entity_id": 1, "details": {"po_number": "PO-2026-00001", "approved_by": "Priya Sharma"}}
{"timestamp": "2026-09-16T07:10:16.638807+00:00", "action": "PO_CREATE", "entity": "PurchaseOrder", "entity_id": 1, "details": {"po_number": "PO-2026-00001", "quotation_id": null, "supplier_id": 1, "item_count": 1, "total_amount": 5900.0}}
{"timestamp": "2026-09-16T07:10:16.640186+00:00", "action": "PO_SEND", "entity": "PurchaseOrder", "entity_id": 1, "details": {"po_number": "PO-2026-00001", "approved_by": "Priya Sharma"}}
{"timestamp": "2026-09-16T07:10:16.641254+00:00", "action": "PO_CONFIRM", "entity": "PurchaseOrder", "entity_id": 1, "details": {"po_number": "PO-2026-00001"}}
{"timestamp": "2026-09-16T07:10:16.669417+00:00", "action": "PO_CREATE", "entity": "PurchaseOrder", "entity_id": 1, "details": {"po_number": "PO-2026-00001", "quotation_id": null, "supplier_id": 1, "item_count": 1, "total_amount": 5900.0}}
{"timestamp": "2026-09-16T07:10:16.670789+00:00", "action": "PO_CANCEL", "entity": "PurchaseOrder", "entity_id": 1, "details": {"po_number": "PO-2026-00001", "cancelled_by": "Priya Sharma", "reason": "Duplicate order raised by mistake"}}
{"timestamp": "2026-09-16T07:10:16.698457+00:00", "action": "PO_CREATE", "entity": "PurchaseOrder", "entity_id": 1, "details": {"po_number": "PO-2026-00001", "quotation_id": null, "supplier_id": 1, "item_count": 1, "total_amount": 5900.0}}
{"timestamp": "2026-09-16T07:10:16.699761+00:00", "action": "PO_SEND", "entity": "PurchaseOrder", "entity_id": 1, "details": {"po_number": "PO-2026-00001", "approved_by": "Priya Sharma"}}
{"timestamp": "2026-09-16T07:10:16.700905+00:00", "action": "PO_CANCEL", "entity": "PurchaseOrder", "entity_id": 1, "details": {"po_number": "PO-2026-00001", "cancelled_by": "Priya Sharma", "reason": "Vendor unable to fulfill"}}
{"timestamp": "2026-09-16T07:10:16.731033+00:00", "action": "PO_CREATE", "entity": "PurchaseOrder", "entity_id": 1, "details": {"po_number": "PO-2026-00001", "quotation_id": null, "supplier_id": 1, "item_count": 1, "total_amount": 5900.0}}
{"timestamp": "2026-09-16T07:10:16.732401+00:00", "action": "PO_SEND", "entity": "PurchaseOrder", "entity_id": 1, "details": {"po_number": "PO-2026-00001", "approved_by": "Priya Sharma"}}
{"timestamp": "2026-09-16T07:10:16.733452+00:00", "action": "PO_CONFIRM", "entity": "PurchaseOrder", "entity_id": 1, "details": {"po_number": "PO-2026-00001"}}
{"timestamp": "2026-09-16T07:10:16.762215+00:00", "action": "PO_CREATE", "entity": "PurchaseOrder", "entity_id": 1, "details": {"po_number": "PO-2026-00001", "quotation_id": null, "supplier_id": 1, "item_count": 1, "total_amount": 5900.0}}
{"timestamp": "2026-09-16T07:10:16.790166+00:00", "action": "PR_CREATE", "entity": "PurchaseRequisition", "entity_id": 1, "details": {"pr_number": "PR-2026-00001", "department": "Production Planning", "item_count": 1, "source": "MANUAL"}}
{"timestamp": "2026-09-16T07:10:16.816844+00:00", "action": "PR_CREATE", "entity": "PurchaseRequisition", "entity_id": 1, "details": {"pr_number": "PR-2026-00001", "department": "Production Planning", "item_count": 1, "source": "MANUAL"}}
{"timestamp": "2026-09-16T07:10:16.820168+00:00", "action": "PR_CREATE", "entity": "PurchaseRequisition", "entity_id": 2, "details": {"pr_number": "PR-2026-00002", "department": "Production Planning", "item_count": 1, "source": "MANUAL"}}
{"timestamp": "2026-09-16T07:10:16.881172+00:00", "action": "PR_CREATE", "entity": "PurchaseRequisition", "entity_id": 1, "details": {"pr_number": "PR-2026-00001", "department": "Production Planning", "item_count": 1, "source": "MANUAL"}}
{"timestamp": "2026-09-16T07:10:16.908425+00:00", "action": "PR_CREATE", "entity": "PurchaseRequisition", "entity_id": 1, "details": {"pr_number": "PR-2026-00001", "department": "Production Planning", "item_count": 1, "source": "AUTO_REORDER"}}
{"timestamp": "2026-09-16T07:10:16.934154+00:00", "action": "PR_CREATE", "entity": "PurchaseRequisition", "entity_id": 1, "details": {"pr_number": "PR-2026-00001", "department": "Production Planning", "item_count": 1, "source": "MANUAL"}}
{"timestamp": "2026-09-16T07:10:16.936923+00:00", "action": "PR_ITEM_ADD", "entity": "PurchaseRequisition", "entity_id": 1, "details": {"pr_number": "PR-2026-00001", "product_id": 1, "quantity": 50.0}}
{"timestamp": "2026-09-16T07:10:16.938453+00:00", "action": "PR_SUBMIT", "entity": "PurchaseRequisition", "entity_id": 1, "details": {"pr_number": "PR-2026-00001"}}
{"timestamp": "2026-09-16T07:10:16.963928+00:00", "action": "PR_CREATE", "entity": "PurchaseRequisition", "entity_id": 1, "details": {"pr_number": "PR-2026-00001", "department": "Production Planning", "item_count": 1, "source": "MANUAL"}}
{"timestamp": "2026-09-16T07:10:16.991141+00:00", "action": "PR_CREATE", "entity": "PurchaseRequisition", "entity_id": 1, "details": {"pr_number": "PR-2026-00001", "department": "Production Planning", "item_count": 1, "source": "MANUAL"}}
{"timestamp": "2026-09-16T07:10:16.993880+00:00", "action": "PR_ITEM_ADD", "entity": "PurchaseRequisition", "entity_id": 1, "details": {"pr_number": "PR-2026-00001", "product_id": 1, "quantity": 50.0}}
{"timestamp": "2026-09-16T07:10:17.019184+00:00", "action": "PR_CREATE", "entity": "PurchaseRequisition", "entity_id": 1, "details": {"pr_number": "PR-2026-00001", "department": "Production Planning", "item_count": 1, "source": "MANUAL"}}
{"timestamp": "2026-09-16T07:10:17.020409+00:00", "action": "PR_SUBMIT", "entity": "PurchaseRequisition", "entity_id": 1, "details": {"pr_number": "PR-2026-00001"}}
{"timestamp": "2026-09-16T07:10:17.045911+00:00", "action": "PR_CREATE", "entity": "PurchaseRequisition", "entity_id": 1, "details": {"pr_number": "PR-2026-00001", "department": "Production Planning", "item_count": 1, "source": "MANUAL"}}
{"timestamp": "2026-09-16T07:10:17.047171+00:00", "action": "PR_SUBMIT", "entity": "PurchaseRequisition", "entity_id": 1, "details": {"pr_number": "PR-2026-00001"}}
{"timestamp": "2026-09-16T07:10:17.072256+00:00", "action": "PR_CREATE", "entity": "PurchaseRequisition", "entity_id": 1, "details": {"pr_number": "PR-2026-00001", "department": "Production Planning", "item_count": 1, "source": "MANUAL"}}
{"timestamp": "2026-09-16T07:10:17.100592+00:00", "action": "PR_CREATE", "entity": "PurchaseRequisition", "entity_id": 1, "details": {"pr_number": "PR-2026-00001", "department": "Production Planning", "item_count": 1, "source": "MANUAL"}}
{"timestamp": "2026-09-16T07:10:17.101837+00:00", "action": "PR_SUBMIT", "entity": "PurchaseRequisition", "entity_id": 1, "details": {"pr_number": "PR-2026-00001"}}
{"timestamp": "2026-09-16T07:10:17.102907+00:00", "action": "PR_APPROVE", "entity": "PurchaseRequisition", "entity_id": 1, "details": {"pr_number": "PR-2026-00001", "approved_by": "Purchase Manager"}}
{"timestamp": "2026-09-16T07:10:17.128738+00:00", "action": "PR_CREATE", "entity": "PurchaseRequisition", "entity_id": 1, "details": {"pr_number": "PR-2026-00001", "department": "Production Planning", "item_count": 1, "source": "MANUAL"}}
{"timestamp": "2026-09-16T07:10:17.129971+00:00", "action": "PR_SUBMIT", "entity": "PurchaseRequisition", "entity_id": 1, "details": {"pr_number": "PR-2026-00001"}}
{"timestamp": "2026-09-16T07:10:17.131299+00:00", "action": "PR_REJECT", "entity": "PurchaseRequisition", "entity_id": 1, "details": {"pr_number": "PR-2026-00001", "rejected_by": "Purchase Manager", "reason": "Budget exceeded this month"}}
{"timestamp": "2026-09-16T07:10:17.156332+00:00", "action": "PR_CREATE", "entity": "PurchaseRequisition", "entity_id": 1, "details": {"pr_number": "PR-2026-00001", "department": "Production Planning", "item_count": 1, "source": "MANUAL"}}
{"timestamp": "2026-09-16T07:10:17.183466+00:00", "action": "PR_CREATE", "entity": "PurchaseRequisition", "entity_id": 1, "details": {"pr_number": "PR-2026-00001", "department": "Production Planning", "item_count": 1, "source": "MANUAL"}}
{"timestamp": "2026-09-16T07:10:17.184869+00:00", "action": "PR_SUBMIT", "entity": "PurchaseRequisition", "entity_id": 1, "details": {"pr_number": "PR-2026-00001"}}
{"timestamp": "2026-09-16T07:10:17.209565+00:00", "action": "PR_CREATE", "entity": "PurchaseRequisition", "entity_id": 1, "details": {"pr_number": "PR-2026-00001", "department": "Production Planning", "item_count": 1, "source": "MANUAL"}}
{"timestamp": "2026-09-16T07:10:17.235614+00:00", "action": "PR_CREATE", "entity": "PurchaseRequisition", "entity_id": 1, "details": {"pr_number": "PR-2026-00001", "department": "Production Planning", "item_count": 1, "source": "MANUAL"}}
{"timestamp": "2026-09-16T07:10:17.236843+00:00", "action": "PR_SUBMIT", "entity": "PurchaseRequisition", "entity_id": 1, "details": {"pr_number": "PR-2026-00001"}}
{"timestamp": "2026-09-16T07:10:17.266461+00:00", "action": "PR_CREATE", "entity": "PurchaseRequisition", "entity_id": 1, "details": {"pr_number": "PR-2026-00001", "department": "Production Planning", "item_count": 1, "source": "MANUAL"}}
{"timestamp": "2026-09-16T07:10:17.266559+00:00", "action": "PR_DELETE", "entity": "PurchaseRequisition", "entity_id": 1, "details": {"pr_number": "PR-2026-00001"}}
{"timestamp": "2026-09-16T07:10:17.296120+00:00", "action": "PR_CREATE", "entity": "PurchaseRequisition", "entity_id": 1, "details": {"pr_number": "PR-2026-00001", "department": "Production Planning", "item_count": 1, "source": "MANUAL"}}
{"timestamp": "2026-09-16T07:10:17.300367+00:00", "action": "PR_CREATE", "entity": "PurchaseRequisition", "entity_id": 2, "details": {"pr_number": "PR-2026-00002", "department": "Production Planning", "item_count": 1, "source": "MANUAL"}}
{"timestamp": "2026-09-16T07:10:17.301662+00:00", "action": "PR_SUBMIT", "entity": "PurchaseRequisition", "entity_id": 2, "details": {"pr_number": "PR-2026-00002"}}
{"timestamp": "2026-09-16T07:10:17.329030+00:00", "action": "PR_CREATE", "entity": "PurchaseRequisition", "entity_id": 1, "details": {"pr_number": "PR-2026-00001", "department": "Production Planning", "item_count": 1, "source": "MANUAL"}}
{"timestamp": "2026-09-16T07:10:17.332553+00:00", "action": "PR_CREATE", "entity": "PurchaseRequisition", "entity_id": 2, "details": {"pr_number": "PR-2026-00002", "department": "Store", "item_count": 1, "source": "MANUAL"}}
{"timestamp": "2026-09-16T07:10:17.377301+00:00", "action": "RECEIVE", "entity": "Inventory", "entity_id": 1, "details": {"product_id": 1, "manufacturer_id": 1, "location_id": 1, "batch_number": "B-001", "quantity": 180.0, "status": "OK"}}
{"timestamp": "2026-09-16T07:10:17.383537+00:00", "action": "PR_CREATE", "entity": "PurchaseRequisition", "entity_id": 1, "details": {"pr_number": "PR-2026-00001", "department": "Production Planning", "item_count": 1, "source": "MANUAL"}}
{"timestamp": "2026-09-16T07:10:17.415171+00:00", "action": "PO_CREATE", "entity": "PurchaseOrder", "entity_id": 1, "details": {"po_number": "PO-2026-00001", "quotation_id": null, "supplier_id": 1, "item_count": 1, "total_amount": 36875.0}}
{"timestamp": "2026-09-16T07:10:17.416490+00:00", "action": "PO_SEND", "entity": "PurchaseOrder", "entity_id": 1, "details": {"po_number": "PO-2026-00001", "approved_by": "Priya Sharma"}}
{"timestamp": "2026-09-16T07:10:17.417600+00:00", "action": "PO_CONFIRM", "entity": "PurchaseOrder", "entity_id": 1, "details": {"po_number": "PO-2026-00001"}}
{"timestamp": "2026-09-16T07:10:17.426836+00:00", "action": "GRN_CREATE", "entity": "GoodsReceipt", "entity_id": 1, "details": {"grn_number": "GRN-2026-00001", "po_id": 1, "po_number": "PO-2026-00001", "item_count": 1, "po_status": "RECEIVED"}}
{"timestamp": "2026-09-16T07:10:17.517897+00:00", "action": "RECEIVE", "entity": "Inventory", "entity_id": 1, "details": {"product_id": 1, "manufacturer_id": 1, "location_id": 1, "batch_number": "TSD-BATCH-77", "quantity": 500.0, "status": "OK"}}
{"timestamp": "2026-09-16T07:10:17.524590+00:00", "action": "QC_INSPECT", "entity": "QualityInspection", "entity_id": 1, "details": {"qc_number": "QC-2026-00001", "grn_id": 1, "grn_number": "GRN-2026-00001", "overall_disposition": "ACCEPTED", "item_count": 1}}
{"timestamp": "2026-09-16T07:10:17.573261+00:00", "action": "PO_CREATE", "entity": "PurchaseOrder", "entity_id": 1, "details": {"po_number": "PO-2026-00001", "quotation_id": null, "supplier_id": 1, "item_count": 1, "total_amount": 737.5}}
{"timestamp": "2026-09-16T07:10:17.574674+00:00", "action": "PO_SEND", "entity": "PurchaseOrder", "entity_id": 1, "details": {"po_number": "PO-2026-00001", "approved_by": "Priya Sharma"}}
{"timestamp": "2026-09-16T07:10:17.575831+00:00", "action": "PO_CONFIRM", "entity": "PurchaseOrder", "entity_id": 1, "details": {"po_number": "PO-2026-00001"}}
{"timestamp": "2026-09-16T07:10:17.583774+00:00", "action": "GRN_CREATE", "entity": "GoodsReceipt", "entity_id": 1, "details": {"grn_number": "GRN-2026-00001", "po_id": 1, "po_number": "PO-2026-00001", "item_count": 1, "po_status": "RECEIVED"}}
{"timestamp": "2026-09-16T07:10:17.590071+00:00", "action": "RECEIVE", "entity": "Inventory", "entity_id": 1, "details": {"product_id": 1, "manufacturer_id": 1, "location_id": 1, "batch_number": "GRN-2026-00001-1", "quantity": 10.0, "status": "OK"}}
{"timestamp": "2026-09-16T07:10:17.597012+00:00", "action": "QC_INSPECT", "entity": "QualityInspection", "entity_id": 1, "details": {"qc_number": "QC-2026-00001", "grn_id": 1, "grn_number": "GRN-2026-00001", "overall_disposition": "ACCEPTED", "item_count": 1}}
{"timestamp": "2026-09-16T07:10:17.632467+00:00", "action": "PO_CREATE", "entity": "PurchaseOrder", "entity_id": 1, "details": {"po_number": "PO-2026-00001", "quotation_id": null, "supplier_id": 1, "item_count": 1, "total_amount": 36875.0}}
{"timestamp": "2026-09-16T07:10:17.634116+00:00", "action": "PO_SEND", "entity": "PurchaseOrder", "entity_id": 1, "details": {"po_number": "PO-2026-00001", "approved_by": "Priya Sharma"}}
{"timestamp": "2026-09-16T07:10:17.635278+00:00", "action": "PO_CONFIRM", "entity": "PurchaseOrder", "entity_id": 1, "details": {"po_number": "PO-2026-00001"}}
{"timestamp": "2026-09-16T07:10:17.642941+00:00", "action": "GRN_CREATE", "entity": "GoodsReceipt", "entity_id": 1, "details": {"grn_number": "GRN-2026-00001", "po_id": 1, "po_number": "PO-2026-00001", "item_count": 1, "po_status": "RECEIVED"}}
{"timestamp": "2026-09-16T07:10:17.650936+00:00", "action": "QC_INSPECT", "entity": "QualityInspection", "entity_id": 1, "details": {"qc_number": "QC-2026-00001", "grn_id": 1, "grn_number": "GRN-2026-00001", "overall_disposition": "REJECTED", "item_count": 1}}
{"timestamp": "2026-09-16T07:10:17.684405+00:00", "action": "PO_CREATE", "entity": "PurchaseOrder", "entity_id": 1, "details": {"po_number": "PO-2026-00001", "quotation_id": null, "supplier_id": 1, "item_count": 1, "total_amount": 36875.0}}
{"timestamp": "2026-09-16T07:10:17.685914+00:00", "action": "PO_SEND", "entity": "PurchaseOrder", "entity_id": 1, "details": {"po_number": "PO-2026-00001", "approved_by": "Priya Sharma"}}
{"timestamp": "2026-09-16T07:10:17.687255+00:00", "action": "PO_CONFIRM", "entity": "PurchaseOrder", "entity_id": 1, "details": {"po_number": "PO-2026-00001"}}
{"timestamp": "2026-09-16T07:10:17.696342+00:00", "action": "GRN_CREATE", "entity": "GoodsReceipt", "entity_id": 1, "details": {"grn_number": "GRN-2026-00001", "po_id": 1, "po_number": "PO-2026-00001", "item_count": 1, "po_status": "RECEIVED"}}
{"timestamp": "2026-09-16T07:10:17.725139+00:00", "action": "QC_INSPECT", "entity": "QualityInspection", "entity_id": 1, "details": {"qc_number": "QC-2026-00001", "grn_id": 1, "grn_number": "GRN-2026-00001", "overall_disposition": "ACCEPTED_WITH_DEVIATION", "item_count": 1}}
{"timestamp": "2026-09-16T07:10:17.731624+00:00", "action": "RECEIVE", "entity": "Inventory", "entity_id": 1, "details": {"product_id": 1, "manufacturer_id": 1, "location_id": 1, "batch_number": "TSD-BATCH-77", "quantity": 480.0, "status": "OK"}}
{"timestamp": "2026-09-16T07:10:17.737680+00:00", "action": "QC_DEVIATION_APPROVE", "entity": "QualityInspection", "entity_id": 1, "details": {"qc_number": "QC-2026-00001", "approved_by": "Plant Manager Vikram", "item_count": 1}}
{"timestamp": "2026-09-16T07:10:17.777301+00:00", "action": "PO_CREATE", "entity": "PurchaseOrder", "entity_id": 1, "details": {"po_number": "PO-2026-00001", "quotation_id": null, "supplier_id": 1, "item_count": 1, "total_amount": 36875.0}}
{"timestamp": "2026-09-16T07:10:17.778761+00:00", "action": "PO_SEND", "entity": "PurchaseOrder", "entity_id": 1, "details": {"po_number": "PO-2026-00001", "approved_by": "Priya Sharma"}}
{"timestamp": "2026-09-16T07:10:17.779893+00:00", "action": "PO_CONFIRM", "entity": "PurchaseOrder", "entity_id": 1, "details": {"po_number": "PO-2026-00001"}}
{"timestamp": "2026-09-16T07:10:17.788627+00:00", "action": "GRN_CREATE", "entity": "GoodsReceipt", "entity_id": 1, "details": {"grn_number": "GRN-2026-00001", "po_id": 1, "po_number": "PO-2026-00001", "item_count": 1, "po_status": "RECEIVED"}}
{"timestamp": "2026-09-16T07:10:17.812977+00:00", "action": "RECEIVE", "entity": "Inventory", "entity_id": 1, "details": {"product_id": 1, "manufacturer_id": 1, "location_id": 1, "batch_number": "TSD-BATCH-77", "quantity": 480.0, "status": "OK"}}
{"timestamp": "2026-09-16T07:10:17.820023+00:00", "action": "QC_INSPECT", "entity": "QualityInspection", "entity_id": 1, "details": {"qc_number": "QC-2026-00001", "grn_id": 1, "grn_number": "GRN-2026-00001", "overall_disposition": "ACCEPTED_WITH_DEVIATION", "item_count": 1}}
{"timestamp": "2026-09-16T07:10:17.850883+00:00", "action": "PO_CREATE", "entity": "PurchaseOrder", "entity_id": 1, "details": {"po_number": "PO-2026-00001", "quotation_id": null, "supplier_id": 1, "item_count": 1, "total_amount": 36875.0}}
{"timestamp": "2026-09-16T07:10:17.852339+00:00", "action": "PO_SEND", "entity": "PurchaseOrder", "entity_id": 1, "details": {"po_number": "PO-2026-00001", "approved_by": "Priya Sharma"}}
{"timestamp": "2026-09-16T07:10:17.853441+00:00", "action": "PO_CONFIRM", "entity": "PurchaseOrder", "entity_id": 1, "details": {"po_number": "PO-2026-00001"}}
{"timestamp": "2026-09-16T07:10:17.860875+00:00", "action": "GRN_CREATE", "entity": "GoodsReceipt", "entity_id": 1, "details": {"grn_number": "GRN-2026-00001", "po_id": 1, "po_number": "PO-2026-00001", "item_count": 1, "po_status": "RECEIVED"}}
{"timestamp": "2026-09-16T07:10:17.889749+00:00", "action": "QC_INSPECT", "entity": "QualityInspection", "entity_id": 1, "details": {"qc_number": "QC-2026-00001", "grn_id": 1, "grn_number": "GRN-2026-00001", "overall_disposition": "ACCEPTED_WITH_DEVIATION", "item_count": 1}}
{"timestamp": "2026-09-16T07:10:17.894067+00:00", "action": "RECEIVE", "entity": "Inventory", "entity_id": 1, "details": {"product_id": 1, "manufacturer_id": 1, "location_id": 1, "batch_number": "TSD-BATCH-77", "quantity": 480.0, "status": "OK"}}
{"timestamp": "2026-09-16T07:10:17.897429+00:00", "action": "QC_DEVIATION_APPROVE", "entity": "QualityInspection", "entity_id": 1, "details": {"qc_number": "QC-2026-00001", "approved_by": "Vikram", "item_count": 1}}
{"timestamp": "2026-09-16T07:10:17.930429+00:00", "action": "PO_CREATE", "entity": "PurchaseOrder", "entity_id": 1, "details": {"po_number": "PO-2026-00001", "quotation_id": null, "supplier_id": 1, "item_count": 1, "total_amount": 36875.0}}
{"timestamp": "2026-09-16T07:10:17.931907+00:00", "action": "PO_SEND", "entity": "PurchaseOrder", "entity_id": 1, "details": {"po_number": "PO-2026-00001", "approved_by": "Priya Sharma"}}
{"timestamp": "2026-09-16T07:10:17.933017+00:00", "action": "PO_CONFIRM", "entity": "PurchaseOrder", "entity_id": 1, "details": {"po_number": "PO-2026-00001"}}
{"timestamp": "2026-09-16T07:10:17.941058+00:00", "action": "GRN_CREATE", "entity": "GoodsReceipt", "entity_id": 1, "details": {"grn_number": "GRN-2026-00001", "po_id": 1, "po_number": "PO-2026-00001", "item_count": 1, "po_status": "RECEIVED"}}
{"timestamp": "2026-09-16T07:10:17.963799+00:00", "action": "RECEIVE", "entity": "Inventory", "entity_id": 1, "details": {"product_id": 1, "manufacturer_id": 1, "location_id": 1, "batch_number": "TSD-BATCH-77", "quantity": 500.0, "status": "OK"}}
{"timestamp": "2026-09-16T07:10:17.970606+00:00", "action": "QC_INSPECT", "entity": "QualityInspection", "entity_id": 1, "details": {"qc_number": "QC-2026-00001", "grn_id": 1, "grn_number": "GRN-2026-00001", "overall_disposition": "ACCEPTED", "item_count": 1}}
{"timestamp": "2026-09-16T07:10:18.019117+00:00", "action": "PO_CREATE", "entity": "PurchaseOrder", "entity_id": 1, "details": {"po_number": "PO-2026-00001", "quotation_id": null, "supplier_id": 1, "item_count": 1, "total_amount": 7375.0}}
{"timestamp": "2026-09-16T07:10:18.020501+00:00", "action": "PO_SEND", "entity": "PurchaseOrder", "entity_id": 1, "details": {"po_number": "PO-2026-00001", "approved_by": "Priya Sharma"}}
{"timestamp": "2026-09-16T07:10:18.021686+00:00", "action": "PO_CONFIRM", "entity": "PurchaseOrder", "entity_id": 1, "details": {"po_number": "PO-2026-00001"}}
{"timestamp": "2026-09-16T07:10:18.029647+00:00", "action": "GRN_CREATE", "entity": "GoodsReceipt", "entity_id": 1, "details": {"grn_number": "GRN-2026-00001", "po_id": 1, "po_number": "PO-2026-00001", "item_count": 1, "po_status": "RECEIVED"}}
{"timestamp": "2026-09-16T07:10:18.037279+00:00", "action": "RECEIVE", "entity": "Inventory", "entity_id": 1, "details": {"product_id": 1, "manufacturer_id": 1, "location_id": 1, "batch_number": "GRN-2026-00001-1", "quantity": 80.0, "status": "OK"}}
{"timestamp": "2026-09-16T07:10:18.044003+00:00", "action": "QC_INSPECT", "entity": "QualityInspection", "entity_id": 1, "details": {"qc_number": "QC-2026-00001", "grn_id": 1, "grn_number": "GRN-2026-00001", "overall_disposition": "ACCEPTED", "item_count": 1}}
{"timestamp": "2026-09-16T07:10:18.075332+00:00", "action": "PO_CREATE", "entity": "PurchaseOrder", "entity_id": 1, "details": {"po_number": "PO-2026-00001", "quotation_id": null, "supplier_id": 1, "item_count": 1, "total_amount": 36875.0}}
{"timestamp": "2026-09-16T07:10:18.076653+00:00", "action": "PO_SEND", "entity": "PurchaseOrder", "entity_id": 1, "details": {"po_number": "PO-2026-00001", "approved_by": "Priya Sharma"}}
{"timestamp": "2026-09-16T07:10:18.077819+00:00", "action": "PO_CONFIRM", "entity": "PurchaseOrder", "entity_id": 1, "details": {"po_number": "PO-2026-00001"}}
{"timestamp": "2026-09-16T07:10:18.085706+00:00", "action": "GRN_CREATE", "entity": "GoodsReceipt", "entity_id": 1, "details": {"grn_number": "GRN-2026-00001", "po_id": 1, "po_number": "PO-2026-00001", "item_count": 1, "po_status": "RECEIVED"}}
{"timestamp": "2026-09-16T07:10:18.136062+00:00", "action": "PO_CREATE", "entity": "PurchaseOrder", "entity_id": 1, "details": {"po_number": "PO-2026-00001", "quotation_id": null, "supplier_id": 1, "item_count": 1, "total_amount": 737.5}}
{"timestamp": "2026-09-16T07:10:18.137577+00:00", "action": "PO_SEND", "entity": "PurchaseOrder", "entity_id": 1, "details": {"po_number": "PO-2026-00001", "approved_by": "Priya Sharma"}}
{"timestamp": "2026-09-16T07:10:18.138711+00:00", "action": "PO_CONFIRM", "entity": "PurchaseOrder", "entity_id": 1, "details": {"po_number": "PO-2026-00001"}}
{"timestamp": "2026-09-16T07:10:18.146416+00:00", "action": "GRN_CREATE", "entity": "GoodsReceipt", "entity_id": 1, "details": {"grn_number": "GRN-2026-00001", "po_id": 1, "po_number": "PO-2026-00001", "item_count": 1, "po_status": "RECEIVED"}}
{"timestamp": "2026-09-16T07:10:18.154765+00:00", "action": "RECEIVE", "entity": "Inventory", "entity_id": 1, "details": {"product_id": 1, "manufacturer_id": 1, "location_id": 1, "batch_number": "GRN-2026-00001-1", "quantity": 10.0, "status": "OK"}}
{"timestamp": "2026-09-16T07:10:18.251264+00:00", "action": "QC_INSPECT", "entity": "QualityInspection", "entity_id": 1, "details": {"qc_number": "QC-2026-00001", "grn_id": 1, "grn_number": "GRN-2026-00001", "overall_disposition": "ACCEPTED", "item_count": 1}}
{"timestamp": "2026-09-16T07:10:18.283435+00:00", "action": "PO_CREATE", "entity": "PurchaseOrder", "entity_id": 1, "details": {"po_number": "PO-2026-00001", "quotation_id": null, "supplier_id": 1, "item_count": 1, "total_amount": 36875.0}}
{"timestamp": "2026-09-16T07:10:18.284965+00:00", "action": "PO_SEND", "entity": "PurchaseOrder", "entity_id": 1, "details": {"po_number": "PO-2026-00001", "approved_by": "Priya Sharma"}}
{"timestamp": "2026-09-16T07:10:18.286182+00:00", "action": "PO_CONFIRM", "entity": "PurchaseOrder", "entity_id": 1, "details": {"po_number": "PO-2026-00001"}}
{"timestamp": "2026-09-16T07:10:18.294398+00:00", "action": "GRN_CREATE", "entity": "GoodsReceipt", "entity_id": 1, "details": {"grn_number": "GRN-2026-00001", "po_id": 1, "po_number": "PO-2026-00001", "item_count": 1, "po_status": "RECEIVED"}}
{"timestamp": "2026-09-16T07:10:18.318710+00:00", "action": "RECEIVE", "entity": "Inventory", "entity_id": 1, "details": {"product_id": 1, "manufacturer_id": 1, "location_id": 1, "batch_number": "TSD-BATCH-77", "quantity": 500.0, "status": "OK"}}
{"timestamp": "2026-09-16T07:10:18.325404+00:00", "action": "QC_INSPECT", "entity": "QualityInspection", "entity_id": 1, "details": {"qc_number": "QC-2026-00001", "grn_id": 1, "grn_number": "GRN-2026-00001", "overall_disposition": "ACCEPTED", "item_count": 1}}
{"timestamp": "2026-09-16T07:10:18.387082+00:00", "action": "PO_CREATE", "entity": "PurchaseOrder", "entity_id": 1, "details": {"po_number": "PO-2026-00001", "quotation_id": null, "supplier_id": 1, "item_count": 1, "total_amount": 14750.0}}
{"timestamp": "2026-09-16T07:10:18.388413+00:00", "action": "PO_SEND", "entity": "PurchaseOrder", "entity_id": 1, "details": {"po_number": "PO-2026-00001", "approved_by": "Priya Sharma"}}
{"timestamp": "2026-09-16T07:10:18.389553+00:00", "action": "PO_CONFIRM", "entity": "PurchaseOrder", "entity_id": 1, "details": {"po_number": "PO-2026-00001"}}
{"timestamp": "2026-09-16T07:10:18.397337+00:00", "action": "GRN_CREATE", "entity": "GoodsReceipt", "entity_id": 1, "details": {"grn_number": "GRN-2026-00001", "po_id": 1, "po_number": "PO-2026-00001", "item_count": 1, "po_status": "RECEIVED"}}
{"timestamp": "2026-09-16T07:10:18.403750+00:00", "action": "RECEIVE", "entity": "Inventory", "entity_id": 1, "details": {"product_id": 1, "manufacturer_id": 1, "location_id": 1, "batch_number": "GRN-2026-00001-1", "quantity": 200.0, "status": "OK"}}
{"timestamp": "2026-09-16T07:10:18.410278+00:00", "action": "QC_INSPECT", "entity": "QualityInspection", "entity_id": 1, "details": {"qc_number": "QC-2026-00001", "grn_id": 1, "grn_number": "GRN-2026-00001", "overall_disposition": "ACCEPTED", "item_count": 1}}
{"timestamp": "2026-09-16T07:10:18.411159+00:00", "action": "GRN_CLOSE", "entity": "GoodsReceipt", "entity_id": 1, "details": {"grn_number": "GRN-2026-00001"}}
{"timestamp": "2026-09-16T07:10:18.440932+00:00", "action": "QUOTATION_INGEST", "entity": "VendorQuotation", "entity_id": 1, "details": {"supplier_id": 1, "rfq_id": null, "source": "OCR_BOT", "item_count": 1, "unmatched_item_count": 0}}
{"timestamp": "2026-09-16T07:10:18.472304+00:00", "action": "QUOTATION_INGEST", "entity": "VendorQuotation", "entity_id": 1, "details": {"supplier_id": 1, "rfq_id": null, "source": "OCR_BOT", "item_count": 1, "unmatched_item_count": 0}}
{"timestamp": "2026-09-16T07:10:18.507570+00:00", "action": "QUOTATION_INGEST", "entity": "VendorQuotation", "entity_id": 1, "details": {"supplier_id": 1, "rfq_id": null, "source": "OCR_BOT", "item_count": 1, "unmatched_item_count": 1}}
{"timestamp": "2026-09-16T07:10:18.540232+00:00", "action": "QUOTATION_INGEST", "entity": "VendorQuotation", "entity_id": 1, "details": {"supplier_id": 1, "rfq_id": null, "source": "OCR_BOT", "item_count": 1, "unmatched_item_count": 0}}
{"timestamp": "2026-09-16T07:10:18.572965+00:00", "action": "QUOTATION_INGEST", "entity": "VendorQuotation", "entity_id": 1, "details": {"supplier_id": 1, "rfq_id": null, "source": "OCR_BOT", "item_count": 2, "unmatched_item_count": 1}}
{"timestamp": "2026-09-16T07:10:18.607049+00:00", "action": "QUOTATION_INGEST", "entity": "VendorQuotation", "entity_id": 1, "details": {"supplier_id": 1, "rfq_id": null, "source": "OCR_BOT", "item_count": 1, "unmatched_item_count": 0}}
{"timestamp": "2026-09-16T07:10:18.608449+00:00", "action": "QUOTATION_REVIEW", "entity": "VendorQuotation", "entity_id": 1, "details": {"reviewed_by": "Priya Sharma"}}
{"timestamp": "2026-09-16T07:10:18.610051+00:00", "action": "QUOTATION_SELECT", "entity": "VendorQuotation", "entity_id": 1, "details": {"rfq_id": null}}
{"timestamp": "2026-09-16T07:10:18.636084+00:00", "action": "RFQ_CREATE", "entity": "RFQ", "entity_id": 1, "details": {"rfq_number": "RFQ-2026-00001", "item_count": 1, "pr_id": null}}
{"timestamp": "2026-09-16T07:10:18.660032+00:00", "action": "RFQ_CREATE", "entity": "RFQ", "entity_id": 1, "details": {"rfq_number": "RFQ-2026-00001", "item_count": 1, "pr_id": null}}
{"timestamp": "2026-09-16T07:10:18.663253+00:00", "action": "RFQ_CREATE", "entity": "RFQ", "entity_id": 2, "details": {"rfq_number": "RFQ-2026-00002", "item_count": 1, "pr_id": null}}
{"timestamp": "2026-09-16T07:10:18.730281+00:00", "action": "RFQ_CREATE", "entity": "RFQ", "entity_id": 1, "details": {"rfq_number": "RFQ-2026-00001", "item_count": 1, "pr_id": null}}
{"timestamp": "2026-09-16T07:10:18.736114+00:00", "action": "RFQ_SEND", "entity": "RFQ", "entity_id": 1, "details": {"rfq_number": "RFQ-2026-00001", "supplier_ids": [1, 2], "channel": "EMAIL"}}
{"timestamp": "2026-09-16T07:10:18.764129+00:00", "action": "RFQ_CREATE", "entity": "RFQ", "entity_id": 1, "details": {"rfq_number": "RFQ-2026-00001", "item_count": 1, "pr_id": null}}
{"timestamp": "2026-09-16T07:10:18.768550+00:00", "action": "RFQ_SEND", "entity": "RFQ", "entity_id": 1, "details": {"rfq_number": "RFQ-2026-00001", "supplier_ids": [1], "channel": "API"}}
{"timestamp": "2026-09-16T07:10:18.795617+00:00", "action": "RFQ_CREATE", "entity": "RFQ", "entity_id": 1, "details": {"rfq_number": "RFQ-2026-00001", "item_count": 1, "pr_id": null}}
{"timestamp": "2026-09-16T07:10:18.825471+00:00", "action": "RFQ_CREATE", "entity": "RFQ", "entity_id": 1, "details": {"rfq_number": "RFQ-2026-00001", "item_count": 1, "pr_id": null}}
{"timestamp": "2026-09-16T07:10:18.830579+00:00", "action": "RFQ_SEND", "entity": "RFQ", "entity_id": 1, "details": {"rfq_number": "RFQ-2026-00001", "supplier_ids": [1, 2], "channel": "API"}}
{"timestamp": "2026-09-16T07:10:18.832359+00:00", "action": "RFQ_CLOSE", "entity": "RFQ", "entity_id": 1, "details": {"rfq_number": "RFQ-2026-00001"}}
{"timestamp": "2026-09-16T07:10:18.856808+00:00", "action": "RFQ_CREATE", "entity": "RFQ", "entity_id": 1, "details": {"rfq_number": "RFQ-2026-00001", "item_count": 1, "pr_id": null}}
{"timestamp": "2026-09-16T07:10:18.890910+00:00", "action": "RFQ_CREATE", "entity": "RFQ", "entity_id": 1, "details": {"rfq_number": "RFQ-2026-00001", "item_count": 1, "pr_id": null}}
{"timestamp": "2026-09-16T07:10:18.895077+00:00", "action": "RFQ_SEND", "entity": "RFQ", "entity_id": 1, "details": {"rfq_number": "RFQ-2026-00001", "supplier_ids": [1], "channel": "API"}}
{"timestamp": "2026-09-16T07:10:20.208621+00:00", "action": "PO_CREATE", "entity": "PurchaseOrder", "entity_id": 1, "details": {"po_number": "PO-2026-00001", "quotation_id": null, "supplier_id": 1, "item_count": 1, "total_amount": 36875.0}}
{"timestamp": "2026-09-16T07:10:20.210182+00:00", "action": "PO_SEND", "entity": "PurchaseOrder", "entity_id": 1, "details": {"po_number": "PO-2026-00001", "approved_by": "Priya Sharma"}}
{"timestamp": "2026-09-16T07:10:20.211375+00:00", "action": "PO_CONFIRM", "entity": "PurchaseOrder", "entity_id": 1, "details": {"po_number": "PO-2026-00001"}}
{"timestamp": "2026-09-16T07:10:20.219824+00:00", "action": "GRN_CREATE", "entity": "GoodsReceipt", "entity_id": 1, "details": {"grn_number": "GRN-2026-00001", "po_id": 1, "po_number": "PO-2026-00001", "item_count": 1, "po_status": "RECEIVED"}}
{"timestamp": "2026-09-16T07:10:20.226450+00:00", "action": "RECEIVE", "entity": "Inventory", "entity_id": 1, "details": {"product_id": 1, "manufacturer_id": 1, "location_id": 1, "batch_number": "GRN-2026-00001-1", "quantity": 500.0, "status": "OK"}}
{"timestamp": "2026-09-16T07:10:20.233705+00:00", "action": "QC_INSPECT", "entity": "QualityInspection", "entity_id": 1, "details": {"qc_number": "QC-2026-00001", "grn_id": 1, "grn_number": "GRN-2026-00001", "overall_disposition": "ACCEPTED", "item_count": 1}}
{"timestamp": "2026-09-16T07:10:20.241445+00:00", "action": "INVOICE_CREATE", "entity": "VendorInvoice", "entity_id": 1, "details": {"po_id": 1, "supplier_id": 1, "item_count": 1}}
{"timestamp": "2026-09-16T07:10:20.292779+00:00", "action": "PO_CREATE", "entity": "PurchaseOrder", "entity_id": 1, "details": {"po_number": "PO-2026-00001", "quotation_id": null, "supplier_id": 1, "item_count": 1, "total_amount": 36875.0}}
{"timestamp": "2026-09-16T07:10:20.294233+00:00", "action": "PO_SEND", "entity": "PurchaseOrder", "entity_id": 1, "details": {"po_number": "PO-2026-00001", "approved_by": "Priya Sharma"}}
{"timestamp": "2026-09-16T07:10:20.295377+00:00", "action": "PO_CONFIRM", "entity": "PurchaseOrder", "entity_id": 1, "details": {"po_number": "PO-2026-00001"}}
{"timestamp": "2026-09-16T07:10:20.303424+00:00", "action": "GRN_CREATE", "entity": "GoodsReceipt", "entity_id": 1, "details": {"grn_number": "GRN-2026-00001", "po_id": 1, "po_number": "PO-2026-00001", "item_count": 1, "po_status": "RECEIVED"}}
{"timestamp": "2026-09-16T07:10:20.310017+00:00", "action": "RECEIVE", "entity": "Inventory", "entity_id": 1, "details": {"product_id": 1, "manufacturer_id": 1, "location_id": 1, "batch_number": "GRN-2026-00001-1", "quantity": 500.0, "status": "OK"}}
{"timestamp": "2026-09-16T07:10:20.318358+00:00", "action": "QC_INSPECT", "entity": "QualityInspection", "entity_id": 1, "details": {"qc_number": "QC-2026-00001", "grn_id": 1, "grn_number": "GRN-2026-00001", "overall_disposition": "ACCEPTED", "item_count": 1}}
{"timestamp": "2026-09-16T07:10:20.369026+00:00", "action": "PO_CREATE", "entity": "PurchaseOrder", "entity_id": 1, "details": {"po_number": "PO-2026-00001", "quotation_id": null, "supplier_id": 1, "item_count": 1, "total_amount": 7375.0}}
{"timestamp": "2026-09-16T07:10:20.370465+00:00", "action": "PO_SEND", "entity": "PurchaseOrder", "entity_id": 1, "details": {"po_number": "PO-2026-00001", "approved_by": "Priya Sharma"}}
{"timestamp": "2026-09-16T07:10:20.371615+00:00", "action": "PO_CONFIRM", "entity": "PurchaseOrder", "entity_id": 1, "details": {"po_number": "PO-2026-00001"}}
{"timestamp": "2026-09-16T07:10:20.381146+00:00", "action": "GRN_CREATE", "entity": "GoodsReceipt", "entity_id": 1, "details": {"grn_number": "GRN-2026-00001", "po_id": 1, "po_number": "PO-2026-00001", "item_count": 1, "po_status": "RECEIVED"}}
{"timestamp": "2026-09-16T07:10:20.387723+00:00", "action": "RECEIVE", "entity": "Inventory", "entity_id": 1, "details": {"product_id": 1, "manufacturer_id": 1, "location_id": 1, "batch_number": "GRN-2026-00001-1", "quantity": 100.0, "status": "OK"}}
{"timestamp": "2026-09-16T07:10:20.394607+00:00", "action": "QC_INSPECT", "entity": "QualityInspection", "entity_id": 1, "details": {"qc_number": "QC-2026-00001", "grn_id": 1, "grn_number": "GRN-2026-00001", "overall_disposition": "ACCEPTED", "item_count": 1}}
{"timestamp": "2026-09-16T07:10:20.397988+00:00", "action": "PO_CREATE", "entity": "PurchaseOrder", "entity_id": 2, "details": {"po_number": "PO-2026-00002", "quotation_id": null, "supplier_id": 1, "item_count": 1, "total_amount": 14750.0}}
{"timestamp": "2026-09-16T07:10:20.399013+00:00", "action": "PO_SEND", "entity": "PurchaseOrder", "entity_id": 2, "details": {"po_number": "PO-2026-00002", "approved_by": "Priya Sharma"}}
{"timestamp": "2026-09-16T07:10:20.399833+00:00", "action": "PO_CONFIRM", "entity": "PurchaseOrder", "entity_id": 2, "details": {"po_number": "PO-2026-00002"}}
{"timestamp": "2026-09-16T07:10:20.404029+00:00", "action": "GRN_CREATE", "entity": "GoodsReceipt", "entity_id": 2, "details": {"grn_number": "GRN-2026-00002", "po_id": 2, "po_number": "PO-2026-00002", "item_count": 1, "po_status": "RECEIVED"}}
{"timestamp": "2026-09-16T07:10:20.407484+00:00", "action": "RECEIVE", "entity": "Inventory", "entity_id": 2, "details": {"product_id": 1, "manufacturer_id": 1, "location_id": 1, "batch_number": "GRN-2026-00002-2", "quantity": 200.0, "status": "OK"}}
{"timestamp": "2026-09-16T07:10:20.411012+00:00", "action": "QC_INSPECT", "entity": "QualityInspection", "entity_id": 2, "details": {"qc_number": "QC-2026-00002", "grn_id": 2, "grn_number": "GRN-2026-00002", "overall_disposition": "ACCEPTED", "item_count": 1}}
{"timestamp": "2026-09-16T07:10:20.486173+00:00", "action": "PO_CREATE", "entity": "PurchaseOrder", "entity_id": 1, "details": {"po_number": "PO-2026-00001", "quotation_id": null, "supplier_id": 1, "item_count": 1, "total_amount": 36875.0}}
{"timestamp": "2026-09-16T07:10:20.487586+00:00", "action": "PO_SEND", "entity": "PurchaseOrder", "entity_id": 1, "details": {"po_number": "PO-2026-00001", "approved_by": "Priya Sharma"}}
{"timestamp": "2026-09-16T07:10:20.488753+00:00", "action": "PO_CONFIRM", "entity": "PurchaseOrder", "entity_id": 1, "details": {"po_number": "PO-2026-00001"}}
{"timestamp": "2026-09-16T07:10:20.496873+00:00", "action": "GRN_CREATE", "entity": "GoodsReceipt", "entity_id": 1, "details": {"grn_number": "GRN-2026-00001", "po_id": 1, "po_number": "PO-2026-00001", "item_count": 1, "po_status": "RECEIVED"}}
{"timestamp": "2026-09-16T07:10:20.503247+00:00", "action": "RECEIVE", "entity": "Inventory", "entity_id": 1, "details": {"product_id": 1, "manufacturer_id": 1, "location_id": 1, "batch_number": "GRN-2026-00001-1", "quantity": 500.0, "status": "OK"}}
{"timestamp": "2026-09-16T07:10:20.510246+00:00", "action": "QC_INSPECT", "entity": "QualityInspection", "entity_id": 1, "details": {"qc_number": "QC-2026-00001", "grn_id": 1, "grn_number": "GRN-2026-00001", "overall_disposition": "ACCEPTED", "item_count": 1}}
{"timestamp": "2026-09-16T07:10:20.517900+00:00", "action": "INVOICE_INGEST", "entity": "VendorInvoice", "entity_id": 1, "details": {"po_id": 1, "supplier_id": 1, "source": "OCR_BOT", "item_count": 1, "unmatched_item_count": 0}}
{"timestamp": "2026-09-16T07:10:20.566026+00:00", "action": "PO_CREATE", "entity": "PurchaseOrder", "entity_id": 1, "details": {"po_number": "PO-2026-00001", "quotation_id": null, "supplier_id": 1, "item_count": 1, "total_amount": 36875.0}}
{"timestamp": "2026-09-16T07:10:20.567404+00:00", "action": "PO_SEND", "entity": "PurchaseOrder", "entity_id": 1, "details": {"po_number": "PO-2026-00001", "approved_by": "Priya Sharma"}}
{"timestamp": "2026-09-16T07:10:20.568503+00:00", "action": "PO_CONFIRM", "entity": "PurchaseOrder", "entity_id": 1, "details": {"po_number": "PO-2026-00001"}}
{"timestamp": "2026-09-16T07:10:20.577600+00:00", "action": "GRN_CREATE", "entity": "GoodsReceipt", "entity_id": 1, "details": {"grn_number": "GRN-2026-00001", "po_id": 1, "po_number": "PO-2026-00001", "item_count": 1, "po_status": "RECEIVED"}}
{"timestamp": "2026-09-16T07:10:20.584057+00:00", "action": "RECEIVE", "entity": "Inventory", "entity_id": 1, "details": {"product_id": 1, "manufacturer_id": 1, "location_id": 1, "batch_number": "GRN-2026-00001-1", "quantity": 500.0, "status": "OK"}}
{"timestamp": "2026-09-16T07:10:20.591297+00:00", "action": "QC_INSPECT", "entity": "QualityInspection", "entity_id": 1, "details": {"qc_number": "QC-2026-00001", "grn_id": 1, "grn_number": "GRN-2026-00001", "overall_disposition": "ACCEPTED", "item_count": 1}}
{"timestamp": "2026-09-16T07:10:20.597885+00:00", "action": "INVOICE_INGEST", "entity": "VendorInvoice", "entity_id": 1, "details": {"po_id": 1, "supplier_id": 1, "source": "OCR_BOT", "item_count": 1, "unmatched_item_count": 1}}
{"timestamp": "2026-09-16T07:10:20.647633+00:00", "action": "PO_CREATE", "entity": "PurchaseOrder", "entity_id": 1, "details": {"po_number": "PO-2026-00001", "quotation_id": null, "supplier_id": 1, "item_count": 1, "total_amount": 36875.0}}
{"timestamp": "2026-09-16T07:10:20.649071+00:00", "action": "PO_SEND", "entity": "PurchaseOrder", "entity_id": 1, "details": {"po_number": "PO-2026-00001", "approved_by": "Priya Sharma"}}
{"timestamp": "2026-09-16T07:10:20.650334+00:00", "action": "PO_CONFIRM", "entity": "PurchaseOrder", "entity_id": 1, "details": {"po_number": "PO-2026-00001"}}
{"timestamp": "2026-09-16T07:10:20.658453+00:00", "action": "GRN_CREATE", "entity": "GoodsReceipt", "entity_id": 1, "details": {"grn_number": "GRN-2026-00001", "po_id": 1, "po_number": "PO-2026-00001", "item_count": 1, "po_status": "RECEIVED"}}
{"timestamp": "2026-09-16T07:10:20.664673+00:00", "action": "RECEIVE", "entity": "Inventory", "entity_id": 1, "details": {"product_id": 1, "manufacturer_id": 1, "location_id": 1, "batch_number": "GRN-2026-00001-1", "quantity": 500.0, "status": "OK"}}
{"timestamp": "2026-09-16T07:10:20.671754+00:00", "action": "QC_INSPECT", "entity": "QualityInspection", "entity_id": 1, "details": {"qc_number": "QC-2026-00001", "grn_id": 1, "grn_number": "GRN-2026-00001", "overall_disposition": "ACCEPTED", "item_count": 1}}
{"timestamp": "2026-09-16T07:10:20.678184+00:00", "action": "INVOICE_INGEST", "entity": "VendorInvoice", "entity_id": 1, "details": {"po_id": 1, "supplier_id": 1, "source": "OCR_BOT", "item_count": 1, "unmatched_item_count": 1}}
{"timestamp": "2026-09-16T07:10:20.838594+00:00", "action": "PO_CREATE", "entity": "PurchaseOrder", "entity_id": 1, "details": {"po_number": "PO-2026-00001", "quotation_id": null, "supplier_id": 1, "item_count": 1, "total_amount": 36875.0}}
{"timestamp": "2026-09-16T07:10:20.839975+00:00", "action": "PO_SEND", "entity": "PurchaseOrder", "entity_id": 1, "details": {"po_number": "PO-2026-00001", "approved_by": "Priya Sharma"}}
{"timestamp": "2026-09-16T07:10:20.841063+00:00", "action": "PO_CONFIRM", "entity": "PurchaseOrder", "entity_id": 1, "details": {"po_number": "PO-2026-00001"}}
{"timestamp": "2026-09-16T07:10:20.848987+00:00", "action": "GRN_CREATE", "entity": "GoodsReceipt", "entity_id": 1, "details": {"grn_number": "GRN-2026-00001", "po_id": 1, "po_number": "PO-2026-00001", "item_count": 1, "po_status": "RECEIVED"}}
{"timestamp": "2026-09-16T07:10:20.855966+00:00", "action": "RECEIVE", "entity": "Inventory", "entity_id": 1, "details": {"product_id": 1, "manufacturer_id": 1, "location_id": 1, "batch_number": "GRN-2026-00001-1", "quantity": 500.0, "status": "OK"}}
{"timestamp": "2026-09-16T07:10:20.864075+00:00", "action": "QC_INSPECT", "entity": "QualityInspection", "entity_id": 1, "details": {"qc_number": "QC-2026-00001", "grn_id": 1, "grn_number": "GRN-2026-00001", "overall_disposition": "ACCEPTED", "item_count": 1}}
{"timestamp": "2026-09-16T07:10:20.871191+00:00", "action": "INVOICE_INGEST", "entity": "VendorInvoice", "entity_id": 1, "details": {"po_id": 1, "supplier_id": 1, "source": "OCR_BOT", "item_count": 1, "unmatched_item_count": 1}}
{"timestamp": "2026-09-16T07:10:20.873407+00:00", "action": "INVOICE_ITEM_UPDATE", "entity": "VendorInvoice", "entity_id": 1, "details": {"item_id": 1, "fields": ["po_item_id"]}}
{"timestamp": "2026-09-16T07:10:20.876404+00:00", "action": "INVOICE_MATCH", "entity": "VendorInvoice", "entity_id": 1, "details": {"matched_by": "Accounts Clerk", "result": "MATCHED"}}
{"timestamp": "2026-09-16T07:10:20.925714+00:00", "action": "PO_CREATE", "entity": "PurchaseOrder", "entity_id": 1, "details": {"po_number": "PO-2026-00001", "quotation_id": null, "supplier_id": 1, "item_count": 1, "total_amount": 36875.0}}
{"timestamp": "2026-09-16T07:10:20.927113+00:00", "action": "PO_SEND", "entity": "PurchaseOrder", "entity_id": 1, "details": {"po_number": "PO-2026-00001", "approved_by": "Priya Sharma"}}
{"timestamp": "2026-09-16T07:10:20.928220+00:00", "action": "PO_CONFIRM", "entity": "PurchaseOrder", "entity_id": 1, "details": {"po_number": "PO-2026-00001"}}
{"timestamp": "2026-09-16T07:10:20.937337+00:00", "action": "GRN_CREATE", "entity": "GoodsReceipt", "entity_id": 1, "details": {"grn_number": "GRN-2026-00001", "po_id": 1, "po_number": "PO-2026-00001", "item_count": 1, "po_status": "PARTIALLY_RECEIVED"}}
{"timestamp": "2026-09-16T07:10:20.942008+00:00", "action": "GRN_CREATE", "entity": "GoodsReceipt", "entity_id": 2, "details": {"grn_number": "GRN-2026-00002", "po_id": 1, "po_number": "PO-2026-00001", "item_count": 1, "po_status": "RECEIVED"}}
{"timestamp": "2026-09-16T07:10:20.947794+00:00", "action": "INVOICE_CREATE", "entity": "VendorInvoice", "entity_id": 1, "details": {"po_id": 1, "supplier_id": 1, "item_count": 1}}
{"timestamp": "2026-09-16T07:10:21.012866+00:00", "action": "PO_CREATE", "entity": "PurchaseOrder", "entity_id": 1, "details": {"po_number": "PO-2026-00001", "quotation_id": null, "supplier_id": 1, "item_count": 1, "total_amount": 36875.0}}
{"timestamp": "2026-09-16T07:10:21.014320+00:00", "action": "PO_SEND", "entity": "PurchaseOrder", "entity_id": 1, "details": {"po_number": "PO-2026-00001", "approved_by": "Priya Sharma"}}
{"timestamp": "2026-09-16T07:10:21.015456+00:00", "action": "PO_CONFIRM", "entity": "PurchaseOrder", "entity_id": 1, "details": {"po_number": "PO-2026-00001"}}
{"timestamp": "2026-09-16T07:10:21.023603+00:00", "action": "GRN_CREATE", "entity": "GoodsReceipt", "entity_id": 1, "details": {"grn_number": "GRN-2026-00001", "po_id": 1, "po_number": "PO-2026-00001", "item_count": 1, "po_status": "RECEIVED"}}
{"timestamp": "2026-09-16T07:10:21.029928+00:00", "action": "RECEIVE", "entity": "Inventory", "entity_id": 1, "details": {"product_id": 1, "manufacturer_id": 1, "location_id": 1, "batch_number": "GRN-2026-00001-1", "quantity": 500.0, "status": "OK"}}
{"timestamp": "2026-09-16T07:10:21.036851+00:00", "action": "QC_INSPECT", "entity": "QualityInspection", "entity_id": 1, "details": {"qc_number": "QC-2026-00001", "grn_id": 1, "grn_number": "GRN-2026-00001", "overall_disposition": "ACCEPTED", "item_count": 1}}
{"timestamp": "2026-09-16T07:10:21.043086+00:00", "action": "INVOICE_CREATE", "entity": "VendorInvoice", "entity_id": 1, "details": {"po_id": 1, "supplier_id": 1, "item_count": 1}}
{"timestamp": "2026-09-16T07:10:21.045949+00:00", "action": "INVOICE_MATCH", "entity": "VendorInvoice", "entity_id": 1, "details": {"matched_by": "Accounts Clerk", "result": "MATCHED"}}
{"timestamp": "2026-09-16T07:10:21.095477+00:00", "action": "PO_CREATE", "entity": "PurchaseOrder", "entity_id": 1, "details": {"po_number": "PO-2026-00001", "quotation_id": null, "supplier_id": 1, "item_count": 1, "total_amount": 36875.0}}
{"timestamp": "2026-09-16T07:10:21.096805+00:00", "action": "PO_SEND", "entity": "PurchaseOrder", "entity_id": 1, "details": {"po_number": "PO-2026-00001", "approved_by": "Priya Sharma"}}
{"timestamp": "2026-09-16T07:10:21.097920+00:00", "action": "PO_CONFIRM", "entity": "PurchaseOrder", "entity_id": 1, "details": {"po_number": "PO-2026-00001"}}
{"timestamp": "2026-09-16T07:10:21.105720+00:00", "action": "GRN_CREATE", "entity": "GoodsReceipt", "entity_id": 1, "details": {"grn_number": "GRN-2026-00001", "po_id": 1, "po_number": "PO-2026-00001", "item_count": 1, "po_status": "RECEIVED"}}
{"timestamp": "2026-09-16T07:10:21.112127+00:00", "action": "RECEIVE", "entity": "Inventory", "entity_id": 1, "details": {"product_id": 1, "manufacturer_id": 1, "location_id": 1, "batch_number": "GRN-2026-00001-1", "quantity": 500.0, "status": "OK"}}
{"timestamp": "2026-09-16T07:10:21.120502+00:00", "action": "QC_INSPECT", "entity": "QualityInspection", "entity_id": 1, "details": {"qc_number": "QC-2026-00001", "grn_id": 1, "grn_number": "GRN-2026-00001", "overall_disposition": "ACCEPTED", "item_count": 1}}
{"timestamp": "2026-09-16T07:10:21.126648+00:00", "action": "INVOICE_CREATE", "entity": "VendorInvoice", "entity_id": 1, "details": {"po_id": 1, "supplier_id": 1, "item_count": 1}}
{"timestamp": "2026-09-16T07:10:21.129411+00:00", "action": "INVOICE_MATCH", "entity": "VendorInvoice", "entity_id": 1, "details": {"matched_by": "Accounts Clerk", "result": "MISMATCH"}}
{"timestamp": "2026-09-16T07:10:21.178565+00:00", "action": "PO_CREATE", "entity": "PurchaseOrder", "entity_id": 1, "details": {"po_number": "PO-2026-00001", "quotation_id": null, "supplier_id": 1, "item_count": 1, "total_amount": 36875.0}}
{"timestamp": "2026-09-16T07:10:21.179979+00:00", "action": "PO_SEND", "entity": "PurchaseOrder", "entity_id": 1, "details": {"po_number": "PO-2026-00001", "approved_by": "Priya Sharma"}}
{"timestamp": "2026-09-16T07:10:21.181145+00:00", "action": "PO_CONFIRM", "entity": "PurchaseOrder", "entity_id": 1, "details": {"po_number": "PO-2026-00001"}}
{"timestamp": "2026-09-16T07:10:21.188892+00:00", "action": "GRN_CREATE", "entity": "GoodsReceipt", "entity_id": 1, "details": {"grn_number": "GRN-2026-00001", "po_id": 1, "po_number": "PO-2026-00001", "item_count": 1, "po_status": "RECEIVED"}}
{"timestamp": "2026-09-16T07:10:21.195306+00:00", "action": "RECEIVE", "entity": "Inventory", "entity_id": 1, "details": {"product_id": 1, "manufacturer_id": 1, "location_id": 1, "batch_number": "GRN-2026-00001-1", "quantity": 500.0, "status": "OK"}}
{"timestamp": "2026-09-16T07:10:21.202258+00:00", "action": "QC_INSPECT", "entity": "QualityInspection", "entity_id": 1, "details": {"qc_number": "QC-2026-00001", "grn_id": 1, "grn_number": "GRN-2026-00001", "overall_disposition": "ACCEPTED", "item_count": 1}}
{"timestamp": "2026-09-16T07:10:21.208299+00:00", "action": "INVOICE_CREATE", "entity": "VendorInvoice", "entity_id": 1, "details": {"po_id": 1, "supplier_id": 1, "item_count": 1}}
{"timestamp": "2026-09-16T07:10:21.211049+00:00", "action": "INVOICE_MATCH", "entity": "VendorInvoice", "entity_id": 1, "details": {"matched_by": "Accounts Clerk", "result": "MISMATCH"}}
{"timestamp": "2026-09-16T07:10:21.259529+00:00", "action": "PO_CREATE", "entity": "PurchaseOrder", "entity_id": 1, "details": {"po_number": "PO-2026-00001", "quotation_id": null, "supplier_id": 1, "item_count": 1, "total_amount": 36875.0}}
{"timestamp": "2026-09-16T07:10:21.260825+00:00", "action": "PO_SEND", "entity": "PurchaseOrder", "entity_id": 1, "details": {"po_number": "PO-2026-00001", "approved_by": "Priya Sharma"}}
{"timestamp": "2026-09-16T07:10:21.261949+00:00", "action": "PO_CONFIRM", "entity": "PurchaseOrder", "entity_id": 1, "details": {"po_number": "PO-2026-00001"}}
{"timestamp": "2026-09-16T07:10:21.269752+00:00", "action": "GRN_CREATE", "entity": "GoodsReceipt", "entity_id": 1, "details": {"grn_number": "GRN-2026-00001", "po_id": 1, "po_number": "PO-2026-00001", "item_count": 1, "po_status": "RECEIVED"}}
{"timestamp": "2026-09-16T07:10:21.275952+00:00", "action": "RECEIVE", "entity": "Inventory", "entity_id": 1, "details": {"product_id": 1, "manufacturer_id": 1, "location_id": 1, "batch_number": "GRN-2026-00001-1", "quantity": 500.0, "status": "OK"}}
{"timestamp": "2026-09-16T07:10:21.282779+00:00", "action": "QC_INSPECT", "entity": "QualityInspection", "entity_id": 1, "details": {"qc_number": "QC-2026-00001", "grn_id": 1, "grn_number": "GRN-2026-00001", "overall_disposition": "ACCEPTED", "item_count": 1}}
{"timestamp": "2026-09-16T07:10:21.289796+00:00", "action": "INVOICE_CREATE", "entity": "VendorInvoice", "entity_id": 1, "details": {"po_id": 1, "supplier_id": 1, "item_count": 1}}
{"timestamp": "2026-09-16T07:10:21.292540+00:00", "action": "INVOICE_MATCH", "entity": "VendorInvoice", "entity_id": 1, "details": {"matched_by": "Accounts Clerk", "result": "MISMATCH"}}
{"timestamp": "2026-09-16T07:10:21.294613+00:00", "action": "INVOICE_ITEM_UPDATE", "entity": "VendorInvoice", "entity_id": 1, "details": {"item_id": 1, "fields": ["quantity"]}}
{"timestamp": "2026-09-16T07:10:21.297590+00:00", "action": "INVOICE_MATCH", "entity": "VendorInvoice", "entity_id": 1, "details": {"matched_by": "Accounts Clerk", "result": "MATCHED"}}
{"timestamp": "2026-09-16T07:10:21.329229+00:00", "action": "PO_CREATE", "entity": "PurchaseOrder", "entity_id": 1, "details": {"po_number": "PO-2026-00001", "quotation_id": null, "supplier_id": 1, "item_count": 1, "total_amount": 36875.0}}
{"timestamp": "2026-09-16T07:10:21.330588+00:00", "action": "PO_SEND", "entity": "PurchaseOrder", "entity_id": 1, "details": {"po_number": "PO-2026-00001", "approved_by": "Priya Sharma"}}
{"timestamp": "2026-09-16T07:10:21.331672+00:00", "action": "PO_CONFIRM", "entity": "PurchaseOrder", "entity_id": 1, "details": {"po_number": "PO-2026-00001"}}
{"timestamp": "2026-09-16T07:10:21.337364+00:00", "action": "INVOICE_CREATE", "entity": "VendorInvoice", "entity_id": 1, "details": {"po_id": 1, "supplier_id": 1, "item_count": 1}}
{"timestamp": "2026-09-16T07:10:21.388733+00:00", "action": "PO_CREATE", "entity": "PurchaseOrder", "entity_id": 1, "details": {"po_number": "PO-2026-00001", "quotation_id": null, "supplier_id": 1, "item_count": 2, "total_amount": 45135.0}}
{"timestamp": "2026-09-16T07:10:21.390351+00:00", "action": "PO_SEND", "entity": "PurchaseOrder", "entity_id": 1, "details": {"po_number": "PO-2026-00001", "approved_by": "Priya Sharma"}}
{"timestamp": "2026-09-16T07:10:21.391493+00:00", "action": "PO_CONFIRM", "entity": "PurchaseOrder", "entity_id": 1, "details": {"po_number": "PO-2026-00001"}}
{"timestamp": "2026-09-16T07:10:21.399336+00:00", "action": "GRN_CREATE", "entity": "GoodsReceipt", "entity_id": 1, "details": {"grn_number": "GRN-2026-00001", "po_id": 1, "po_number": "PO-2026-00001", "item_count": 1, "po_status": "PARTIALLY_RECEIVED"}}
{"timestamp": "2026-09-16T07:10:21.405182+00:00", "action": "INVOICE_CREATE", "entity": "VendorInvoice", "entity_id": 1, "details": {"po_id": 1, "supplier_id": 1, "item_count": 2}}
{"timestamp": "2026-09-16T07:10:21.408172+00:00", "action": "INVOICE_MATCH", "entity": "VendorInvoice", "entity_id": 1, "details": {"matched_by": "Accounts Clerk", "result": "MISMATCH"}}
{"timestamp": "2026-09-16T07:10:21.455881+00:00", "action": "PO_CREATE", "entity": "PurchaseOrder", "entity_id": 1, "details": {"po_number": "PO-2026-00001", "quotation_id": null, "supplier_id": 1, "item_count": 1, "total_amount": 36875.0}}
{"timestamp": "2026-09-16T07:10:21.457369+00:00", "action": "PO_SEND", "entity": "PurchaseOrder", "entity_id": 1, "details": {"po_number": "PO-2026-00001", "approved_by": "Priya Sharma"}}
{"timestamp": "2026-09-16T07:10:21.458540+00:00", "action": "PO_CONFIRM", "entity": "PurchaseOrder", "entity_id": 1, "details": {"po_number": "PO-2026-00001"}}
{"timestamp": "2026-09-16T07:10:21.466242+00:00", "action": "GRN_CREATE", "entity": "GoodsReceipt", "entity_id": 1, "details": {"grn_number": "GRN-2026-00001", "po_id": 1, "po_number": "PO-2026-00001", "item_count": 1, "po_status": "RECEIVED"}}
{"timestamp": "2026-09-16T07:10:21.472637+00:00", "action": "RECEIVE", "entity": "Inventory", "entity_id": 1, "details": {"product_id": 1, "manufacturer_id": 1, "location_id": 1, "batch_number": "GRN-2026-00001-1", "quantity": 500.0, "status": "OK"}}
{"timestamp": "2026-09-16T07:10:21.480739+00:00", "action": "QC_INSPECT", "entity": "QualityInspection", "entity_id": 1, "details": {"qc_number": "QC-2026-00001", "grn_id": 1, "grn_number": "GRN-2026-00001", "overall_disposition": "ACCEPTED", "item_count": 1}}
{"timestamp": "2026-09-16T07:10:21.602687+00:00", "action": "INVOICE_CREATE", "entity": "VendorInvoice", "entity_id": 1, "details": {"po_id": 1, "supplier_id": 1, "item_count": 1}}
{"timestamp": "2026-09-16T07:10:21.649614+00:00", "action": "PO_CREATE", "entity": "PurchaseOrder", "entity_id": 1, "details": {"po_number": "PO-2026-00001", "quotation_id": null, "supplier_id": 1, "item_count": 1, "total_amount": 36875.0}}
{"timestamp": "2026-09-16T07:10:21.650994+00:00", "action": "PO_SEND", "entity": "PurchaseOrder", "entity_id": 1, "details": {"po_number": "PO-2026-00001", "approved_by": "Priya Sharma"}}
{"timestamp": "2026-09-16T07:10:21.652352+00:00", "action": "PO_CONFIRM", "entity": "PurchaseOrder", "entity_id": 1, "details": {"po_number": "PO-2026-00001"}}
{"timestamp": "2026-09-16T07:10:21.661225+00:00", "action": "GRN_CREATE", "entity": "GoodsReceipt", "entity_id": 1, "details": {"grn_number": "GRN-2026-00001", "po_id": 1, "po_number": "PO-2026-00001", "item_count": 1, "po_status": "RECEIVED"}}
{"timestamp": "2026-09-16T07:10:21.667632+00:00", "action": "RECEIVE", "entity": "Inventory", "entity_id": 1, "details": {"product_id": 1, "manufacturer_id": 1, "location_id": 1, "batch_number": "GRN-2026-00001-1", "quantity": 500.0, "status": "OK"}}
{"timestamp": "2026-09-16T07:10:21.674360+00:00", "action": "QC_INSPECT", "entity": "QualityInspection", "entity_id": 1, "details": {"qc_number": "QC-2026-00001", "grn_id": 1, "grn_number": "GRN-2026-00001", "overall_disposition": "ACCEPTED", "item_count": 1}}
{"timestamp": "2026-09-16T07:10:21.680198+00:00", "action": "INVOICE_CREATE", "entity": "VendorInvoice", "entity_id": 1, "details": {"po_id": 1, "supplier_id": 1, "item_count": 1}}
{"timestamp": "2026-09-16T07:10:21.683057+00:00", "action": "INVOICE_MATCH", "entity": "VendorInvoice", "entity_id": 1, "details": {"matched_by": "Accounts Clerk", "result": "MATCHED"}}
{"timestamp": "2026-09-16T07:10:21.684299+00:00", "action": "INVOICE_APPROVE_PAYMENT", "entity": "VendorInvoice", "entity_id": 1, "details": {"approved_by": "Finance Manager"}}
{"timestamp": "2026-09-16T07:10:21.685470+00:00", "action": "INVOICE_MARK_PAID", "entity": "VendorInvoice", "entity_id": 1, "details": {"paid_by": "Finance Manager"}}
{"timestamp": "2026-09-16T07:10:21.733348+00:00", "action": "PO_CREATE", "entity": "PurchaseOrder", "entity_id": 1, "details": {"po_number": "PO-2026-00001", "quotation_id": null, "supplier_id": 1, "item_count": 1, "total_amount": 36875.0}}
{"timestamp": "2026-09-16T07:10:21.734813+00:00", "action": "PO_SEND", "entity": "PurchaseOrder", "entity_id": 1, "details": {"po_number": "PO-2026-00001", "approved_by": "Priya Sharma"}}
{"timestamp": "2026-09-16T07:10:21.735933+00:00", "action": "PO_CONFIRM", "entity": "PurchaseOrder", "entity_id": 1, "details": {"po_number": "PO-2026-00001"}}
{"timestamp": "2026-09-16T07:10:21.743731+00:00", "action": "GRN_CREATE", "entity": "GoodsReceipt", "entity_id": 1, "details": {"grn_number": "GRN-2026-00001", "po_id": 1, "po_number": "PO-2026-00001", "item_count": 1, "po_status": "RECEIVED"}}
{"timestamp": "2026-09-16T07:10:21.750232+00:00", "action": "RECEIVE", "entity": "Inventory", "entity_id": 1, "details": {"product_id": 1, "manufacturer_id": 1, "location_id": 1, "batch_number": "GRN-2026-00001-1", "quantity": 500.0, "status": "OK"}}
{"timestamp": "2026-09-16T07:10:21.756936+00:00", "action": "QC_INSPECT", "entity": "QualityInspection", "entity_id": 1, "details": {"qc_number": "QC-2026-00001", "grn_id": 1, "grn_number": "GRN-2026-00001", "overall_disposition": "ACCEPTED", "item_count": 1}}
{"timestamp": "2026-09-16T07:10:21.762628+00:00", "action": "INVOICE_CREATE", "entity": "VendorInvoice", "entity_id": 1, "details": {"po_id": 1, "supplier_id": 1, "item_count": 1}}
{"timestamp": "2026-09-16T07:10:21.811143+00:00", "action": "PO_CREATE", "entity": "PurchaseOrder", "entity_id": 1, "details": {"po_number": "PO-2026-00001", "quotation_id": null, "supplier_id": 1, "item_count": 1, "total_amount": 36875.0}}
{"timestamp": "2026-09-16T07:10:21.812501+00:00", "action": "PO_SEND", "entity": "PurchaseOrder", "entity_id": 1, "details": {"po_number": "PO-2026-00001", "approved_by": "Priya Sharma"}}
{"timestamp": "2026-09-16T07:10:21.813658+00:00", "action": "PO_CONFIRM", "entity": "PurchaseOrder", "entity_id": 1, "details": {"po_number": "PO-2026-00001"}}
{"timestamp": "2026-09-16T07:10:21.821758+00:00", "action": "GRN_CREATE", "entity": "GoodsReceipt", "entity_id": 1, "details": {"grn_number": "GRN-2026-00001", "po_id": 1, "po_number": "PO-2026-00001", "item_count": 1, "po_status": "RECEIVED"}}
{"timestamp": "2026-09-16T07:10:21.829690+00:00", "action": "RECEIVE", "entity": "Inventory", "entity_id": 1, "details": {"product_id": 1, "manufacturer_id": 1, "location_id": 1, "batch_number": "GRN-2026-00001-1", "quantity": 500.0, "status": "OK"}}
{"timestamp": "2026-09-16T07:10:21.836537+00:00", "action": "QC_INSPECT", "entity": "QualityInspection", "entity_id": 1, "details": {"qc_number": "QC-2026-00001", "grn_id": 1, "grn_number": "GRN-2026-00001", "overall_disposition": "ACCEPTED", "item_count": 1}}
{"timestamp": "2026-09-16T07:10:21.842996+00:00", "action": "INVOICE_CREATE", "entity": "VendorInvoice", "entity_id": 1, "details": {"po_id": 1, "supplier_id": 1, "item_count": 1}}
{"timestamp": "2026-09-16T07:10:21.845852+00:00", "action": "INVOICE_MATCH", "entity": "VendorInvoice", "entity_id": 1, "details": {"matched_by": "Accounts Clerk", "result": "MATCHED"}}
{"timestamp": "2026-09-16T07:10:21.894642+00:00", "action": "PO_CREATE", "entity": "PurchaseOrder", "entity_id": 1, "details": {"po_number": "PO-2026-00001", "quotation_id": null, "supplier_id": 1, "item_count": 1, "total_amount": 36875.0}}
{"timestamp": "2026-09-16T07:10:21.895959+00:00", "action": "PO_SEND", "entity": "PurchaseOrder", "entity_id": 1, "details": {"po_number": "PO-2026-00001", "approved_by": "Priya Sharma"}}
{"timestamp": "2026-09-16T07:10:21.897072+00:00", "action": "PO_CONFIRM", "entity": "PurchaseOrder", "entity_id": 1, "details": {"po_number": "PO-2026-00001"}}
{"timestamp": "2026-09-16T07:10:21.904984+00:00", "action": "GRN_CREATE", "entity": "GoodsReceipt", "entity_id": 1, "details": {"grn_number": "GRN-2026-00001", "po_id": 1, "po_number": "PO-2026-00001", "item_count": 1, "po_status": "RECEIVED"}}
{"timestamp": "2026-09-16T07:10:21.911256+00:00", "action": "RECEIVE", "entity": "Inventory", "entity_id": 1, "details": {"product_id": 1, "manufacturer_id": 1, "location_id": 1, "batch_number": "GRN-2026-00001-1", "quantity": 500.0, "status": "OK"}}
{"timestamp": "2026-09-16T07:10:21.917977+00:00", "action": "QC_INSPECT", "entity": "QualityInspection", "entity_id": 1, "details": {"qc_number": "QC-2026-00001", "grn_id": 1, "grn_number": "GRN-2026-00001", "overall_disposition": "ACCEPTED", "item_count": 1}}
{"timestamp": "2026-09-16T07:10:21.923959+00:00", "action": "INVOICE_CREATE", "entity": "VendorInvoice", "entity_id": 1, "details": {"po_id": 1, "supplier_id": 1, "item_count": 1}}
{"timestamp": "2026-09-16T07:10:21.955514+00:00", "action": "QUOTATION_CREATE", "entity": "VendorQuotation", "entity_id": 1, "details": {"supplier_id": 1, "rfq_id": null, "item_count": 1}}
{"timestamp": "2026-09-16T07:10:21.983926+00:00", "action": "RFQ_CREATE", "entity": "RFQ", "entity_id": 1, "details": {"rfq_number": "RFQ-2026-00001", "item_count": 1, "pr_id": null}}
{"timestamp": "2026-09-16T07:10:21.988938+00:00", "action": "RFQ_SEND", "entity": "RFQ", "entity_id": 1, "details": {"rfq_number": "RFQ-2026-00001", "supplier_ids": [1, 2], "channel": "API"}}
{"timestamp": "2026-09-16T07:10:21.998019+00:00", "action": "QUOTATION_CREATE", "entity": "VendorQuotation", "entity_id": 1, "details": {"supplier_id": 1, "rfq_id": 1, "item_count": 1}}
{"timestamp": "2026-09-16T07:10:22.046946+00:00", "action": "QUOTATION_CREATE", "entity": "VendorQuotation", "entity_id": 1, "details": {"supplier_id": 1, "rfq_id": null, "item_count": 1}}
{"timestamp": "2026-09-16T07:10:22.048406+00:00", "action": "QUOTATION_SELECT", "entity": "VendorQuotation", "entity_id": 1, "details": {"rfq_id": null}}
{"timestamp": "2026-09-16T07:10:22.075637+00:00", "action": "QUOTATION_CREATE", "entity": "VendorQuotation", "entity_id": 1, "details": {"supplier_id": 1, "rfq_id": null, "item_count": 1}}
{"timestamp": "2026-09-16T07:10:22.104311+00:00", "action": "QUOTATION_CREATE", "entity": "VendorQuotation", "entity_id": 1, "details": {"supplier_id": 1, "rfq_id": null, "item_count": 1}}
{"timestamp": "2026-09-16T07:10:22.133419+00:00", "action": "RFQ_CREATE", "entity": "RFQ", "entity_id": 1, "details": {"rfq_number": "RFQ-2026-00001", "item_count": 1, "pr_id": null}}
{"timestamp": "2026-09-16T07:10:22.138245+00:00", "action": "RFQ_SEND", "entity": "RFQ", "entity_id": 1, "details": {"rfq_number": "RFQ-2026-00001", "supplier_ids": [1, 2], "channel": "API"}}
{"timestamp": "2026-09-16T07:10:22.146786+00:00", "action": "QUOTATION_CREATE", "entity": "VendorQuotation", "entity_id": 1, "details": {"supplier_id": 1, "rfq_id": 1, "item_count": 1}}
{"timestamp": "2026-09-16T07:10:22.151119+00:00", "action": "QUOTATION_CREATE", "entity": "VendorQuotation", "entity_id": 2, "details": {"supplier_id": 2, "rfq_id": 1, "item_count": 1}}
{"timestamp": "2026-09-16T07:10:22.155455+00:00", "action": "QUOTATION_SELECT", "entity": "VendorQuotation", "entity_id": 1, "details": {"rfq_id": 1}}
{"timestamp": "2026-09-16T07:10:22.183615+00:00", "action": "QUOTATION_CREATE", "entity": "VendorQuotation", "entity_id": 1, "details": {"supplier_id": 1, "rfq_id": null, "item_count": 1}}
{"timestamp": "2026-09-16T07:10:22.184894+00:00", "action": "QUOTATION_REJECT", "entity": "VendorQuotation", "entity_id": 1, "details": {"rejected_by": "Priya Sharma", "reason": "Rate too high vs. last PO"}}
{"timestamp": "2026-09-16T07:10:22.211529+00:00", "action": "QUOTATION_CREATE", "entity": "VendorQuotation", "entity_id": 1, "details": {"supplier_id": 1, "rfq_id": null, "item_count": 1}}
{"timestamp": "2026-09-16T07:10:22.212730+00:00", "action": "QUOTATION_SELECT", "entity": "VendorQuotation", "entity_id": 1, "details": {"rfq_id": null}}
{"timestamp": "2026-09-16T07:10:35.880071+00:00", "action": "PO_CREATE", "entity": "PurchaseOrder", "entity_id": 1, "details": {"po_number": "PO-2026-00001", "quotation_id": null, "supplier_id": 1, "item_count": 1, "total_amount": 36875.0}}
{"timestamp": "2026-09-16T07:10:35.882343+00:00", "action": "PO_SEND", "entity": "PurchaseOrder", "entity_id": 1, "details": {"po_number": "PO-2026-00001", "approved_by": "Priya Sharma"}}
{"timestamp": "2026-09-16T07:10:35.883485+00:00", "action": "PO_CONFIRM", "entity": "PurchaseOrder", "entity_id": 1, "details": {"po_number": "PO-2026-00001"}}
{"timestamp": "2026-09-16T07:10:35.894284+00:00", "action": "GRN_CREATE", "entity": "GoodsReceipt", "entity_id": 1, "details": {"grn_number": "GRN-2026-00001", "po_id": 1, "po_number": "PO-2026-00001", "item_count": 1, "po_status": "RECEIVED"}}
{"timestamp": "2026-09-16T07:10:35.924834+00:00", "action": "PO_CREATE", "entity": "PurchaseOrder", "entity_id": 1, "details": {"po_number": "PO-2026-00001", "quotation_id": null, "supplier_id": 1, "item_count": 1, "total_amount": 36875.0}}
{"timestamp": "2026-09-16T07:10:35.926247+00:00", "action": "PO_SEND", "entity": "PurchaseOrder", "entity_id": 1, "details": {"po_number": "PO-2026-00001", "approved_by": "Priya Sharma"}}
{"timestamp": "2026-09-16T07:10:35.927323+00:00", "action": "PO_CONFIRM", "entity": "PurchaseOrder", "entity_id": 1, "details": {"po_number": "PO-2026-00001"}}
{"timestamp": "2026-09-16T07:10:35.936475+00:00", "action": "GRN_CREATE", "entity": "GoodsReceipt", "entity_id": 1, "details": {"grn_number": "GRN-2026-00001", "po_id": 1, "po_number": "PO-2026-00001", "item_count": 1, "po_status": "PARTIALLY_RECEIVED"}}
{"timestamp": "2026-09-16T07:10:35.967125+00:00", "action": "PO_CREATE", "entity": "PurchaseOrder", "entity_id": 1, "details": {"po_number": "PO-2026-00001", "quotation_id": null, "supplier_id": 1, "item_count": 1, "total_amount": 36875.0}}
{"timestamp": "2026-09-16T07:10:35.968482+00:00", "action": "PO_SEND", "entity": "PurchaseOrder", "entity_id": 1, "details": {"po_number": "PO-2026-00001", "approved_by": "Priya Sharma"}}
{"timestamp": "2026-09-16T07:10:35.969615+00:00", "action": "PO_CONFIRM", "entity": "PurchaseOrder", "entity_id": 1, "details": {"po_number": "PO-2026-00001"}}
{"timestamp": "2026-09-16T07:10:35.978074+00:00", "action": "GRN_CREATE", "entity": "GoodsReceipt", "entity_id": 1, "details": {"grn_number": "GRN-2026-00001", "po_id": 1, "po_number": "PO-2026-00001", "item_count": 1, "po_status": "PARTIALLY_RECEIVED"}}
{"timestamp": "2026-09-16T07:10:35.982569+00:00", "action": "GRN_CREATE", "entity": "GoodsReceipt", "entity_id": 2, "details": {"grn_number": "GRN-2026-00002", "po_id": 1, "po_number": "PO-2026-00001", "item_count": 1, "po_status": "RECEIVED"}}
{"timestamp": "2026-09-16T07:10:36.014225+00:00", "action": "PO_CREATE", "entity": "PurchaseOrder", "entity_id": 1, "details": {"po_number": "PO-2026-00001", "quotation_id": null, "supplier_id": 1, "item_count": 1, "total_amount": 1000.0}}
{"timestamp": "2026-09-16T07:10:36.057864+00:00", "action": "PO_CREATE", "entity": "PurchaseOrder", "entity_id": 1, "details": {"po_number": "PO-2026-00001", "quotation_id": null, "supplier_id": 1, "item_count": 1, "total_amount": 36875.0}}
{"timestamp": "2026-09-16T07:10:36.059299+00:00", "action": "PO_SEND", "entity": "PurchaseOrder", "entity_id": 1, "details": {"po_number": "PO-2026-00001", "approved_by": "Priya Sharma"}}
{"timestamp": "2026-09-16T07:10:36.060413+00:00", "action": "PO_CONFIRM", "entity": "PurchaseOrder", "entity_id": 1, "details": {"po_number": "PO-2026-00001"}}
{"timestamp": "2026-09-16T07:10:36.064612+00:00", "action": "PO_CREATE", "entity": "PurchaseOrder", "entity_id": 2, "details": {"po_number": "PO-2026-00002", "quotation_id": null, "supplier_id": 1, "item_count": 1, "total_amount": 500.0}}
{"timestamp": "2026-09-16T07:10:36.095397+00:00", "action": "PO_CREATE", "entity": "PurchaseOrder", "entity_id": 1, "details": {"po_number": "PO-2026-00001", "quotation_id": null, "supplier_id": 1, "item_count": 1, "total_amount": 36875.0}}
{"timestamp": "2026-09-16T07:10:36.096779+00:00", "action": "PO_SEND", "entity": "PurchaseOrder", "entity_id": 1, "details": {"po_number": "PO-2026-00001", "approved_by": "Priya Sharma"}}
{"timestamp": "2026-09-16T07:10:36.098160+00:00", "action": "PO_CONFIRM", "entity": "PurchaseOrder", "entity_id": 1, "details": {"po_number": "PO-2026-00001"}}
{"timestamp": "2026-09-16T07:10:36.108063+00:00", "action": "GRN_CREATE", "entity": "GoodsReceipt", "entity_id": 1, "details": {"grn_number": "GRN-2026-00001", "po_id": 1, "po_number": "PO-2026-00001", "item_count": 1, "po_status": "RECEIVED"}}
{"timestamp": "2026-09-16T07:10:36.136290+00:00", "action": "PO_CREATE", "entity": "PurchaseOrder", "entity_id": 1, "details": {"po_number": "PO-2026-00001", "quotation_id": null, "supplier_id": 1, "item_count": 1, "total_amount": 36875.0}}
{"timestamp": "2026-09-16T07:10:36.137858+00:00", "action": "PO_SEND", "entity": "PurchaseOrder", "entity_id": 1, "details": {"po_number": "PO-2026-00001", "approved_by": "Priya Sharma"}}
{"timestamp": "2026-09-16T07:10:36.139035+00:00", "action": "PO_CONFIRM", "entity": "PurchaseOrder", "entity_id": 1, "details": {"po_number": "PO-2026-00001"}}
{"timestamp": "2026-09-16T07:10:36.147057+00:00", "action": "GRN_CREATE", "entity": "GoodsReceipt", "entity_id": 1, "details": {"grn_number": "GRN-2026-00001", "po_id": 1, "po_number": "PO-2026-00001", "item_count": 1, "po_status": "RECEIVED"}}
{"timestamp": "2026-09-16T07:10:36.250022+00:00", "action": "RECEIVE", "entity": "Inventory", "entity_id": 1, "details": {"product_id": 1, "manufacturer_id": 1, "location_id": 1, "batch_number": "B-100", "quantity": 50.0, "status": "OK"}}
{"timestamp": "2026-09-16T07:10:36.291660+00:00", "action": "RECEIVE", "entity": "Inventory", "entity_id": 1, "details": {"product_id": 1, "manufacturer_id": 1, "location_id": 1, "batch_number": "B-100", "quantity": 10.0, "status": "OK"}}
{"timestamp": "2026-09-16T07:10:36.391239+00:00", "action": "RECEIVE", "entity": "Inventory", "entity_id": 1, "details": {"product_id": 1, "manufacturer_id": 1, "location_id": 1, "batch_number": "B-100", "quantity": 10.0, "status": "OK"}}
{"timestamp": "2026-09-16T07:10:36.392418+00:00", "action": "ISSUE", "entity": "Inventory", "entity_id": 1, "details": {"product_id": 1, "quantity_issued": 4, "quantity_before": 10.0, "quantity_after": 6.0}}
{"timestamp": "2026-09-16T07:10:36.418839+00:00", "action": "PR_CREATE", "entity": "PurchaseRequisition", "entity_id": 1, "details": {"pr_number": "PR-2026-00001", "department": "Production", "item_count": 1, "source": "MANUAL"}}
{"timestamp": "2026-09-16T07:10:36.422464+00:00", "action": "PR_CREATE", "entity": "PurchaseRequisition", "entity_id": 2, "details": {"pr_number": "PR-2026-00002", "department": "Production", "item_count": 1, "source": "MANUAL"}}
{"timestamp": "2026-09-16T07:10:36.423713+00:00", "action": "PR_SUBMIT", "entity": "PurchaseRequisition", "entity_id": 2, "details": {"pr_number": "PR-2026-00002"}}
{"timestamp": "2026-09-16T07:10:36.476396+00:00", "action": "PO_CREATE", "entity": "PurchaseOrder", "entity_id": 1, "details": {"po_number": "PO-2026-00001", "quotation_id": null, "supplier_id": 1, "item_count": 1, "total_amount": 7375.0}}
{"timestamp": "2026-09-16T07:10:36.477954+00:00", "action": "PO_SEND", "entity": "PurchaseOrder", "entity_id": 1, "details": {"po_number": "PO-2026-00001", "approved_by": "Priya Sharma"}}
{"timestamp": "2026-09-16T07:10:36.479131+00:00", "action": "PO_CONFIRM", "entity": "PurchaseOrder", "entity_id": 1, "details": {"po_number": "PO-2026-00001"}}
{"timestamp": "2026-09-16T07:10:36.482779+00:00", "action": "PO_CREATE", "entity": "PurchaseOrder", "entity_id": 2, "details": {"po_number": "PO-2026-00002", "quotation_id": null, "supplier_id": 1, "item_count": 1, "total_amount": 14750.0}}
{"timestamp": "2026-09-16T07:10:36.483771+00:00", "action": "PO_SEND", "entity": "PurchaseOrder", "entity_id": 2, "details": {"po_number": "PO-2026-00002", "approved_by": "Priya Sharma"}}
{"timestamp": "2026-09-16T07:10:36.484587+00:00", "action": "PO_CONFIRM", "entity": "PurchaseOrder", "entity_id": 2, "details": {"po_number": "PO-2026-00002"}}
{"timestamp": "2026-09-16T07:10:36.493740+00:00", "action": "GRN_CREATE", "entity": "GoodsReceipt", "entity_id": 1, "details": {"grn_number": "GRN-2026-00001", "po_id": 2, "po_number": "PO-2026-00002", "item_count": 1, "po_status": "PARTIALLY_RECEIVED"}}
{"timestamp": "2026-09-16T07:10:36.546156+00:00", "action": "PO_CREATE", "entity": "PurchaseOrder", "entity_id": 1, "details": {"po_number": "PO-2026-00001", "quotation_id": null, "supplier_id": 1, "item_count": 1, "total_amount": 7375.0}}
{"timestamp": "2026-09-16T07:10:36.547564+00:00", "action": "PO_SEND", "entity": "PurchaseOrder", "entity_id": 1, "details": {"po_number": "PO-2026-00001", "approved_by": "Priya Sharma"}}
{"timestamp": "2026-09-16T07:10:36.548750+00:00", "action": "PO_CONFIRM", "entity": "PurchaseOrder", "entity_id": 1, "details": {"po_number": "PO-2026-00001"}}
{"timestamp": "2026-09-16T07:10:36.558068+00:00", "action": "GRN_CREATE", "entity": "GoodsReceipt", "entity_id": 1, "details": {"grn_number": "GRN-2026-00001", "po_id": 1, "po_number": "PO-2026-00001", "item_count": 1, "po_status": "RECEIVED"}}
{"timestamp": "2026-09-16T07:10:36.568611+00:00", "action": "RECEIVE", "entity": "Inventory", "entity_id": 1, "details": {"product_id": 1, "manufacturer_id": 1, "location_id": 1, "batch_number": "GRN-2026-00001-1", "quantity": 100.0, "status": "OK"}}
{"timestamp": "2026-09-16T07:10:36.576732+00:00", "action": "QC_INSPECT", "entity": "QualityInspection", "entity_id": 1, "details": {"qc_number": "QC-2026-00001", "grn_id": 1, "grn_number": "GRN-2026-00001", "overall_disposition": "ACCEPTED", "item_count": 1}}
{"timestamp": "2026-09-16T07:10:36.612207+00:00", "action": "PO_CREATE", "entity": "PurchaseOrder", "entity_id": 1, "details": {"po_number": "PO-2026-00001", "quotation_id": null, "supplier_id": 1, "item_count": 1, "total_amount": 3687.5}}
{"timestamp": "2026-09-16T07:10:36.613609+00:00", "action": "PO_SEND", "entity": "PurchaseOrder", "entity_id": 1, "details": {"po_number": "PO-2026-00001", "approved_by": "Priya Sharma"}}
{"timestamp": "2026-09-16T07:10:36.614739+00:00", "action": "PO_CONFIRM", "entity": "PurchaseOrder", "entity_id": 1, "details": {"po_number": "PO-2026-00001"}}
{"timestamp": "2026-09-16T07:10:36.618692+00:00", "action": "PO_CREATE", "entity": "PurchaseOrder", "entity_id": 2, "details": {"po_number": "PO-2026-00002", "quotation_id": null, "supplier_id": 1, "item_count": 1, "total_amount": 3687.5}}
{"timestamp": "2026-09-16T07:10:36.619723+00:00", "action": "PO_SEND", "entity": "PurchaseOrder", "entity_id": 2, "details": {"po_number": "PO-2026-00002", "approved_by": "Priya Sharma"}}
{"timestamp": "2026-09-16T07:10:36.620556+00:00", "action": "PO_CONFIRM", "entity": "PurchaseOrder", "entity_id": 2, "details": {"po_number": "PO-2026-00002"}}
{"timestamp": "2026-09-16T07:10:36.623577+00:00", "action": "PO_CREATE", "entity": "PurchaseOrder", "entity_id": 3, "details": {"po_number": "PO-2026-00003", "quotation_id": null, "supplier_id": 1, "item_count": 1, "total_amount": 3687.5}}
{"timestamp": "2026-09-16T07:10:36.624552+00:00", "action": "PO_SEND", "entity": "PurchaseOrder", "entity_id": 3, "details": {"po_number": "PO-2026-00003", "approved_by": "Priya Sharma"}}
{"timestamp": "2026-09-16T07:10:36.625562+00:00", "action": "PO_CONFIRM", "entity": "PurchaseOrder", "entity_id": 3, "details": {"po_number": "PO-2026-00003"}}
{"timestamp": "2026-09-16T07:10:36.679998+00:00", "action": "PO_CREATE", "entity": "PurchaseOrder", "entity_id": 1, "details": {"po_number": "PO-2026-00001", "quotation_id": null, "supplier_id": 1, "item_count": 1, "total_amount": 3687.5}}
{"timestamp": "2026-09-16T07:10:36.681422+00:00", "action": "PO_SEND", "entity": "PurchaseOrder", "entity_id": 1, "details": {"po_number": "PO-2026-00001", "approved_by": "Priya Sharma"}}
{"timestamp": "2026-09-16T07:10:36.682575+00:00", "action": "PO_CONFIRM", "entity": "PurchaseOrder", "entity_id": 1, "details": {"po_number": "PO-2026-00001"}}
{"timestamp": "2026-09-16T07:10:36.690972+00:00", "action": "GRN_CREATE", "entity": "GoodsReceipt", "entity_id": 1, "details": {"grn_number": "GRN-2026-00001", "po_id": 1, "po_number": "PO-2026-00001", "item_count": 1, "po_status": "RECEIVED"}}
{"timestamp": "2026-09-16T07:10:36.772538+00:00", "action": "RECEIVE", "entity": "Inventory", "entity_id": 1, "details": {"product_id": 1, "manufacturer_id": 1, "location_id": 1, "batch_number": "B1", "quantity": 200.0, "status": "OK"}}
{"timestamp": "2026-09-16T07:10:36.861359+00:00", "action": "RECEIVE", "entity": "Inventory", "entity_id": 1, "details": {"product_id": 1, "manufacturer_id": 1, "location_id": 1, "batch_number": "B1", "quantity": 500.0, "status": "DMG"}}
{"timestamp": "2026-09-16T07:10:37.018723+00:00", "action": "PO_CREATE", "entity": "PurchaseOrder", "entity_id": 1, "details": {"po_number": "PO-2026-00001", "quotation_id": null, "supplier_id": 1, "item_count": 1, "total_amount": 5900.0}}
{"timestamp": "2026-09-16T07:10:37.047218+00:00", "action": "PO_CREATE", "entity": "PurchaseOrder", "entity_id": 1, "details": {"po_number": "PO-2026-00001", "quotation_id": null, "supplier_id": 1, "item_count": 1, "total_amount": 5900.0}}
{"timestamp": "2026-09-16T07:10:37.051135+00:00", "action": "PO_CREATE", "entity": "PurchaseOrder", "entity_id": 2, "details": {"po_number": "PO-2026-00002", "quotation_id": null, "supplier_id": 1, "item_count": 1, "total_amount": 5900.0}}
{"timestamp": "2026-09-16T07:10:37.122616+00:00", "action": "QUOTATION_CREATE", "entity": "VendorQuotation", "entity_id": 1, "details": {"supplier_id": 1, "rfq_id": null, "item_count": 1}}
{"timestamp": "2026-09-16T07:10:37.123978+00:00", "action": "QUOTATION_SELECT", "entity": "VendorQuotation", "entity_id": 1, "details": {"rfq_id": null}}
{"timestamp": "2026-09-16T07:10:37.131310+00:00", "action": "PO_CREATE", "entity": "PurchaseOrder", "entity_id": 1, "details": {"po_number": "PO-2026-00001", "quotation_id": 1, "supplier_id": 1, "item_count": 1, "total_amount": 36875.0}}
{"timestamp": "2026-09-16T07:10:37.160402+00:00", "action": "QUOTATION_CREATE", "entity": "VendorQuotation", "entity_id": 1, "details": {"supplier_id": 1, "rfq_id": null, "item_count": 1}}
{"timestamp": "2026-09-16T07:10:37.269280+00:00", "action": "QUOTATION_CREATE", "entity": "VendorQuotation", "entity_id": 1, "details": {"supplier_id": 1, "rfq_id": null, "item_count": 1}}
{"timestamp": "2026-09-16T07:10:37.270709+00:00", "action": "QUOTATION_SELECT", "entity": "VendorQuotation", "entity_id": 1, "details": {"rfq_id": null}}
{"timestamp": "2026-09-16T07:10:37.277913+00:00", "action": "PO_CREATE", "entity": "PurchaseOrder", "entity_id": 1, "details": {"po_number": "PO-2026-00001", "quotation_id": 1, "supplier_id": 1, "item_count": 1, "total_amount": 36875.0}}
{"timestamp": "2026-09-16T07:10:37.321616+00:00", "action": "PO_CREATE", "entity": "PurchaseOrder", "entity_id": 1, "details": {"po_number": "PO-2026-00001", "quotation_id": null, "supplier_id": 1, "item_count": 1, "total_amount": 5900.0}}
{"timestamp": "2026-09-16T07:10:37.322918+00:00", "action": "PO_UPDATE", "entity": "PurchaseOrder", "entity_id": 1, "details": {"po_number": "PO-2026-00001"}}
{"timestamp": "2026-09-16T07:10:37.324438+00:00", "action": "PO_SEND", "entity": "PurchaseOrder", "entity_id": 1, "details": {"po_number": "PO-2026-00001", "approved_by": "Priya Sharma"}}
{"timestamp": "2026-09-16T07:10:37.354856+00:00", "action": "PO_CREATE", "entity": "PurchaseOrder", "entity_id": 1, "details": {"po_number": "PO-2026-00001", "quotation_id": null, "supplier_id": 1, "item_count": 1, "total_amount": 5900.0}}
{"timestamp": "2026-09-16T07:10:37.356227+00:00", "action": "PO_SEND", "entity": "PurchaseOrder", "entity_id": 1, "details": {"po_number": "PO-2026-00001", "approved_by": "Priya Sharma"}}
{"timestamp": "2026-09-16T07:10:37.384352+00:00", "action": "PO_CREATE", "entity": "PurchaseOrder", "entity_id": 1, "details": {"po_number": "PO-2026-00001", "quotation_id": null, "supplier_id": 1, "item_count": 1, "total_amount": 5900.0}}
{"timestamp": "2026-09-16T07:10:37.385741+00:00", "action": "PO_SEND", "entity": "PurchaseOrder", "entity_id": 1, "details": {"po_number": "PO-2026-00001", "approved_by": "Priya Sharma"}}
{"timestamp": "2026-09-16T07:10:37.416234+00:00", "action": "PO_CREATE", "entity": "PurchaseOrder", "entity_id": 1, "details": {"po_number": "PO-2026-00001", "quotation_id": null, "supplier_id": 1, "item_count": 1, "total_amount": 5900.0}}
{"timestamp": "2026-09-16T07:10:37.417628+00:00", "action": "PO_SEND", "entity": "PurchaseOrder", "entity_id": 1, "details": {"po_number": "PO-2026-00001", "approved_by": "Priya Sharma"}}
{"timestamp": "2026-09-16T07:10:37.418768+00:00", "action": "PO_CONFIRM", "entity": "PurchaseOrder", "entity_id": 1, "details": {"po_number": "PO-2026-00001"}}
{"timestamp": "2026-09-16T07:10:37.447199+00:00", "action": "PO_CREATE", "entity": "PurchaseOrder", "entity_id": 1, "details": {"po_number": "PO-2026-00001", "quotation_id": null, "supplier_id": 1, "item_count": 1, "total_amount": 5900.0}}
{"timestamp": "2026-09-16T07:10:37.448538+00:00", "action": "PO_CANCEL", "entity": "PurchaseOrder", "entity_id": 1, "details": {"po_number": "PO-2026-00001", "cancelled_by": "Priya Sharma", "reason": "Duplicate order raised by mistake"}}
{"timestamp": "2026-09-16T07:10:37.476723+00:00", "action": "PO_CREATE", "entity": "PurchaseOrder", "entity_id": 1, "details": {"po_number": "PO-2026-00001", "quotation_id": null, "supplier_id": 1, "item_count": 1, "total_amount": 5900.0}}
{"timestamp": "2026-09-16T07:10:37.478068+00:00", "action": "PO_SEND", "entity": "PurchaseOrder", "entity_id": 1, "details": {"po_number": "PO-2026-00001", "approved_by": "Priya Sharma"}}
{"timestamp": "2026-09-16T07:10:37.479219+00:00", "action": "PO_CANCEL", "entity": "PurchaseOrder", "entity_id": 1, "details": {"po_number": "PO-2026-00001", "cancelled_by": "Priya Sharma", "reason": "Vendor unable to fulfill"}}
{"timestamp": "2026-09-16T07:10:37.509957+00:00", "action": "PO_CREATE", "entity": "PurchaseOrder", "entity_id": 1, "details": {"po_number": "PO-2026-00001", "quotation_id": null, "supplier_id": 1, "item_count": 1, "total_amount": 5900.0}}
{"timestamp": "2026-09-16T07:10:37.511277+00:00", "action": "PO_SEND", "entity": "PurchaseOrder", "entity_id": 1, "details": {"po_number": "PO-2026-00001", "approved_by": "Priya Sharma"}}
{"timestamp": "2026-09-16T07:10:37.512372+00:00", "action": "PO_CONFIRM", "entity": "PurchaseOrder", "entity_id": 1, "details": {"po_number": "PO-2026-00001"}}
{"timestamp": "2026-09-16T07:10:37.540408+00:00", "action": "PO_CREATE", "entity": "PurchaseOrder", "entity_id": 1, "details": {"po_number": "PO-2026-00001", "quotation_id": null, "supplier_id": 1, "item_count": 1, "total_amount": 5900.0}}
{"timestamp": "2026-09-16T07:10:37.568564+00:00", "action": "PR_CREATE", "entity": "PurchaseRequisition", "entity_id": 1, "details": {"pr_number": "PR-2026-00001", "department": "Production Planning", "item_count": 1, "source": "MANUAL"}}
{"timestamp": "2026-09-16T07:10:37.596017+00:00", "action": "PR_CREATE", "entity": "PurchaseRequisition", "entity_id": 1, "details": {"pr_number": "PR-2026-00001", "department": "Production Planning", "item_count": 1, "source": "MANUAL"}}
{"timestamp": "2026-09-16T07:10:37.599494+00:00", "action": "PR_CREATE", "entity": "PurchaseRequisition", "entity_id": 2, "details": {"pr_number": "PR-2026-00002", "department": "Production Planning", "item_count": 1, "source": "MANUAL"}}
{"timestamp": "2026-09-16T07:10:37.661286+00:00", "action": "PR_CREATE", "entity": "PurchaseRequisition", "entity_id": 1, "details": {"pr_number": "PR-2026-00001", "department": "Production Planning", "item_count": 1, "source": "MANUAL"}}
{"timestamp": "2026-09-16T07:10:37.689279+00:00", "action": "PR_CREATE", "entity": "PurchaseRequisition", "entity_id": 1, "details": {"pr_number": "PR-2026-00001", "department": "Production Planning", "item_count": 1, "source": "AUTO_REORDER"}}
{"timestamp": "2026-09-16T07:10:37.714867+00:00", "action": "PR_CREATE", "entity": "PurchaseRequisition", "entity_id": 1, "details": {"pr_number": "PR-2026-00001", "department": "Production Planning", "item_count": 1, "source": "MANUAL"}}
{"timestamp": "2026-09-16T07:10:37.717579+00:00", "action": "PR_ITEM_ADD", "entity": "PurchaseRequisition", "entity_id": 1, "details": {"pr_number": "PR-2026-00001", "product_id": 1, "quantity": 50.0}}
{"timestamp": "2026-09-16T07:10:37.719136+00:00", "action": "PR_SUBMIT", "entity": "PurchaseRequisition", "entity_id": 1, "details": {"pr_number": "PR-2026-00001"}}
{"timestamp": "2026-09-16T07:10:37.744995+00:00", "action": "PR_CREATE", "entity": "PurchaseRequisition", "entity_id": 1, "details": {"pr_number": "PR-2026-00001", "department": "Production Planning", "item_count": 1, "source": "MANUAL"}}
{"timestamp": "2026-09-16T07:10:37.772260+00:00", "action": "PR_CREATE", "entity": "PurchaseRequisition", "entity_id": 1, "details": {"pr_number": "PR-2026-00001", "department": "Production Planning", "item_count": 1, "source": "MANUAL"}}
{"timestamp": "2026-09-16T07:10:37.774965+00:00", "action": "PR_ITEM_ADD", "entity": "PurchaseRequisition", "entity_id": 1, "details": {"pr_number": "PR-2026-00001", "product_id": 1, "quantity": 50.0}}
{"timestamp": "2026-09-16T07:10:37.801446+00:00", "action": "PR_CREATE", "entity": "PurchaseRequisition", "entity_id": 1, "details": {"pr_number": "PR-2026-00001", "department": "Production Planning", "item_count": 1, "source": "MANUAL"}}
{"timestamp": "2026-09-16T07:10:37.802677+00:00", "action": "PR_SUBMIT", "entity": "PurchaseRequisition", "entity_id": 1, "details": {"pr_number": "PR-2026-00001"}}
{"timestamp": "2026-09-16T07:10:37.827874+00:00", "action": "PR_CREATE", "entity": "PurchaseRequisition", "entity_id": 1, "details": {"pr_number": "PR-2026-00001", "department": "Production Planning", "item_count": 1, "source": "MANUAL"}}
{"timestamp": "2026-09-16T07:10:37.829048+00:00", "action": "PR_SUBMIT", "entity": "PurchaseRequisition", "entity_id": 1, "details": {"pr_number": "PR-2026-00001"}}
{"timestamp": "2026-09-16T07:10:37.853436+00:00", "action": "PR_CREATE", "entity": "PurchaseRequisition", "entity_id": 1, "details": {"pr_number": "PR-2026-00001", "department": "Production Planning", "item_count": 1, "source": "MANUAL"}}
{"timestamp": "2026-09-16T07:10:37.879794+00:00", "action": "PR_CREATE", "entity": "PurchaseRequisition", "entity_id": 1, "details": {"pr_number": "PR-2026-00001", "department": "Production Planning", "item_count": 1, "source": "MANUAL"}}
{"timestamp": "2026-09-16T07:10:37.880944+00:00", "action": "PR_SUBMIT", "entity": "PurchaseRequisition", "entity_id": 1, "details": {"pr_number": "PR-2026-00001"}}
{"timestamp": "2026-09-16T07:10:37.882030+00:00", "action": "PR_APPROVE", "entity": "PurchaseRequisition", "entity_id": 1, "details": {"pr_number": "PR-2026-00001", "approved_by": "Purchase Manager"}}
{"timestamp": "2026-09-16T07:10:37.906886+00:00", "action": "PR_CREATE", "entity": "PurchaseRequisition", "entity_id": 1, "details": {"pr_number": "PR-2026-00001", "department": "Production Planning", "item_count": 1, "source": "MANUAL"}}
{"timestamp": "2026-09-16T07:10:37.908044+00:00", "action": "PR_SUBMIT", "entity": "PurchaseRequisition", "entity_id": 1, "details": {"pr_number": "PR-2026-00001"}}
{"timestamp": "2026-09-16T07:10:37.909331+00:00", "action": "PR_REJECT", "entity": "PurchaseRequisition", "entity_id": 1, "details": {"pr_number": "PR-2026-00001", "rejected_by": "Purchase Manager", "reason": "Budget exceeded this month"}}
{"timestamp": "2026-09-16T07:10:37.933651+00:00", "action": "PR_CREATE", "entity": "PurchaseRequisition", "entity_id": 1, "details": {"pr_number": "PR-2026-00001", "department": "Production Planning", "item_count": 1, "source": "MANUAL"}}
{"timestamp": "2026-09-16T07:10:37.960212+00:00", "action": "PR_CREATE", "entity": "PurchaseRequisition", "entity_id": 1, "details": {"pr_number": "PR-2026-00001", "department": "Production Planning", "item_count": 1, "source": "MANUAL"}}
{"timestamp": "2026-09-16T07:10:37.961655+00:00", "action": "PR_SUBMIT", "entity": "PurchaseRequisition", "entity_id": 1, "details": {"pr_number": "PR-2026-00001"}}
{"timestamp": "2026-09-16T07:10:37.986199+00:00", "action": "PR_CREATE", "entity": "PurchaseRequisition", "entity_id": 1, "details": {"pr_number": "PR-2026-00001", "department": "Production Planning", "item_count": 1, "source": "MANUAL"}}
{"timestamp": "2026-09-16T07:10:38.012368+00:00", "action": "PR_CREATE", "entity": "PurchaseRequisition", "entity_id": 1, "details": {"pr_number": "PR-2026-00001", "department": "Production Planning", "item_count": 1, "source": "MANUAL"}}
{"timestamp": "2026-09-16T07:10:38.013637+00:00", "action": "PR_SUBMIT", "entity": "PurchaseRequisition", "entity_id": 1, "details": {"pr_number": "PR-2026-00001"}}
{"timestamp": "2026-09-16T07:10:38.040887+00:00", "action": "PR_CREATE", "entity": "PurchaseRequisition", "entity_id": 1, "details": {"pr_number": "PR-2026-00001", "department": "Production Planning", "item_count": 1, "source": "MANUAL"}}
{"timestamp": "2026-09-16T07:10:38.040981+00:00", "action": "PR_DELETE", "entity": "PurchaseRequisition", "entity_id": 1, "details": {"pr_number": "PR-2026-00001"}}
{"timestamp": "2026-09-16T07:10:38.068126+00:00", "action": "PR_CREATE", "entity": "PurchaseRequisition", "entity_id": 1, "details": {"pr_number": "PR-2026-00001", "department": "Production Planning", "item_count": 1, "source": "MANUAL"}}
{"timestamp": "2026-09-16T07:10:38.071784+00:00", "action": "PR_CREATE", "entity": "PurchaseRequisition", "entity_id": 2, "details": {"pr_number": "PR-2026-00002", "department": "Production Planning", "item_count": 1, "source": "MANUAL"}}
{"timestamp": "2026-09-16T07:10:38.072960+00:00", "action": "PR_SUBMIT", "entity": "PurchaseRequisition", "entity_id": 2, "details": {"pr_number": "PR-2026-00002"}}
{"timestamp": "2026-09-16T07:10:38.099248+00:00", "action": "PR_CREATE", "entity": "PurchaseRequisition", "entity_id": 1, "details": {"pr_number": "PR-2026-00001", "department": "Production Planning", "item_count": 1, "source": "MANUAL"}}
{"timestamp": "2026-09-16T07:10:38.102682+00:00", "action": "PR_CREATE", "entity": "PurchaseRequisition", "entity_id": 2, "details": {"pr_number": "PR-2026-00002", "department": "Store", "item_count": 1, "source": "MANUAL"}}
{"timestamp": "2026-09-16T07:10:38.146990+00:00", "action": "RECEIVE", "entity": "Inventory", "entity_id": 1, "details": {"product_id": 1, "manufacturer_id": 1, "location_id": 1, "batch_number": "B-001", "quantity": 180.0, "status": "OK"}}
{"timestamp": "2026-09-16T07:10:38.152875+00:00", "action": "PR_CREATE", "entity": "PurchaseRequisition", "entity_id": 1, "details": {"pr_number": "PR-2026-00001", "department": "Production Planning", "item_count": 1, "source": "MANUAL"}}
{"timestamp": "2026-09-16T07:10:38.184790+00:00", "action": "PO_CREATE", "entity": "PurchaseOrder", "entity_id": 1, "details": {"po_number": "PO-2026-00001", "quotation_id": null, "supplier_id": 1, "item_count": 1, "total_amount": 36875.0}}
{"timestamp": "2026-09-16T07:10:38.186201+00:00", "action": "PO_SEND", "entity": "PurchaseOrder", "entity_id": 1, "details": {"po_number": "PO-2026-00001", "approved_by": "Priya Sharma"}}
{"timestamp": "2026-09-16T07:10:38.187309+00:00", "action": "PO_CONFIRM", "entity": "PurchaseOrder", "entity_id": 1, "details": {"po_number": "PO-2026-00001"}}
{"timestamp": "2026-09-16T07:10:38.197276+00:00", "action": "GRN_CREATE", "entity": "GoodsReceipt", "entity_id": 1, "details": {"grn_number": "GRN-2026-00001", "po_id": 1, "po_number": "PO-2026-00001", "item_count": 1, "po_status": "RECEIVED"}}
{"timestamp": "2026-09-16T07:10:38.295284+00:00", "action": "RECEIVE", "entity": "Inventory", "entity_id": 1, "details": {"product_id": 1, "manufacturer_id": 1, "location_id": 1, "batch_number": "TSD-BATCH-77", "quantity": 500.0, "status": "OK"}}
{"timestamp": "2026-09-16T07:10:38.302203+00:00", "action": "QC_INSPECT", "entity": "QualityInspection", "entity_id": 1, "details": {"qc_number": "QC-2026-00001", "grn_id": 1, "grn_number": "GRN-2026-00001", "overall_disposition": "ACCEPTED", "item_count": 1}}
{"timestamp": "2026-09-16T07:10:38.353043+00:00", "action": "PO_CREATE", "entity": "PurchaseOrder", "entity_id": 1, "details": {"po_number": "PO-2026-00001", "quotation_id": null, "supplier_id": 1, "item_count": 1, "total_amount": 737.5}}
{"timestamp": "2026-09-16T07:10:38.354486+00:00", "action": "PO_SEND", "entity": "PurchaseOrder", "entity_id": 1, "details": {"po_number": "PO-2026-00001", "approved_by": "Priya Sharma"}}
{"timestamp": "2026-09-16T07:10:38.355616+00:00", "action": "PO_CONFIRM", "entity": "PurchaseOrder", "entity_id": 1, "details": {"po_number": "PO-2026-00001"}}
{"timestamp": "2026-09-16T07:10:38.363602+00:00", "action": "GRN_CREATE", "entity": "GoodsReceipt", "entity_id": 1, "details": {"grn_number": "GRN-2026-00001", "po_id": 1, "po_number": "PO-2026-00001", "item_count": 1, "po_status": "RECEIVED"}}
{"timestamp": "2026-09-16T07:10:38.370015+00:00", "action": "RECEIVE", "entity": "Inventory", "entity_id": 1, "details": {"product_id": 1, "manufacturer_id": 1, "location_id": 1, "batch_number": "GRN-2026-00001-1", "quantity": 10.0, "status": "OK"}}
{"timestamp": "2026-09-16T07:10:38.376947+00:00", "action": "QC_INSPECT", "entity": "QualityInspection", "entity_id": 1, "details": {"qc_number": "QC-2026-00001", "grn_id": 1, "grn_number": "GRN-2026-00001", "overall_disposition": "ACCEPTED", "item_count": 1}}
{"timestamp": "2026-09-16T07:10:38.411312+00:00", "action": "PO_CREATE", "entity": "PurchaseOrder", "entity_id": 1, "details": {"po_number": "PO-2026-00001", "quotation_id": null, "supplier_id": 1, "item_count": 1, "total_amount": 36875.0}}
{"timestamp": "2026-09-16T07:10:38.412755+00:00", "action": "PO_SEND", "entity": "PurchaseOrder", "entity_id": 1, "details": {"po_number": "PO-2026-00001", "approved_by": "Priya Sharma"}}
{"timestamp": "2026-09-16T07:10:38.413942+00:00", "action": "PO_CONFIRM", "entity": "PurchaseOrder", "entity_id": 1, "details": {"po_number": "PO-2026-00001"}}
{"timestamp": "2026-09-16T07:10:38.421959+00:00", "action": "GRN_CREATE", "entity": "GoodsReceipt", "entity_id": 1, "details": {"grn_number": "GRN-2026-00001", "po_id": 1, "po_number": "PO-2026-00001", "item_count": 1, "po_status": "RECEIVED"}}
{"timestamp": "2026-09-16T07:10:38.430276+00:00", "action": "QC_INSPECT", "entity": "QualityInspection", "entity_id": 1, "details": {"qc_number": "QC-2026-00001", "grn_id": 1, "grn_number": "GRN-2026-00001", "overall_disposition": "REJECTED", "item_count": 1}}
{"timestamp": "2026-09-16T07:10:38.462992+00:00", "action": "PO_CREATE", "entity": "PurchaseOrder", "entity_id": 1, "details": {"po_number": "PO-2026-00001", "quotation_id": null, "supplier_id": 1, "item_count": 1, "total_amount": 36875.0}}
{"timestamp": "2026-09-16T07:10:38.464374+00:00", "action": "PO_SEND", "entity": "PurchaseOrder", "entity_id": 1, "details": {"po_number": "PO-2026-00001", "approved_by": "Priya Sharma"}}
{"timestamp": "2026-09-16T07:10:38.465633+00:00", "action": "PO_CONFIRM", "entity": "PurchaseOrder", "entity_id": 1, "details": {"po_number": "PO-2026-00001"}}
{"timestamp": "2026-09-16T07:10:38.473718+00:00", "action": "GRN_CREATE", "entity": "GoodsReceipt", "entity_id": 1, "details": {"grn_number": "GRN-2026-00001", "po_id": 1, "po_number": "PO-2026-00001", "item_count": 1, "po_status": "RECEIVED"}}
{"timestamp": "2026-09-16T07:10:38.499226+00:00", "action": "QC_INSPECT", "entity": "QualityInspection", "entity_id": 1, "details": {"qc_number": "QC-2026-00001", "grn_id": 1, "grn_number": "GRN-2026-00001", "overall_disposition": "ACCEPTED_WITH_DEVIATION", "item_count": 1}}
{"timestamp": "2026-09-16T07:10:38.503461+00:00", "action": "RECEIVE", "entity": "Inventory", "entity_id": 1, "details": {"product_id": 1, "manufacturer_id": 1, "location_id": 1, "batch_number": "TSD-BATCH-77", "quantity": 480.0, "status": "OK"}}
{"timestamp": "2026-09-16T07:10:38.508424+00:00", "action": "QC_DEVIATION_APPROVE", "entity": "QualityInspection", "entity_id": 1, "details": {"qc_number": "QC-2026-00001", "approved_by": "Plant Manager Vikram", "item_count": 1}}
{"timestamp": "2026-09-16T07:10:38.541042+00:00", "action": "PO_CREATE", "entity": "PurchaseOrder", "entity_id": 1, "details": {"po_number": "PO-2026-00001", "quotation_id": null, "supplier_id": 1, "item_count": 1, "total_amount": 36875.0}}
{"timestamp": "2026-09-16T07:10:38.542439+00:00", "action": "PO_SEND", "entity": "PurchaseOrder", "entity_id": 1, "details": {"po_number": "PO-2026-00001", "approved_by": "Priya Sharma"}}
{"timestamp": "2026-09-16T07:10:38.543552+00:00", "action": "PO_CONFIRM", "entity": "PurchaseOrder", "entity_id": 1, "details": {"po_number": "PO-2026-00001"}}
{"timestamp": "2026-09-16T07:10:38.551590+00:00", "action": "GRN_CREATE", "entity": "GoodsReceipt", "entity_id": 1, "details": {"grn_number": "GRN-2026-00001", "po_id": 1, "po_number": "PO-2026-00001", "item_count": 1, "po_status": "RECEIVED"}}
{"timestamp": "2026-09-16T07:10:38.575416+00:00", "action": "RECEIVE", "entity": "Inventory", "entity_id": 1, "details": {"product_id": 1, "manufacturer_id": 1, "location_id": 1, "batch_number": "TSD-BATCH-77", "quantity": 480.0, "status": "OK"}}
{"timestamp": "2026-09-16T07:10:38.582378+00:00", "action": "QC_INSPECT", "entity": "QualityInspection", "entity_id": 1, "details": {"qc_number": "QC-2026-00001", "grn_id": 1, "grn_number": "GRN-2026-00001", "overall_disposition": "ACCEPTED_WITH_DEVIATION", "item_count": 1}}
{"timestamp": "2026-09-16T07:10:38.614568+00:00", "action": "PO_CREATE", "entity": "PurchaseOrder", "entity_id": 1, "details": {"po_number": "PO-2026-00001", "quotation_id": null, "supplier_id": 1, "item_count": 1, "total_amount": 36875.0}}
{"timestamp": "2026-09-16T07:10:38.616476+00:00", "action": "PO_SEND", "entity": "PurchaseOrder", "entity_id": 1, "details": {"po_number": "PO-2026-00001", "approved_by": "Priya Sharma"}}
{"timestamp": "2026-09-16T07:10:38.617624+00:00", "action": "PO_CONFIRM", "entity": "PurchaseOrder", "entity_id": 1, "details": {"po_number": "PO-2026-00001"}}
{"timestamp": "2026-09-16T07:10:38.625393+00:00", "action": "GRN_CREATE", "entity": "GoodsReceipt", "entity_id": 1, "details": {"grn_number": "GRN-2026-00001", "po_id": 1, "po_number": "PO-2026-00001", "item_count": 1, "po_status": "RECEIVED"}}
{"timestamp": "2026-09-16T07:10:38.652450+00:00", "action": "QC_INSPECT", "entity": "QualityInspection", "entity_id": 1, "details": {"qc_number": "QC-2026-00001", "grn_id": 1, "grn_number": "GRN-2026-00001", "overall_disposition": "ACCEPTED_WITH_DEVIATION", "item_count": 1}}
{"timestamp": "2026-09-16T07:10:38.656668+00:00", "action": "RECEIVE", "entity": "Inventory", "entity_id": 1, "details": {"product_id": 1, "manufacturer_id": 1, "location_id": 1, "batch_number": "TSD-BATCH-77", "quantity": 480.0, "status": "OK"}}
{"timestamp": "2026-09-16T07:10:38.659921+00:00", "action": "QC_DEVIATION_APPROVE", "entity": "QualityInspection", "entity_id": 1, "details": {"qc_number": "QC-2026-00001", "approved_by": "Vikram", "item_count": 1}}
{"timestamp": "2026-09-16T07:10:38.692884+00:00", "action": "PO_CREATE", "entity": "PurchaseOrder", "entity_id": 1, "details": {"po_number": "PO-2026-00001", "quotation_id": null, "supplier_id": 1, "item_count": 1, "total_amount": 36875.0}}
{"timestamp": "2026-09-16T07:10:38.694452+00:00", "action": "PO_SEND", "entity": "PurchaseOrder", "entity_id": 1, "details": {"po_number": "PO-2026-00001", "approved_by": "Priya Sharma"}}
{"timestamp": "2026-09-16T07:10:38.695571+00:00", "action": "PO_CONFIRM", "entity": "PurchaseOrder", "entity_id": 1, "details": {"po_number": "PO-2026-00001"}}
{"timestamp": "2026-09-16T07:10:38.705760+00:00", "action": "GRN_CREATE", "entity": "GoodsReceipt", "entity_id": 1, "details": {"grn_number": "GRN-2026-00001", "po_id": 1, "po_number": "PO-2026-00001", "item_count": 1, "po_status": "RECEIVED"}}
{"timestamp": "2026-09-16T07:10:38.736479+00:00", "action": "RECEIVE", "entity": "Inventory", "entity_id": 1, "details": {"product_id": 1, "manufacturer_id": 1, "location_id": 1, "batch_number": "TSD-BATCH-77", "quantity": 500.0, "status": "OK"}}
{"timestamp": "2026-09-16T07:10:38.746439+00:00", "action": "QC_INSPECT", "entity": "QualityInspection", "entity_id": 1, "details": {"qc_number": "QC-2026-00001", "grn_id": 1, "grn_number": "GRN-2026-00001", "overall_disposition": "ACCEPTED", "item_count": 1}}
{"timestamp": "2026-09-16T07:10:38.804832+00:00", "action": "PO_CREATE", "entity": "PurchaseOrder", "entity_id": 1, "details": {"po_number": "PO-2026-00001", "quotation_id": null, "supplier_id": 1, "item_count": 1, "total_amount": 7375.0}}
{"timestamp": "2026-09-16T07:10:38.806402+00:00", "action": "PO_SEND", "entity": "PurchaseOrder", "entity_id": 1, "details": {"po_number": "PO-2026-00001", "approved_by": "Priya Sharma"}}
{"timestamp": "2026-09-16T07:10:38.807601+00:00", "action": "PO_CONFIRM", "entity": "PurchaseOrder", "entity_id": 1, "details": {"po_number": "PO-2026-00001"}}
{"timestamp": "2026-09-16T07:10:38.818071+00:00", "action": "GRN_CREATE", "entity": "GoodsReceipt", "entity_id": 1, "details": {"grn_number": "GRN-2026-00001", "po_id": 1, "po_number": "PO-2026-00001", "item_count": 1, "po_status": "RECEIVED"}}
{"timestamp": "2026-09-16T07:10:38.826273+00:00", "action": "RECEIVE", "entity": "Inventory", "entity_id": 1, "details": {"product_id": 1, "manufacturer_id": 1, "location_id": 1, "batch_number": "GRN-2026-00001-1", "quantity": 80.0, "status": "OK"}}
{"timestamp": "2026-09-16T07:10:38.834432+00:00", "action": "QC_INSPECT", "entity": "QualityInspection", "entity_id": 1, "details": {"qc_number": "QC-2026-00001", "grn_id": 1, "grn_number": "GRN-2026-00001", "overall_disposition": "ACCEPTED", "item_count": 1}}
{"timestamp": "2026-09-16T07:10:38.867127+00:00", "action": "PO_CREATE", "entity": "PurchaseOrder", "entity_id": 1, "details": {"po_number": "PO-2026-00001", "quotation_id": null, "supplier_id": 1, "item_count": 1, "total_amount": 36875.0}}
{"timestamp": "2026-09-16T07:10:38.868423+00:00", "action": "PO_SEND", "entity": "PurchaseOrder", "entity_id": 1, "details": {"po_number": "PO-2026-00001", "approved_by": "Priya Sharma"}}
{"timestamp": "2026-09-16T07:10:38.869524+00:00", "action": "PO_CONFIRM", "entity": "PurchaseOrder", "entity_id": 1, "details": {"po_number": "PO-2026-00001"}}
{"timestamp": "2026-09-16T07:10:38.877247+00:00", "action": "GRN_CREATE", "entity": "GoodsReceipt", "entity_id": 1, "details": {"grn_number": "GRN-2026-00001", "po_id": 1, "po_number": "PO-2026-00001", "item_count": 1, "po_status": "RECEIVED"}}
{"timestamp": "2026-09-16T07:10:38.927828+00:00", "action": "PO_CREATE", "entity": "PurchaseOrder", "entity_id": 1, "details": {"po_number": "PO-2026-00001", "quotation_id": null, "supplier_id": 1, "item_count": 1, "total_amount": 737.5}}
{"timestamp": "2026-09-16T07:10:38.929140+00:00", "action": "PO_SEND", "entity": "PurchaseOrder", "entity_id": 1, "details": {"po_number": "PO-2026-00001", "approved_by": "Priya Sharma"}}
{"timestamp": "2026-09-16T07:10:38.930262+00:00", "action": "PO_CONFIRM", "entity": "PurchaseOrder", "entity_id": 1, "details": {"po_number": "PO-2026-00001"}}
{"timestamp": "2026-09-16T07:10:38.938083+00:00", "action": "GRN_CREATE", "entity": "GoodsReceipt", "entity_id": 1, "details": {"grn_number": "GRN-2026-00001", "po_id": 1, "po_number": "PO-2026-00001", "item_count": 1, "po_status": "RECEIVED"}}
{"timestamp": "2026-09-16T07:10:38.946514+00:00", "action": "RECEIVE", "entity": "Inventory", "entity_id": 1, "details": {"product_id": 1, "manufacturer_id": 1, "location_id": 1, "batch_number": "GRN-2026-00001-1", "quantity": 10.0, "status": "OK"}}
{"timestamp": "2026-09-16T07:10:39.045809+00:00", "action": "QC_INSPECT", "entity": "QualityInspection", "entity_id": 1, "details": {"qc_number": "QC-2026-00001", "grn_id": 1, "grn_number": "GRN-2026-00001", "overall_disposition": "ACCEPTED", "item_count": 1}}
{"timestamp": "2026-09-16T07:10:39.077281+00:00", "action": "PO_CREATE", "entity": "PurchaseOrder", "entity_id": 1, "details": {"po_number": "PO-2026-00001", "quotation_id": null, "supplier_id": 1, "item_count": 1, "total_amount": 36875.0}}
{"timestamp": "2026-09-16T07:10:39.078760+00:00", "action": "PO_SEND", "entity": "PurchaseOrder", "entity_id": 1, "details": {"po_number": "PO-2026-00001", "approved_by": "Priya Sharma"}}
{"timestamp": "2026-09-16T07:10:39.079819+00:00", "action": "PO_CONFIRM", "entity": "PurchaseOrder", "entity_id": 1, "details": {"po_number": "PO-2026-00001"}}
{"timestamp": "2026-09-16T07:10:39.087287+00:00", "action": "GRN_CREATE", "entity": "GoodsReceipt", "entity_id": 1, "details": {"grn_number": "GRN-2026-00001", "po_id": 1, "po_number": "PO-2026-00001", "item_count": 1, "po_status": "RECEIVED"}}
{"timestamp": "2026-09-16T07:10:39.110199+00:00", "action": "RECEIVE", "entity": "Inventory", "entity_id": 1, "details": {"product_id": 1, "manufacturer_id": 1, "location_id": 1, "batch_number": "TSD-BATCH-77", "quantity": 500.0, "status": "OK"}}
{"timestamp": "2026-09-16T07:10:39.116746+00:00", "action": "QC_INSPECT", "entity": "QualityInspection", "entity_id": 1, "details": {"qc_number": "QC-2026-00001", "grn_id": 1, "grn_number": "GRN-2026-00001", "overall_disposition": "ACCEPTED", "item_count": 1}}
{"timestamp": "2026-09-16T07:10:39.180567+00:00", "action": "PO_CREATE", "entity": "PurchaseOrder", "entity_id": 1, "details": {"po_number": "PO-2026-00001", "quotation_id": null, "supplier_id": 1, "item_count": 1, "total_amount": 14750.0}}
{"timestamp": "2026-09-16T07:10:39.182000+00:00", "action": "PO_SEND", "entity": "PurchaseOrder", "entity_id": 1, "details": {"po_number": "PO-2026-00001", "approved_by": "Priya Sharma"}}
{"timestamp": "2026-09-16T07:10:39.183250+00:00", "action": "PO_CONFIRM", "entity": "PurchaseOrder", "entity_id": 1, "details": {"po_number": "PO-2026-00001"}}
{"timestamp": "2026-09-16T07:10:39.191425+00:00", "action": "GRN_CREATE", "entity": "GoodsReceipt", "entity_id": 1, "details": {"grn_number": "GRN-2026-00001", "po_id": 1, "po_number": "PO-2026-00001", "item_count": 1, "po_status": "RECEIVED"}}
{"timestamp": "2026-09-16T07:10:39.197843+00:00", "action": "RECEIVE", "entity": "Inventory", "entity_id": 1, "details": {"product_id": 1, "manufacturer_id": 1, "location_id": 1, "batch_number": "GRN-2026-00001-1", "quantity": 200.0, "status": "OK"}}
{"timestamp": "2026-09-16T07:10:39.204548+00:00", "action": "QC_INSPECT", "entity": "QualityInspection", "entity_id": 1, "details": {"qc_number": "QC-2026-00001", "grn_id": 1, "grn_number": "GRN-2026-00001", "overall_disposition": "ACCEPTED", "item_count": 1}}
{"timestamp": "2026-09-16T07:10:39.205576+00:00", "action": "GRN_CLOSE", "entity": "GoodsReceipt", "entity_id": 1, "details": {"grn_number": "GRN-2026-00001"}}
{"timestamp": "2026-09-16T07:10:39.235559+00:00", "action": "QUOTATION_INGEST", "entity": "VendorQuotation", "entity_id": 1, "details": {"supplier_id": 1, "rfq_id": null, "source": "OCR_BOT", "item_count": 1, "unmatched_item_count": 0}}
{"timestamp": "2026-09-16T07:10:39.265651+00:00", "action": "QUOTATION_INGEST", "entity": "VendorQuotation", "entity_id": 1, "details": {"supplier_id": 1, "rfq_id": null, "source": "OCR_BOT", "item_count": 1, "unmatched_item_count": 0}}
{"timestamp": "2026-09-16T07:10:39.297153+00:00", "action": "QUOTATION_INGEST", "entity": "VendorQuotation", "entity_id": 1, "details": {"supplier_id": 1, "rfq_id": null, "source": "OCR_BOT", "item_count": 1, "unmatched_item_count": 1}}
{"timestamp": "2026-09-16T07:10:39.326518+00:00", "action": "QUOTATION_INGEST", "entity": "VendorQuotation", "entity_id": 1, "details": {"supplier_id": 1, "rfq_id": null, "source": "OCR_BOT", "item_count": 1, "unmatched_item_count": 0}}
{"timestamp": "2026-09-16T07:10:39.359068+00:00", "action": "QUOTATION_INGEST", "entity": "VendorQuotation", "entity_id": 1, "details": {"supplier_id": 1, "rfq_id": null, "source": "OCR_BOT", "item_count": 2, "unmatched_item_count": 1}}
{"timestamp": "2026-09-16T07:10:39.391930+00:00", "action": "QUOTATION_INGEST", "entity": "VendorQuotation", "entity_id": 1, "details": {"supplier_id": 1, "rfq_id": null, "source": "OCR_BOT", "item_count": 1, "unmatched_item_count": 0}}
{"timestamp": "2026-09-16T07:10:39.393285+00:00", "action": "QUOTATION_REVIEW", "entity": "VendorQuotation", "entity_id": 1, "details": {"reviewed_by": "Priya Sharma"}}
{"timestamp": "2026-09-16T07:10:39.394833+00:00", "action": "QUOTATION_SELECT", "entity": "VendorQuotation", "entity_id": 1, "details": {"rfq_id": null}}
{"timestamp": "2026-09-16T07:10:39.421522+00:00", "action": "RFQ_CREATE", "entity": "RFQ", "entity_id": 1, "details": {"rfq_number": "RFQ-2026-00001", "item_count": 1, "pr_id": null}}
{"timestamp": "2026-09-16T07:10:39.447302+00:00", "action": "RFQ_CREATE", "entity": "RFQ", "entity_id": 1, "details": {"rfq_number": "RFQ-2026-00001", "item_count": 1, "pr_id": null}}
{"timestamp": "2026-09-16T07:10:39.450577+00:00", "action": "RFQ_CREATE", "entity": "RFQ", "entity_id": 2, "details": {"rfq_number": "RFQ-2026-00002", "item_count": 1, "pr_id": null}}
{"timestamp": "2026-09-16T07:10:39.519751+00:00", "action": "RFQ_CREATE", "entity": "RFQ", "entity_id": 1, "details": {"rfq_number": "RFQ-2026-00001", "item_count": 1, "pr_id": null}}
{"timestamp": "2026-09-16T07:10:39.526060+00:00", "action": "RFQ_SEND", "entity": "RFQ", "entity_id": 1, "details": {"rfq_number": "RFQ-2026-00001", "supplier_ids": [1, 2], "channel": "EMAIL"}}
{"timestamp": "2026-09-16T07:10:39.554328+00:00", "action": "RFQ_CREATE", "entity": "RFQ", "entity_id": 1, "details": {"rfq_number": "RFQ-2026-00001", "item_count": 1, "pr_id": null}}
{"timestamp": "2026-09-16T07:10:39.558867+00:00", "action": "RFQ_SEND", "entity": "RFQ", "entity_id": 1, "details": {"rfq_number": "RFQ-2026-00001", "supplier_ids": [1], "channel": "API"}}
{"timestamp": "2026-09-16T07:10:39.585996+00:00", "action": "RFQ_CREATE", "entity": "RFQ", "entity_id": 1, "details": {"rfq_number": "RFQ-2026-00001", "item_count": 1, "pr_id": null}}
{"timestamp": "2026-09-16T07:10:39.616048+00:00", "action": "RFQ_CREATE", "entity": "RFQ", "entity_id": 1, "details": {"rfq_number": "RFQ-2026-00001", "item_count": 1, "pr_id": null}}
{"timestamp": "2026-09-16T07:10:39.621084+00:00", "action": "RFQ_SEND", "entity": "RFQ", "entity_id": 1, "details": {"rfq_number": "RFQ-2026-00001", "supplier_ids": [1, 2], "channel": "API"}}
{"timestamp": "2026-09-16T07:10:39.622906+00:00", "action": "RFQ_CLOSE", "entity": "RFQ", "entity_id": 1, "details": {"rfq_number": "RFQ-2026-00001"}}
{"timestamp": "2026-09-16T07:10:39.648037+00:00", "action": "RFQ_CREATE", "entity": "RFQ", "entity_id": 1, "details": {"rfq_number": "RFQ-2026-00001", "item_count": 1, "pr_id": null}}
{"timestamp": "2026-09-16T07:10:39.678634+00:00", "action": "RFQ_CREATE", "entity": "RFQ", "entity_id": 1, "details": {"rfq_number": "RFQ-2026-00001", "item_count": 1, "pr_id": null}}
{"timestamp": "2026-09-16T07:10:39.682736+00:00", "action": "RFQ_SEND", "entity": "RFQ", "entity_id": 1, "details": {"rfq_number": "RFQ-2026-00001", "supplier_ids": [1], "channel": "API"}}
{"timestamp": "2026-09-16T07:10:39.840528+00:00", "action": "SEED", "entity": "Database", "entity_id": null, "details": {"units": 4, "manufacturers": 3, "products": 7, "warehouses": 3, "racks": 4, "shelves": 4, "bins": 5, "locations": 8, "inventories": 9}}
{"timestamp": "2026-09-16T07:10:39.878540+00:00", "action": "SEED", "entity": "Database", "entity_id": null, "details": {"units": 4, "manufacturers": 3, "products": 7, "warehouses": 3, "racks": 4, "shelves": 4, "bins": 5, "locations": 8, "inventories": 9}}
{"timestamp": "2026-09-16T07:10:39.937544+00:00", "action": "SEED", "entity": "Database", "entity_id": null, "details": {"units": 4, "manufacturers": 3, "products": 7, "warehouses": 3, "racks": 4, "shelves": 4, "bins": 5, "locations": 8, "inventories": 9}}
{"timestamp": "2026-09-16T07:10:40.291580+00:00", "action": "PO_CREATE", "entity": "PurchaseOrder", "entity_id": 1, "details": {"po_number": "PO-2026-00001", "quotation_id": null, "supplier_id": 1, "item_count": 1, "total_amount": 36875.0}}
{"timestamp": "2026-09-16T07:10:40.293071+00:00", "action": "PO_SEND", "entity": "PurchaseOrder", "entity_id": 1, "details": {"po_number": "PO-2026-00001", "approved_by": "Priya Sharma"}}
{"timestamp": "2026-09-16T07:10:40.294391+00:00", "action": "PO_CONFIRM", "entity": "PurchaseOrder", "entity_id": 1, "details": {"po_number": "PO-2026-00001"}}
{"timestamp": "2026-09-16T07:10:40.302809+00:00", "action": "GRN_CREATE", "entity": "GoodsReceipt", "entity_id": 1, "details": {"grn_number": "GRN-2026-00001", "po_id": 1, "po_number": "PO-2026-00001", "item_count": 1, "po_status": "RECEIVED"}}
{"timestamp": "2026-09-16T07:10:40.309231+00:00", "action": "RECEIVE", "entity": "Inventory", "entity_id": 1, "details": {"product_id": 1, "manufacturer_id": 1, "location_id": 1, "batch_number": "GRN-2026-00001-1", "quantity": 500.0, "status": "OK"}}
{"timestamp": "2026-09-16T07:10:40.316588+00:00", "action": "QC_INSPECT", "entity": "QualityInspection", "entity_id": 1, "details": {"qc_number": "QC-2026-00001", "grn_id": 1, "grn_number": "GRN-2026-00001", "overall_disposition": "ACCEPTED", "item_count": 1}}
{"timestamp": "2026-09-16T07:10:40.323910+00:00", "action": "INVOICE_CREATE", "entity": "VendorInvoice", "entity_id": 1, "details": {"po_id": 1, "supplier_id": 1, "item_count": 1}}
{"timestamp": "2026-09-16T07:10:40.374496+00:00", "action": "PO_CREATE", "entity": "PurchaseOrder", "entity_id": 1, "details": {"po_number": "PO-2026-00001", "quotation_id": null, "supplier_id": 1, "item_count": 1, "total_amount": 36875.0}}
{"timestamp": "2026-09-16T07:10:40.375848+00:00", "action": "PO_SEND", "entity": "PurchaseOrder", "entity_id": 1, "details": {"po_number": "PO-2026-00001", "approved_by": "Priya Sharma"}}
{"timestamp": "2026-09-16T07:10:40.376951+00:00", "action": "PO_CONFIRM", "entity": "PurchaseOrder", "entity_id": 1, "details": {"po_number": "PO-2026-00001"}}
{"timestamp": "2026-09-16T07:10:40.384891+00:00", "action": "GRN_CREATE", "entity": "GoodsReceipt", "entity_id": 1, "details": {"grn_number": "GRN-2026-00001", "po_id": 1, "po_number": "PO-2026-00001", "item_count": 1, "po_status": "RECEIVED"}}
{"timestamp": "2026-09-16T07:10:40.391145+00:00", "action": "RECEIVE", "entity": "Inventory", "entity_id": 1, "details": {"product_id": 1, "manufacturer_id": 1, "location_id": 1, "batch_number": "GRN-2026-00001-1", "quantity": 500.0, "status": "OK"}}
{"timestamp": "2026-09-16T07:10:40.399541+00:00", "action": "QC_INSPECT", "entity": "QualityInspection", "entity_id": 1, "details": {"qc_number": "QC-2026-00001", "grn_id": 1, "grn_number": "GRN-2026-00001", "overall_disposition": "ACCEPTED", "item_count": 1}}
{"timestamp": "2026-09-16T07:10:40.447343+00:00", "action": "PO_CREATE", "entity": "PurchaseOrder", "entity_id": 1, "details": {"po_number": "PO-2026-00001", "quotation_id": null, "supplier_id": 1, "item_count": 1, "total_amount": 7375.0}}
{"timestamp": "2026-09-16T07:10:40.448763+00:00", "action": "PO_SEND", "entity": "PurchaseOrder", "entity_id": 1, "details": {"po_number": "PO-2026-00001", "approved_by": "Priya Sharma"}}
{"timestamp": "2026-09-16T07:10:40.449996+00:00", "action": "PO_CONFIRM", "entity": "PurchaseOrder", "entity_id": 1, "details": {"po_number": "PO-2026-00001"}}
{"timestamp": "2026-09-16T07:10:40.459166+00:00", "action": "GRN_CREATE", "entity": "GoodsReceipt", "entity_id": 1, "details": {"grn_number": "GRN-2026-00001", "po_id": 1, "po_number": "PO-2026-00001", "item_count": 1, "po_status": "RECEIVED"}}
{"timestamp": "2026-09-16T07:10:40.465581+00:00", "action": "RECEIVE", "entity": "Inventory", "entity_id": 1, "details": {"product_id": 1, "manufacturer_id": 1, "location_id": 1, "batch_number": "GRN-2026-00001-1", "quantity": 100.0, "status": "OK"}}
{"timestamp": "2026-09-16T07:10:40.472319+00:00", "action": "QC_INSPECT", "entity": "QualityInspection", "entity_id": 1, "details": {"qc_number": "QC-2026-00001", "grn_id": 1, "grn_number": "GRN-2026-00001", "overall_disposition": "ACCEPTED", "item_count": 1}}
{"timestamp": "2026-09-16T07:10:40.475579+00:00", "action": "PO_CREATE", "entity": "PurchaseOrder", "entity_id": 2, "details": {"po_number": "PO-2026-00002", "quotation_id": null, "supplier_id": 1, "item_count": 1, "total_amount": 14750.0}}
{"timestamp": "2026-09-16T07:10:40.476517+00:00", "action": "PO_SEND", "entity": "PurchaseOrder", "entity_id": 2, "details": {"po_number": "PO-2026-00002", "approved_by": "Priya Sharma"}}
{"timestamp": "2026-09-16T07:10:40.477341+00:00", "action": "PO_CONFIRM", "entity": "PurchaseOrder", "entity_id": 2, "details": {"po_number": "PO-2026-00002"}}
{"timestamp": "2026-09-16T07:10:40.481359+00:00", "action": "GRN_CREATE", "entity": "GoodsReceipt", "entity_id": 2, "details": {"grn_number": "GRN-2026-00002", "po_id": 2, "po_number": "PO-2026-00002", "item_count": 1, "po_status": "RECEIVED"}}
{"timestamp": "2026-09-16T07:10:40.484435+00:00", "action": "RECEIVE", "entity": "Inventory", "entity_id": 2, "details": {"product_id": 1, "manufacturer_id": 1, "location_id": 1, "batch_number": "GRN-2026-00002-2", "quantity": 200.0, "status": "OK"}}
{"timestamp": "2026-09-16T07:10:40.487793+00:00", "action": "QC_INSPECT", "entity": "QualityInspection", "entity_id": 2, "details": {"qc_number": "QC-2026-00002", "grn_id": 2, "grn_number": "GRN-2026-00002", "overall_disposition": "ACCEPTED", "item_count": 1}}
{"timestamp": "2026-09-16T07:10:40.559060+00:00", "action": "PO_CREATE", "entity": "PurchaseOrder", "entity_id": 1, "details": {"po_number": "PO-2026-00001", "quotation_id": null, "supplier_id": 1, "item_count": 1, "total_amount": 36875.0}}
{"timestamp": "2026-09-16T07:10:40.560437+00:00", "action": "PO_SEND", "entity": "PurchaseOrder", "entity_id": 1, "details": {"po_number": "PO-2026-00001", "approved_by": "Priya Sharma"}}
{"timestamp": "2026-09-16T07:10:40.561592+00:00", "action": "PO_CONFIRM", "entity": "PurchaseOrder", "entity_id": 1, "details": {"po_number": "PO-2026-00001"}}
{"timestamp": "2026-09-16T07:10:40.569340+00:00", "action": "GRN_CREATE", "entity": "GoodsReceipt", "entity_id": 1, "details": {"grn_number": "GRN-2026-00001", "po_id": 1, "po_number": "PO-2026-00001", "item_count": 1, "po_status": "RECEIVED"}}
{"timestamp": "2026-09-16T07:10:40.575551+00:00", "action": "RECEIVE", "entity": "Inventory", "entity_id": 1, "details": {"product_id": 1, "manufacturer_id": 1, "location_id": 1, "batch_number": "GRN-2026-00001-1", "quantity": 500.0, "status": "OK"}}
{"timestamp": "2026-09-16T07:10:40.582310+00:00", "action": "QC_INSPECT", "entity": "QualityInspection", "entity_id": 1, "details": {"qc_number": "QC-2026-00001", "grn_id": 1, "grn_number": "GRN-2026-00001", "overall_disposition": "ACCEPTED", "item_count": 1}}
{"timestamp": "2026-09-16T07:10:40.589831+00:00", "action": "INVOICE_INGEST", "entity": "VendorInvoice", "entity_id": 1, "details": {"po_id": 1, "supplier_id": 1, "source": "OCR_BOT", "item_count": 1, "unmatched_item_count": 0}}
{"timestamp": "2026-09-16T07:10:40.637640+00:00", "action": "PO_CREATE", "entity": "PurchaseOrder", "entity_id": 1, "details": {"po_number": "PO-2026-00001", "quotation_id": null, "supplier_id": 1, "item_count": 1, "total_amount": 36875.0}}
{"timestamp": "2026-09-16T07:10:40.638992+00:00", "action": "PO_SEND", "entity": "PurchaseOrder", "entity_id": 1, "details": {"po_number": "PO-2026-00001", "approved_by": "Priya Sharma"}}
{"timestamp": "2026-09-16T07:10:40.640146+00:00", "action": "PO_CONFIRM", "entity": "PurchaseOrder", "entity_id": 1, "details": {"po_number": "PO-2026-00001"}}
{"timestamp": "2026-09-16T07:10:40.649038+00:00", "action": "GRN_CREATE", "entity": "GoodsReceipt", "entity_id": 1, "details": {"grn_number": "GRN-2026-00001", "po_id": 1, "po_number": "PO-2026-00001", "item_count": 1, "po_status": "RECEIVED"}}
{"timestamp": "2026-09-16T07:10:40.655322+00:00", "action": "RECEIVE", "entity": "Inventory", "entity_id": 1, "details": {"product_id": 1, "manufacturer_id": 1, "location_id": 1, "batch_number": "GRN-2026-00001-1", "quantity": 500.0, "status": "OK"}}
{"timestamp": "2026-09-16T07:10:40.662175+00:00", "action": "QC_INSPECT", "entity": "QualityInspection", "entity_id": 1, "details": {"qc_number": "QC-2026-00001", "grn_id": 1, "grn_number": "GRN-2026-00001", "overall_disposition": "ACCEPTED", "item_count": 1}}
{"timestamp": "2026-09-16T07:10:40.668548+00:00", "action": "INVOICE_INGEST", "entity": "VendorInvoice", "entity_id": 1, "details": {"po_id": 1, "supplier_id": 1, "source": "OCR_BOT", "item_count": 1, "unmatched_item_count": 1}}
{"timestamp": "2026-09-16T07:10:40.716253+00:00", "action": "PO_CREATE", "entity": "PurchaseOrder", "entity_id": 1, "details": {"po_number": "PO-2026-00001", "quotation_id": null, "supplier_id": 1, "item_count": 1, "total_amount": 36875.0}}
{"timestamp": "2026-09-16T07:10:40.717604+00:00", "action": "PO_SEND", "entity": "PurchaseOrder", "entity_id": 1, "details": {"po_number": "PO-2026-00001", "approved_by": "Priya Sharma"}}
{"timestamp": "2026-09-16T07:10:40.718727+00:00", "action": "PO_CONFIRM", "entity": "PurchaseOrder", "entity_id": 1, "details": {"po_number": "PO-2026-00001"}}
{"timestamp": "2026-09-16T07:10:40.726539+00:00", "action": "GRN_CREATE", "entity": "GoodsReceipt", "entity_id": 1, "details": {"grn_number": "GRN-2026-00001", "po_id": 1, "po_number": "PO-2026-00001", "item_count": 1, "po_status": "RECEIVED"}}
{"timestamp": "2026-09-16T07:10:40.734049+00:00", "action": "RECEIVE", "entity": "Inventory", "entity_id": 1, "details": {"product_id": 1, "manufacturer_id": 1, "location_id": 1, "batch_number": "GRN-2026-00001-1", "quantity": 500.0, "status": "OK"}}
{"timestamp": "2026-09-16T07:10:40.741426+00:00", "action": "QC_INSPECT", "entity": "QualityInspection", "entity_id": 1, "details": {"qc_number": "QC-2026-00001", "grn_id": 1, "grn_number": "GRN-2026-00001", "overall_disposition": "ACCEPTED", "item_count": 1}}
{"timestamp": "2026-09-16T07:10:40.747893+00:00", "action": "INVOICE_INGEST", "entity": "VendorInvoice", "entity_id": 1, "details": {"po_id": 1, "supplier_id": 1, "source": "OCR_BOT", "item_count": 1, "unmatched_item_count": 1}}
{"timestamp": "2026-09-16T07:10:40.796645+00:00", "action": "PO_CREATE", "entity": "PurchaseOrder", "entity_id": 1, "details": {"po_number": "PO-2026-00001", "quotation_id": null, "supplier_id": 1, "item_count": 1, "total_amount": 36875.0}}
{"timestamp": "2026-09-16T07:10:40.798051+00:00", "action": "PO_SEND", "entity": "PurchaseOrder", "entity_id": 1, "details": {"po_number": "PO-2026-00001", "approved_by": "Priya Sharma"}}
{"timestamp": "2026-09-16T07:10:40.799240+00:00", "action": "PO_CONFIRM", "entity": "PurchaseOrder", "entity_id": 1, "details": {"po_number": "PO-2026-00001"}}
{"timestamp": "2026-09-16T07:10:40.807049+00:00", "action": "GRN_CREATE", "entity": "GoodsReceipt", "entity_id": 1, "details": {"grn_number": "GRN-2026-00001", "po_id": 1, "po_number": "PO-2026-00001", "item_count": 1, "po_status": "RECEIVED"}}
{"timestamp": "2026-09-16T07:10:40.813328+00:00", "action": "RECEIVE", "entity": "Inventory", "entity_id": 1, "details": {"product_id": 1, "manufacturer_id": 1, "location_id": 1, "batch_number": "GRN-2026-00001-1", "quantity": 500.0, "status": "OK"}}
{"timestamp": "2026-09-16T07:10:40.932065+00:00", "action": "QC_INSPECT", "entity": "QualityInspection", "entity_id": 1, "details": {"qc_number": "QC-2026-00001", "grn_id": 1, "grn_number": "GRN-2026-00001", "overall_disposition": "ACCEPTED", "item_count": 1}}
{"timestamp": "2026-09-16T07:10:40.939676+00:00", "action": "INVOICE_INGEST", "entity": "VendorInvoice", "entity_id": 1, "details": {"po_id": 1, "supplier_id": 1, "source": "OCR_BOT", "item_count": 1, "unmatched_item_count": 1}}
{"timestamp": "2026-09-16T07:10:40.942179+00:00", "action": "INVOICE_ITEM_UPDATE", "entity": "VendorInvoice", "entity_id": 1, "details": {"item_id": 1, "fields": ["po_item_id"]}}
{"timestamp": "2026-09-16T07:10:40.945125+00:00", "action": "INVOICE_MATCH", "entity": "VendorInvoice", "entity_id": 1, "details": {"matched_by": "Accounts Clerk", "result": "MATCHED"}}
{"timestamp": "2026-09-16T07:10:40.992657+00:00", "action": "PO_CREATE", "entity": "PurchaseOrder", "entity_id": 1, "details": {"po_number": "PO-2026-00001", "quotation_id": null, "supplier_id": 1, "item_count": 1, "total_amount": 36875.0}}
{"timestamp": "2026-09-16T07:10:40.994033+00:00", "action": "PO_SEND", "entity": "PurchaseOrder", "entity_id": 1, "details": {"po_number": "PO-2026-00001", "approved_by": "Priya Sharma"}}
{"timestamp": "2026-09-16T07:10:40.995174+00:00", "action": "PO_CONFIRM", "entity": "PurchaseOrder", "entity_id": 1, "details": {"po_number": "PO-2026-00001"}}
{"timestamp": "2026-09-16T07:10:41.002984+00:00", "action": "GRN_CREATE", "entity": "GoodsReceipt", "entity_id": 1, "details": {"grn_number": "GRN-2026-00001", "po_id": 1, "po_number": "PO-2026-00001", "item_count": 1, "po_status": "PARTIALLY_RECEIVED"}}
{"timestamp": "2026-09-16T07:10:41.007207+00:00", "action": "GRN_CREATE", "entity": "GoodsReceipt", "entity_id": 2, "details": {"grn_number": "GRN-2026-00002", "po_id": 1, "po_number": "PO-2026-00001", "item_count": 1, "po_status": "RECEIVED"}}
{"timestamp": "2026-09-16T07:10:41.012612+00:00", "action": "INVOICE_CREATE", "entity": "VendorInvoice", "entity_id": 1, "details": {"po_id": 1, "supplier_id": 1, "item_count": 1}}
{"timestamp": "2026-09-16T07:10:41.063263+00:00", "action": "PO_CREATE", "entity": "PurchaseOrder", "entity_id": 1, "details": {"po_number": "PO-2026-00001", "quotation_id": null, "supplier_id": 1, "item_count": 1, "total_amount": 36875.0}}
{"timestamp": "2026-09-16T07:10:41.064604+00:00", "action": "PO_SEND", "entity": "PurchaseOrder", "entity_id": 1, "details": {"po_number": "PO-2026-00001", "approved_by": "Priya Sharma"}}
{"timestamp": "2026-09-16T07:10:41.065748+00:00", "action": "PO_CONFIRM", "entity": "PurchaseOrder", "entity_id": 1, "details": {"po_number": "PO-2026-00001"}}
{"timestamp": "2026-09-16T07:10:41.073601+00:00", "action": "GRN_CREATE", "entity": "GoodsReceipt", "entity_id": 1, "details": {"grn_number": "GRN-2026-00001", "po_id": 1, "po_number": "PO-2026-00001", "item_count": 1, "po_status": "RECEIVED"}}
{"timestamp": "2026-09-16T07:10:41.079886+00:00", "action": "RECEIVE", "entity": "Inventory", "entity_id": 1, "details": {"product_id": 1, "manufacturer_id": 1, "location_id": 1, "batch_number": "GRN-2026-00001-1", "quantity": 500.0, "status": "OK"}}
{"timestamp": "2026-09-16T07:10:41.086768+00:00", "action": "QC_INSPECT", "entity": "QualityInspection", "entity_id": 1, "details": {"qc_number": "QC-2026-00001", "grn_id": 1, "grn_number": "GRN-2026-00001", "overall_disposition": "ACCEPTED", "item_count": 1}}
{"timestamp": "2026-09-16T07:10:41.092629+00:00", "action": "INVOICE_CREATE", "entity": "VendorInvoice", "entity_id": 1, "details": {"po_id": 1, "supplier_id": 1, "item_count": 1}}
{"timestamp": "2026-09-16T07:10:41.095410+00:00", "action": "INVOICE_MATCH", "entity": "VendorInvoice", "entity_id": 1, "details": {"matched_by": "Accounts Clerk", "result": "MATCHED"}}
{"timestamp": "2026-09-16T07:10:41.143206+00:00", "action": "PO_CREATE", "entity": "PurchaseOrder", "entity_id": 1, "details": {"po_number": "PO-2026-00001", "quotation_id": null, "supplier_id": 1, "item_count": 1, "total_amount": 36875.0}}
{"timestamp": "2026-09-16T07:10:41.144516+00:00", "action": "PO_SEND", "entity": "PurchaseOrder", "entity_id": 1, "details": {"po_number": "PO-2026-00001", "approved_by": "Priya Sharma"}}
{"timestamp": "2026-09-16T07:10:41.145669+00:00", "action": "PO_CONFIRM", "entity": "PurchaseOrder", "entity_id": 1, "details": {"po_number": "PO-2026-00001"}}
{"timestamp": "2026-09-16T07:10:41.153537+00:00", "action": "GRN_CREATE", "entity": "GoodsReceipt", "entity_id": 1, "details": {"grn_number": "GRN-2026-00001", "po_id": 1, "po_number": "PO-2026-00001", "item_count": 1, "po_status": "RECEIVED"}}
{"timestamp": "2026-09-16T07:10:41.159659+00:00", "action": "RECEIVE", "entity": "Inventory", "entity_id": 1, "details": {"product_id": 1, "manufacturer_id": 1, "location_id": 1, "batch_number": "GRN-2026-00001-1", "quantity": 500.0, "status": "OK"}}
{"timestamp": "2026-09-16T07:10:41.167769+00:00", "action": "QC_INSPECT", "entity": "QualityInspection", "entity_id": 1, "details": {"qc_number": "QC-2026-00001", "grn_id": 1, "grn_number": "GRN-2026-00001", "overall_disposition": "ACCEPTED", "item_count": 1}}
{"timestamp": "2026-09-16T07:10:41.173793+00:00", "action": "INVOICE_CREATE", "entity": "VendorInvoice", "entity_id": 1, "details": {"po_id": 1, "supplier_id": 1, "item_count": 1}}
{"timestamp": "2026-09-16T07:10:41.176536+00:00", "action": "INVOICE_MATCH", "entity": "VendorInvoice", "entity_id": 1, "details": {"matched_by": "Accounts Clerk", "result": "MISMATCH"}}
{"timestamp": "2026-09-16T07:10:41.226987+00:00", "action": "PO_CREATE", "entity": "PurchaseOrder", "entity_id": 1, "details": {"po_number": "PO-2026-00001", "quotation_id": null, "supplier_id": 1, "item_count": 1, "total_amount": 36875.0}}
{"timestamp": "2026-09-16T07:10:41.228409+00:00", "action": "PO_SEND", "entity": "PurchaseOrder", "entity_id": 1, "details": {"po_number": "PO-2026-00001", "approved_by": "Priya Sharma"}}
{"timestamp": "2026-09-16T07:10:41.229556+00:00", "action": "PO_CONFIRM", "entity": "PurchaseOrder", "entity_id": 1, "details": {"po_number": "PO-2026-00001"}}
{"timestamp": "2026-09-16T07:10:41.237582+00:00", "action": "GRN_CREATE", "entity": "GoodsReceipt", "entity_id": 1, "details": {"grn_number": "GRN-2026-00001", "po_id": 1, "po_number": "PO-2026-00001", "item_count": 1, "po_status": "RECEIVED"}}
{"timestamp": "2026-09-16T07:10:41.243950+00:00", "action": "RECEIVE", "entity": "Inventory", "entity_id": 1, "details": {"product_id": 1, "manufacturer_id": 1, "location_id": 1, "batch_number": "GRN-2026-00001-1", "quantity": 500.0, "status": "OK"}}
{"timestamp": "2026-09-16T07:10:41.250957+00:00", "action": "QC_INSPECT", "entity": "QualityInspection", "entity_id": 1, "details": {"qc_number": "QC-2026-00001", "grn_id": 1, "grn_number": "GRN-2026-00001", "overall_disposition": "ACCEPTED", "item_count": 1}}
{"timestamp": "2026-09-16T07:10:41.256985+00:00", "action": "INVOICE_CREATE", "entity": "VendorInvoice", "entity_id": 1, "details": {"po_id": 1, "supplier_id": 1, "item_count": 1}}
{"timestamp": "2026-09-16T07:10:41.259771+00:00", "action": "INVOICE_MATCH", "entity": "VendorInvoice", "entity_id": 1, "details": {"matched_by": "Accounts Clerk", "result": "MISMATCH"}}
{"timestamp": "2026-09-16T07:10:41.308834+00:00", "action": "PO_CREATE", "entity": "PurchaseOrder", "entity_id": 1, "details": {"po_number": "PO-2026-00001", "quotation_id": null, "supplier_id": 1, "item_count": 1, "total_amount": 36875.0}}
{"timestamp": "2026-09-16T07:10:41.310244+00:00", "action": "PO_SEND", "entity": "PurchaseOrder", "entity_id": 1, "details": {"po_number": "PO-2026-00001", "approved_by": "Priya Sharma"}}
{"timestamp": "2026-09-16T07:10:41.311355+00:00", "action": "PO_CONFIRM", "entity": "PurchaseOrder", "entity_id": 1, "details": {"po_number": "PO-2026-00001"}}
{"timestamp": "2026-09-16T07:10:41.319447+00:00", "action": "GRN_CREATE", "entity": "GoodsReceipt", "entity_id": 1, "details": {"grn_number": "GRN-2026-00001", "po_id": 1, "po_number": "PO-2026-00001", "item_count": 1, "po_status": "RECEIVED"}}
{"timestamp": "2026-09-16T07:10:41.325699+00:00", "action": "RECEIVE", "entity": "Inventory", "entity_id": 1, "details": {"product_id": 1, "manufacturer_id": 1, "location_id": 1, "batch_number": "GRN-2026-00001-1", "quantity": 500.0, "status": "OK"}}
{"timestamp": "2026-09-16T07:10:41.332594+00:00", "action": "QC_INSPECT", "entity": "QualityInspection", "entity_id": 1, "details": {"qc_number": "QC-2026-00001", "grn_id": 1, "grn_number": "GRN-2026-00001", "overall_disposition": "ACCEPTED", "item_count": 1}}
{"timestamp": "2026-09-16T07:10:41.339761+00:00", "action": "INVOICE_CREATE", "entity": "VendorInvoice", "entity_id": 1, "details": {"po_id": 1, "supplier_id": 1, "item_count": 1}}
{"timestamp": "2026-09-16T07:10:41.342527+00:00", "action": "INVOICE_MATCH", "entity": "VendorInvoice", "entity_id": 1, "details": {"matched_by": "Accounts Clerk", "result": "MISMATCH"}}
{"timestamp": "2026-09-16T07:10:41.344553+00:00", "action": "INVOICE_ITEM_UPDATE", "entity": "VendorInvoice", "entity_id": 1, "details": {"item_id": 1, "fields": ["quantity"]}}
{"timestamp": "2026-09-16T07:10:41.347626+00:00", "action": "INVOICE_MATCH", "entity": "VendorInvoice", "entity_id": 1, "details": {"matched_by": "Accounts Clerk", "result": "MATCHED"}}
{"timestamp": "2026-09-16T07:10:41.379245+00:00", "action": "PO_CREATE", "entity": "PurchaseOrder", "entity_id": 1, "details": {"po_number": "PO-2026-00001", "quotation_id": null, "supplier_id": 1, "item_count": 1, "total_amount": 36875.0}}
{"timestamp": "2026-09-16T07:10:41.380533+00:00", "action": "PO_SEND", "entity": "PurchaseOrder", "entity_id": 1, "details": {"po_number": "PO-2026-00001", "approved_by": "Priya Sharma"}}
{"timestamp": "2026-09-16T07:10:41.381685+00:00", "action": "PO_CONFIRM", "entity": "PurchaseOrder", "entity_id": 1, "details": {"po_number": "PO-2026-00001"}}
{"timestamp": "2026-09-16T07:10:41.387806+00:00", "action": "INVOICE_CREATE", "entity": "VendorInvoice", "entity_id": 1, "details": {"po_id": 1, "supplier_id": 1, "item_count": 1}}
{"timestamp": "2026-09-16T07:10:41.440757+00:00", "action": "PO_CREATE", "entity": "PurchaseOrder", "entity_id": 1, "details": {"po_number": "PO-2026-00001", "quotation_id": null, "supplier_id": 1, "item_count": 2, "total_amount": 45135.0}}
{"timestamp": "2026-09-16T07:10:41.442320+00:00", "action": "PO_SEND", "entity": "PurchaseOrder", "entity_id": 1, "details": {"po_number": "PO-2026-00001", "approved_by": "Priya Sharma"}}
{"timestamp": "2026-09-16T07:10:41.443429+00:00", "action": "PO_CONFIRM", "entity": "PurchaseOrder", "entity_id": 1, "details": {"po_number": "PO-2026-00001"}}
{"timestamp": "2026-09-16T07:10:41.454525+00:00", "action": "GRN_CREATE", "entity": "GoodsReceipt", "entity_id": 1, "details": {"grn_number": "GRN-2026-00001", "po_id": 1, "po_number": "PO-2026-00001", "item_count": 1, "po_status": "PARTIALLY_RECEIVED"}}
{"timestamp": "2026-09-16T07:10:41.460968+00:00", "action": "INVOICE_CREATE", "entity": "VendorInvoice", "entity_id": 1, "details": {"po_id": 1, "supplier_id": 1, "item_count": 2}}
{"timestamp": "2026-09-16T07:10:41.465214+00:00", "action": "INVOICE_MATCH", "entity": "VendorInvoice", "entity_id": 1, "details": {"matched_by": "Accounts Clerk", "result": "MISMATCH"}}
{"timestamp": "2026-09-16T07:10:41.516476+00:00", "action": "PO_CREATE", "entity": "PurchaseOrder", "entity_id": 1, "details": {"po_number": "PO-2026-00001", "quotation_id": null, "supplier_id": 1, "item_count": 1, "total_amount": 36875.0}}
{"timestamp": "2026-09-16T07:10:41.518042+00:00", "action": "PO_SEND", "entity": "PurchaseOrder", "entity_id": 1, "details": {"po_number": "PO-2026-00001", "approved_by": "Priya Sharma"}}
{"timestamp": "2026-09-16T07:10:41.519251+00:00", "action": "PO_CONFIRM", "entity": "PurchaseOrder", "entity_id": 1, "details": {"po_number": "PO-2026-00001"}}
{"timestamp": "2026-09-16T07:10:41.527623+00:00", "action": "GRN_CREATE", "entity": "GoodsReceipt", "entity_id": 1, "details": {"grn_number": "GRN-2026-00001", "po_id": 1, "po_number": "PO-2026-00001", "item_count": 1, "po_status": "RECEIVED"}}
{"timestamp": "2026-09-16T07:10:41.534659+00:00", "action": "RECEIVE", "entity": "Inventory", "entity_id": 1, "details": {"product_id": 1, "manufacturer_id": 1, "location_id": 1, "batch_number": "GRN-2026-00001-1", "quantity": 500.0, "status": "OK"}}
{"timestamp": "2026-09-16T07:10:41.542800+00:00", "action": "QC_INSPECT", "entity": "QualityInspection", "entity_id": 1, "details": {"qc_number": "QC-2026-00001", "grn_id": 1, "grn_number": "GRN-2026-00001", "overall_disposition": "ACCEPTED", "item_count": 1}}
{"timestamp": "2026-09-16T07:10:41.548782+00:00", "action": "INVOICE_CREATE", "entity": "VendorInvoice", "entity_id": 1, "details": {"po_id": 1, "supplier_id": 1, "item_count": 1}}
{"timestamp": "2026-09-16T07:10:41.597442+00:00", "action": "PO_CREATE", "entity": "PurchaseOrder", "entity_id": 1, "details": {"po_number": "PO-2026-00001", "quotation_id": null, "supplier_id": 1, "item_count": 1, "total_amount": 36875.0}}
{"timestamp": "2026-09-16T07:10:41.598837+00:00", "action": "PO_SEND", "entity": "PurchaseOrder", "entity_id": 1, "details": {"po_number": "PO-2026-00001", "approved_by": "Priya Sharma"}}
{"timestamp": "2026-09-16T07:10:41.599943+00:00", "action": "PO_CONFIRM", "entity": "PurchaseOrder", "entity_id": 1, "details": {"po_number": "PO-2026-00001"}}
{"timestamp": "2026-09-16T07:10:41.735366+00:00", "action": "GRN_CREATE", "entity": "GoodsReceipt", "entity_id": 1, "details": {"grn_number": "GRN-2026-00001", "po_id": 1, "po_number": "PO-2026-00001", "item_count": 1, "po_status": "RECEIVED"}}
{"timestamp": "2026-09-16T07:10:41.742081+00:00", "action": "RECEIVE", "entity": "Inventory", "entity_id": 1, "details": {"product_id": 1, "manufacturer_id": 1, "location_id": 1, "batch_number": "GRN-2026-00001-1", "quantity": 500.0, "status": "OK"}}
{"timestamp": "2026-09-16T07:10:41.748994+00:00", "action": "QC_INSPECT", "entity": "QualityInspection", "entity_id": 1, "details": {"qc_number": "QC-2026-00001", "grn_id": 1, "grn_number": "GRN-2026-00001", "overall_disposition": "ACCEPTED", "item_count": 1}}
{"timestamp": "2026-09-16T07:10:41.755048+00:00", "action": "INVOICE_CREATE", "entity": "VendorInvoice", "entity_id": 1, "details": {"po_id": 1, "supplier_id": 1, "item_count": 1}}
{"timestamp": "2026-09-16T07:10:41.757873+00:00", "action": "INVOICE_MATCH", "entity": "VendorInvoice", "entity_id": 1, "details": {"matched_by": "Accounts Clerk", "result": "MATCHED"}}
{"timestamp": "2026-09-16T07:10:41.759123+00:00", "action": "INVOICE_APPROVE_PAYMENT", "entity": "VendorInvoice", "entity_id": 1, "details": {"approved_by": "Finance Manager"}}
{"timestamp": "2026-09-16T07:10:41.760275+00:00", "action": "INVOICE_MARK_PAID", "entity": "VendorInvoice", "entity_id": 1, "details": {"paid_by": "Finance Manager"}}
{"timestamp": "2026-09-16T07:10:41.808342+00:00", "action": "PO_CREATE", "entity": "PurchaseOrder", "entity_id": 1, "details": {"po_number": "PO-2026-00001", "quotation_id": null, "supplier_id": 1, "item_count": 1, "total_amount": 36875.0}}
{"timestamp": "2026-09-16T07:10:41.809894+00:00", "action": "PO_SEND", "entity": "PurchaseOrder", "entity_id": 1, "details": {"po_number": "PO-2026-00001", "approved_by": "Priya Sharma"}}
{"timestamp": "2026-09-16T07:10:41.811048+00:00", "action": "PO_CONFIRM", "entity": "PurchaseOrder", "entity_id": 1, "details": {"po_number": "PO-2026-00001"}}
{"timestamp": "2026-09-16T07:10:41.818885+00:00", "action": "GRN_CREATE", "entity": "GoodsReceipt", "entity_id": 1, "details": {"grn_number": "GRN-2026-00001", "po_id": 1, "po_number": "PO-2026-00001", "item_count": 1, "po_status": "RECEIVED"}}
{"timestamp": "2026-09-16T07:10:41.825298+00:00", "action": "RECEIVE", "entity": "Inventory", "entity_id": 1, "details": {"product_id": 1, "manufacturer_id": 1, "location_id": 1, "batch_number": "GRN-2026-00001-1", "quantity": 500.0, "status": "OK"}}
{"timestamp": "2026-09-16T07:10:41.831997+00:00", "action": "QC_INSPECT", "entity": "QualityInspection", "entity_id": 1, "details": {"qc_number": "QC-2026-00001", "grn_id": 1, "grn_number": "GRN-2026-00001", "overall_disposition": "ACCEPTED", "item_count": 1}}
{"timestamp": "2026-09-16T07:10:41.838354+00:00", "action": "INVOICE_CREATE", "entity": "VendorInvoice", "entity_id": 1, "details": {"po_id": 1, "supplier_id": 1, "item_count": 1}}
{"timestamp": "2026-09-16T07:10:41.887982+00:00", "action": "PO_CREATE", "entity": "PurchaseOrder", "entity_id": 1, "details": {"po_number": "PO-2026-00001", "quotation_id": null, "supplier_id": 1, "item_count": 1, "total_amount": 36875.0}}
{"timestamp": "2026-09-16T07:10:41.889376+00:00", "action": "PO_SEND", "entity": "PurchaseOrder", "entity_id": 1, "details": {"po_number": "PO-2026-00001", "approved_by": "Priya Sharma"}}
{"timestamp": "2026-09-16T07:10:41.890535+00:00", "action": "PO_CONFIRM", "entity": "PurchaseOrder", "entity_id": 1, "details": {"po_number": "PO-2026-00001"}}
{"timestamp": "2026-09-16T07:10:41.898578+00:00", "action": "GRN_CREATE", "entity": "GoodsReceipt", "entity_id": 1, "details": {"grn_number": "GRN-2026-00001", "po_id": 1, "po_number": "PO-2026-00001", "item_count": 1, "po_status": "RECEIVED"}}
{"timestamp": "2026-09-16T07:10:41.907119+00:00", "action": "RECEIVE", "entity": "Inventory", "entity_id": 1, "details": {"product_id": 1, "manufacturer_id": 1, "location_id": 1, "batch_number": "GRN-2026-00001-1", "quantity": 500.0, "status": "OK"}}
{"timestamp": "2026-09-16T07:10:41.914155+00:00", "action": "QC_INSPECT", "entity": "QualityInspection", "entity_id": 1, "details": {"qc_number": "QC-2026-00001", "grn_id": 1, "grn_number": "GRN-2026-00001", "overall_disposition": "ACCEPTED", "item_count": 1}}
{"timestamp": "2026-09-16T07:10:41.920339+00:00", "action": "INVOICE_CREATE", "entity": "VendorInvoice", "entity_id": 1, "details": {"po_id": 1, "supplier_id": 1, "item_count": 1}}
{"timestamp": "2026-09-16T07:10:41.923072+00:00", "action": "INVOICE_MATCH", "entity": "VendorInvoice", "entity_id": 1, "details": {"matched_by": "Accounts Clerk", "result": "MATCHED"}}
{"timestamp": "2026-09-16T07:10:41.972562+00:00", "action": "PO_CREATE", "entity": "PurchaseOrder", "entity_id": 1, "details": {"po_number": "PO-2026-00001", "quotation_id": null, "supplier_id": 1, "item_count": 1, "total_amount": 36875.0}}
{"timestamp": "2026-09-16T07:10:41.973975+00:00", "action": "PO_SEND", "entity": "PurchaseOrder", "entity_id": 1, "details": {"po_number": "PO-2026-00001", "approved_by": "Priya Sharma"}}
{"timestamp": "2026-09-16T07:10:41.975129+00:00", "action": "PO_CONFIRM", "entity": "PurchaseOrder", "entity_id": 1, "details": {"po_number": "PO-2026-00001"}}
{"timestamp": "2026-09-16T07:10:41.983022+00:00", "action": "GRN_CREATE", "entity": "GoodsReceipt", "entity_id": 1, "details": {"grn_number": "GRN-2026-00001", "po_id": 1, "po_number": "PO-2026-00001", "item_count": 1, "po_status": "RECEIVED"}}
{"timestamp": "2026-09-16T07:10:41.989287+00:00", "action": "RECEIVE", "entity": "Inventory", "entity_id": 1, "details": {"product_id": 1, "manufacturer_id": 1, "location_id": 1, "batch_number": "GRN-2026-00001-1", "quantity": 500.0, "status": "OK"}}
{"timestamp": "2026-09-16T07:10:41.996266+00:00", "action": "QC_INSPECT", "entity": "QualityInspection", "entity_id": 1, "details": {"qc_number": "QC-2026-00001", "grn_id": 1, "grn_number": "GRN-2026-00001", "overall_disposition": "ACCEPTED", "item_count": 1}}
{"timestamp": "2026-09-16T07:10:42.002370+00:00", "action": "INVOICE_CREATE", "entity": "VendorInvoice", "entity_id": 1, "details": {"po_id": 1, "supplier_id": 1, "item_count": 1}}
{"timestamp": "2026-09-16T07:10:42.034682+00:00", "action": "QUOTATION_CREATE", "entity": "VendorQuotation", "entity_id": 1, "details": {"supplier_id": 1, "rfq_id": null, "item_count": 1}}
{"timestamp": "2026-09-16T07:10:42.063248+00:00", "action": "RFQ_CREATE", "entity": "RFQ", "entity_id": 1, "details": {"rfq_number": "RFQ-2026-00001", "item_count": 1, "pr_id": null}}
{"timestamp": "2026-09-16T07:10:42.068144+00:00", "action": "RFQ_SEND", "entity": "RFQ", "entity_id": 1, "details": {"rfq_number": "RFQ-2026-00001", "supplier_ids": [1, 2], "channel": "API"}}
{"timestamp": "2026-09-16T07:10:42.077038+00:00", "action": "QUOTATION_CREATE", "entity": "VendorQuotation", "entity_id": 1, "details": {"supplier_id": 1, "rfq_id": 1, "item_count": 1}}
{"timestamp": "2026-09-16T07:10:42.127203+00:00", "action": "QUOTATION_CREATE", "entity": "VendorQuotation", "entity_id": 1, "details": {"supplier_id": 1, "rfq_id": null, "item_count": 1}}
{"timestamp": "2026-09-16T07:10:42.128587+00:00", "action": "QUOTATION_SELECT", "entity": "VendorQuotation", "entity_id": 1, "details": {"rfq_id": null}}
{"timestamp": "2026-09-16T07:10:42.156224+00:00", "action": "QUOTATION_CREATE", "entity": "VendorQuotation", "entity_id": 1, "details": {"supplier_id": 1, "rfq_id": null, "item_count": 1}}
{"timestamp": "2026-09-16T07:10:42.186243+00:00", "action": "QUOTATION_CREATE", "entity": "VendorQuotation", "entity_id": 1, "details": {"supplier_id": 1, "rfq_id": null, "item_count": 1}}
{"timestamp": "2026-09-16T07:10:42.216029+00:00", "action": "RFQ_CREATE", "entity": "RFQ", "entity_id": 1, "details": {"rfq_number": "RFQ-2026-00001", "item_count": 1, "pr_id": null}}
{"timestamp": "2026-09-16T07:10:42.221356+00:00", "action": "RFQ_SEND", "entity": "RFQ", "entity_id": 1, "details": {"rfq_number": "RFQ-2026-00001", "supplier_ids": [1, 2], "channel": "API"}}
{"timestamp": "2026-09-16T07:10:42.230579+00:00", "action": "QUOTATION_CREATE", "entity": "VendorQuotation", "entity_id": 1, "details": {"supplier_id": 1, "rfq_id": 1, "item_count": 1}}
{"timestamp": "2026-09-16T07:10:42.235051+00:00", "action": "QUOTATION_CREATE", "entity": "VendorQuotation", "entity_id": 2, "details": {"supplier_id": 2, "rfq_id": 1, "item_count": 1}}
{"timestamp": "2026-09-16T07:10:42.239501+00:00", "action": "QUOTATION_SELECT", "entity": "VendorQuotation", "entity_id": 1, "details": {"rfq_id": 1}}
{"timestamp": "2026-09-16T07:10:42.273273+00:00", "action": "QUOTATION_CREATE", "entity": "VendorQuotation", "entity_id": 1, "details": {"supplier_id": 1, "rfq_id": null, "item_count": 1}}
{"timestamp": "2026-09-16T07:10:42.275893+00:00", "action": "QUOTATION_REJECT", "entity": "VendorQuotation", "entity_id": 1, "details": {"rejected_by": "Priya Sharma", "reason": "Rate too high vs. last PO"}}
{"timestamp": "2026-09-16T07:10:42.307518+00:00", "action": "QUOTATION_CREATE", "entity": "VendorQuotation", "entity_id": 1, "details": {"supplier_id": 1, "rfq_id": null, "item_count": 1}}
{"timestamp": "2026-09-16T07:10:42.308744+00:00", "action": "QUOTATION_SELECT", "entity": "VendorQuotation", "entity_id": 1, "details": {"rfq_id": null}}
{"timestamp": "2026-09-17T05:03:00.114033+00:00", "action": "PO_CREATE", "entity": "PurchaseOrder", "entity_id": 1, "details": {"po_number": "PO-2026-00001", "quotation_id": null, "supplier_id": 1, "item_count": 1, "total_amount": 36875.0}}
{"timestamp": "2026-09-17T05:03:00.116263+00:00", "action": "PO_SEND", "entity": "PurchaseOrder", "entity_id": 1, "details": {"po_number": "PO-2026-00001", "approved_by": "Priya Sharma"}}
{"timestamp": "2026-09-17T05:03:00.117309+00:00", "action": "PO_CONFIRM", "entity": "PurchaseOrder", "entity_id": 1, "details": {"po_number": "PO-2026-00001"}}
{"timestamp": "2026-09-17T05:03:00.125893+00:00", "action": "GRN_CREATE", "entity": "GoodsReceipt", "entity_id": 1, "details": {"grn_number": "GRN-2026-00001", "po_id": 1, "po_number": "PO-2026-00001", "item_count": 1, "po_status": "RECEIVED"}}
{"timestamp": "2026-09-17T05:03:00.152986+00:00", "action": "PO_CREATE", "entity": "PurchaseOrder", "entity_id": 1, "details": {"po_number": "PO-2026-00001", "quotation_id": null, "supplier_id": 1, "item_count": 1, "total_amount": 36875.0}}
{"timestamp": "2026-09-17T05:03:00.154161+00:00", "action": "PO_SEND", "entity": "PurchaseOrder", "entity_id": 1, "details": {"po_number": "PO-2026-00001", "approved_by": "Priya Sharma"}}
{"timestamp": "2026-09-17T05:03:00.155109+00:00", "action": "PO_CONFIRM", "entity": "PurchaseOrder", "entity_id": 1, "details": {"po_number": "PO-2026-00001"}}
{"timestamp": "2026-09-17T05:03:00.163211+00:00", "action": "GRN_CREATE", "entity": "GoodsReceipt", "entity_id": 1, "details": {"grn_number": "GRN-2026-00001", "po_id": 1, "po_number": "PO-2026-00001", "item_count": 1, "po_status": "PARTIALLY_RECEIVED"}}
{"timestamp": "2026-09-17T05:03:00.189629+00:00", "action": "PO_CREATE", "entity": "PurchaseOrder", "entity_id": 1, "details": {"po_number": "PO-2026-00001", "quotation_id": null, "supplier_id": 1, "item_count": 1, "total_amount": 36875.0}}
{"timestamp": "2026-09-17T05:03:00.190994+00:00", "action": "PO_SEND", "entity": "PurchaseOrder", "entity_id": 1, "details": {"po_number": "PO-2026-00001", "approved_by": "Priya Sharma"}}
{"timestamp": "2026-09-17T05:03:00.192095+00:00", "action": "PO_CONFIRM", "entity": "PurchaseOrder", "entity_id": 1, "details": {"po_number": "PO-2026-00001"}}
{"timestamp": "2026-09-17T05:03:00.199975+00:00", "action": "GRN_CREATE", "entity": "GoodsReceipt", "entity_id": 1, "details": {"grn_number": "GRN-2026-00001", "po_id": 1, "po_number": "PO-2026-00001", "item_count": 1, "po_status": "PARTIALLY_RECEIVED"}}
{"timestamp": "2026-09-17T05:03:00.204043+00:00", "action": "GRN_CREATE", "entity": "GoodsReceipt", "entity_id": 2, "details": {"grn_number": "GRN-2026-00002", "po_id": 1, "po_number": "PO-2026-00001", "item_count": 1, "po_status": "RECEIVED"}}
{"timestamp": "2026-09-17T05:03:00.232748+00:00", "action": "PO_CREATE", "entity": "PurchaseOrder", "entity_id": 1, "details": {"po_number": "PO-2026-00001", "quotation_id": null, "supplier_id": 1, "item_count": 1, "total_amount": 1000.0}}
{"timestamp": "2026-09-17T05:03:00.271991+00:00", "action": "PO_CREATE", "entity": "PurchaseOrder", "entity_id": 1, "details": {"po_number": "PO-2026-00001", "quotation_id": null, "supplier_id": 1, "item_count": 1, "total_amount": 36875.0}}
{"timestamp": "2026-09-17T05:03:00.273302+00:00", "action": "PO_SEND", "entity": "PurchaseOrder", "entity_id": 1, "details": {"po_number": "PO-2026-00001", "approved_by": "Priya Sharma"}}
{"timestamp": "2026-09-17T05:03:00.274392+00:00", "action": "PO_CONFIRM", "entity": "PurchaseOrder", "entity_id": 1, "details": {"po_number": "PO-2026-00001"}}
{"timestamp": "2026-09-17T05:03:00.278670+00:00", "action": "PO_CREATE", "entity": "PurchaseOrder", "entity_id": 2, "details": {"po_number": "PO-2026-00002", "quotation_id": null, "supplier_id": 1, "item_count": 1, "total_amount": 500.0}}
{"timestamp": "2026-09-17T05:03:00.308203+00:00", "action": "PO_CREATE", "entity": "PurchaseOrder", "entity_id": 1, "details": {"po_number": "PO-2026-00001", "quotation_id": null, "supplier_id": 1, "item_count": 1, "total_amount": 36875.0}}
{"timestamp": "2026-09-17T05:03:00.309381+00:00", "action": "PO_SEND", "entity": "PurchaseOrder", "entity_id": 1, "details": {"po_number": "PO-2026-00001", "approved_by": "Priya Sharma"}}
{"timestamp": "2026-09-17T05:03:00.310347+00:00", "action": "PO_CONFIRM", "entity": "PurchaseOrder", "entity_id": 1, "details": {"po_number": "PO-2026-00001"}}
{"timestamp": "2026-09-17T05:03:00.319078+00:00", "action": "GRN_CREATE", "entity": "GoodsReceipt", "entity_id": 1, "details": {"grn_number": "GRN-2026-00001", "po_id": 1, "po_number": "PO-2026-00001", "item_count": 1, "po_status": "RECEIVED"}}
{"timestamp": "2026-09-17T05:03:00.348795+00:00", "action": "PO_CREATE", "entity": "PurchaseOrder", "entity_id": 1, "details": {"po_number": "PO-2026-00001", "quotation_id": null, "supplier_id": 1, "item_count": 1, "total_amount": 36875.0}}
{"timestamp": "2026-09-17T05:03:00.350299+00:00", "action": "PO_SEND", "entity": "PurchaseOrder", "entity_id": 1, "details": {"po_number": "PO-2026-00001", "approved_by": "Priya Sharma"}}
{"timestamp": "2026-09-17T05:03:00.351454+00:00", "action": "PO_CONFIRM", "entity": "PurchaseOrder", "entity_id": 1, "details": {"po_number": "PO-2026-00001"}}
{"timestamp": "2026-09-17T05:03:00.359625+00:00", "action": "GRN_CREATE", "entity": "GoodsReceipt", "entity_id": 1, "details": {"grn_number": "GRN-2026-00001", "po_id": 1, "po_number": "PO-2026-00001", "item_count": 1, "po_status": "RECEIVED"}}
{"timestamp": "2026-09-17T05:03:00.450131+00:00", "action": "RECEIVE", "entity": "Inventory", "entity_id": 1, "details": {"product_id": 1, "manufacturer_id": 1, "location_id": 1, "batch_number": "B-100", "quantity": 50.0, "status": "OK"}}
{"timestamp": "2026-09-17T05:03:00.486322+00:00", "action": "RECEIVE", "entity": "Inventory", "entity_id": 1, "details": {"product_id": 1, "manufacturer_id": 1, "location_id": 1, "batch_number": "B-100", "quantity": 10.0, "status": "OK"}}
{"timestamp": "2026-09-17T05:03:00.566247+00:00", "action": "RECEIVE", "entity": "Inventory", "entity_id": 1, "details": {"product_id": 1, "manufacturer_id": 1, "location_id": 1, "batch_number": "B-100", "quantity": 10.0, "status": "OK"}}
{"timestamp": "2026-09-17T05:03:00.567237+00:00", "action": "ISSUE", "entity": "Inventory", "entity_id": 1, "details": {"product_id": 1, "quantity_issued": 4, "quantity_before": 10.0, "quantity_after": 6.0}}
{"timestamp": "2026-09-17T05:03:00.589976+00:00", "action": "PR_CREATE", "entity": "PurchaseRequisition", "entity_id": 1, "details": {"pr_number": "PR-2026-00001", "department": "Production", "item_count": 1, "source": "MANUAL"}}
{"timestamp": "2026-09-17T05:03:00.593057+00:00", "action": "PR_CREATE", "entity": "PurchaseRequisition", "entity_id": 2, "details": {"pr_number": "PR-2026-00002", "department": "Production", "item_count": 1, "source": "MANUAL"}}
{"timestamp": "2026-09-17T05:03:00.594123+00:00", "action": "PR_SUBMIT", "entity": "PurchaseRequisition", "entity_id": 2, "details": {"pr_number": "PR-2026-00002"}}
{"timestamp": "2026-09-17T05:03:00.636698+00:00", "action": "PO_CREATE", "entity": "PurchaseOrder", "entity_id": 1, "details": {"po_number": "PO-2026-00001", "quotation_id": null, "supplier_id": 1, "item_count": 1, "total_amount": 7375.0}}
{"timestamp": "2026-09-17T05:03:00.637856+00:00", "action": "PO_SEND", "entity": "PurchaseOrder", "entity_id": 1, "details": {"po_number": "PO-2026-00001", "approved_by": "Priya Sharma"}}
{"timestamp": "2026-09-17T05:03:00.638651+00:00", "action": "PO_CONFIRM", "entity": "PurchaseOrder", "entity_id": 1, "details": {"po_number": "PO-2026-00001"}}
{"timestamp": "2026-09-17T05:03:00.641664+00:00", "action": "PO_CREATE", "entity": "PurchaseOrder", "entity_id": 2, "details": {"po_number": "PO-2026-00002", "quotation_id": null, "supplier_id": 1, "item_count": 1, "total_amount": 14750.0}}
{"timestamp": "2026-09-17T05:03:00.642500+00:00", "action": "PO_SEND", "entity": "PurchaseOrder", "entity_id": 2, "details": {"po_number": "PO-2026-00002", "approved_by": "Priya Sharma"}}
{"timestamp": "2026-09-17T05:03:00.643199+00:00", "action": "PO_CONFIRM", "entity": "PurchaseOrder", "entity_id": 2, "details": {"po_number": "PO-2026-00002"}}
{"timestamp": "2026-09-17T05:03:00.650850+00:00", "action": "GRN_CREATE", "entity": "GoodsReceipt", "entity_id": 1, "details": {"grn_number": "GRN-2026-00001", "po_id": 2, "po_number": "PO-2026-00002", "item_count": 1, "po_status": "PARTIALLY_RECEIVED"}}
{"timestamp": "2026-09-17T05:03:00.694393+00:00", "action": "PO_CREATE", "entity": "PurchaseOrder", "entity_id": 1, "details": {"po_number": "PO-2026-00001", "quotation_id": null, "supplier_id": 1, "item_count": 1, "total_amount": 7375.0}}
{"timestamp": "2026-09-17T05:03:00.695554+00:00", "action": "PO_SEND", "entity": "PurchaseOrder", "entity_id": 1, "details": {"po_number": "PO-2026-00001", "approved_by": "Priya Sharma"}}
{"timestamp": "2026-09-17T05:03:00.696545+00:00", "action": "PO_CONFIRM", "entity": "PurchaseOrder", "entity_id": 1, "details": {"po_number": "PO-2026-00001"}}
{"timestamp": "2026-09-17T05:03:00.706029+00:00", "action": "GRN_CREATE", "entity": "GoodsReceipt", "entity_id": 1, "details": {"grn_number": "GRN-2026-00001", "po_id": 1, "po_number": "PO-2026-00001", "item_count": 1, "po_status": "RECEIVED"}}
{"timestamp": "2026-09-17T05:03:00.715538+00:00", "action": "RECEIVE", "entity": "Inventory", "entity_id": 1, "details": {"product_id": 1, "manufacturer_id": 1, "location_id": 1, "batch_number": "GRN-2026-00001-1", "quantity": 100.0, "status": "OK"}}
{"timestamp": "2026-09-17T05:03:00.722805+00:00", "action": "QC_INSPECT", "entity": "QualityInspection", "entity_id": 1, "details": {"qc_number": "QC-2026-00001", "grn_id": 1, "grn_number": "GRN-2026-00001", "overall_disposition": "ACCEPTED", "item_count": 1}}
{"timestamp": "2026-09-17T05:03:00.752236+00:00", "action": "PO_CREATE", "entity": "PurchaseOrder", "entity_id": 1, "details": {"po_number": "PO-2026-00001", "quotation_id": null, "supplier_id": 1, "item_count": 1, "total_amount": 3687.5}}
{"timestamp": "2026-09-17T05:03:00.753425+00:00", "action": "PO_SEND", "entity": "PurchaseOrder", "entity_id": 1, "details": {"po_number": "PO-2026-00001", "approved_by": "Priya Sharma"}}
{"timestamp": "2026-09-17T05:03:00.754372+00:00", "action": "PO_CONFIRM", "entity": "PurchaseOrder", "entity_id": 1, "details": {"po_number": "PO-2026-00001"}}
{"timestamp": "2026-09-17T05:03:00.757591+00:00", "action": "PO_CREATE", "entity": "PurchaseOrder", "entity_id": 2, "details": {"po_number": "PO-2026-00002", "quotation_id": null, "supplier_id": 1, "item_count": 1, "total_amount": 3687.5}}
{"timestamp": "2026-09-17T05:03:00.758465+00:00", "action": "PO_SEND", "entity": "PurchaseOrder", "entity_id": 2, "details": {"po_number": "PO-2026-00002", "approved_by": "Priya Sharma"}}
{"timestamp": "2026-09-17T05:03:00.759175+00:00", "action": "PO_CONFIRM", "entity": "PurchaseOrder", "entity_id": 2, "details": {"po_number": "PO-2026-00002"}}
{"timestamp": "2026-09-17T05:03:00.761919+00:00", "action": "PO_CREATE", "entity": "PurchaseOrder", "entity_id": 3, "details": {"po_number": "PO-2026-00003", "quotation_id": null, "supplier_id": 1, "item_count": 1, "total_amount": 3687.5}}
{"timestamp": "2026-09-17T05:03:00.762650+00:00", "action": "PO_SEND", "entity": "PurchaseOrder", "entity_id": 3, "details": {"po_number": "PO-2026-00003", "approved_by": "Priya Sharma"}}
{"timestamp": "2026-09-17T05:03:00.763326+00:00", "action": "PO_CONFIRM", "entity": "PurchaseOrder", "entity_id": 3, "details": {"po_number": "PO-2026-00003"}}
{"timestamp": "2026-09-17T05:03:00.807227+00:00", "action": "PO_CREATE", "entity": "PurchaseOrder", "entity_id": 1, "details": {"po_number": "PO-2026-00001", "quotation_id": null, "supplier_id": 1, "item_count": 1, "total_amount": 3687.5}}
{"timestamp": "2026-09-17T05:03:00.808447+00:00", "action": "PO_SEND", "entity": "PurchaseOrder", "entity_id": 1, "details": {"po_number": "PO-2026-00001", "approved_by": "Priya Sharma"}}
{"timestamp": "2026-09-17T05:03:00.809417+00:00", "action": "PO_CONFIRM", "entity": "PurchaseOrder", "entity_id": 1, "details": {"po_number": "PO-2026-00001"}}
{"timestamp": "2026-09-17T05:03:00.816504+00:00", "action": "GRN_CREATE", "entity": "GoodsReceipt", "entity_id": 1, "details": {"grn_number": "GRN-2026-00001", "po_id": 1, "po_number": "PO-2026-00001", "item_count": 1, "po_status": "RECEIVED"}}
{"timestamp": "2026-09-17T05:03:00.882178+00:00", "action": "RECEIVE", "entity": "Inventory", "entity_id": 1, "details": {"product_id": 1, "manufacturer_id": 1, "location_id": 1, "batch_number": "B1", "quantity": 200.0, "status": "OK"}}
{"timestamp": "2026-09-17T05:03:00.960234+00:00", "action": "RECEIVE", "entity": "Inventory", "entity_id": 1, "details": {"product_id": 1, "manufacturer_id": 1, "location_id": 1, "batch_number": "B1", "quantity": 500.0, "status": "DMG"}}
{"timestamp": "2026-09-17T05:03:01.096591+00:00", "action": "PO_CREATE", "entity": "PurchaseOrder", "entity_id": 1, "details": {"po_number": "PO-2026-00001", "quotation_id": null, "supplier_id": 1, "item_count": 1, "total_amount": 5900.0}}
{"timestamp": "2026-09-17T05:03:01.120380+00:00", "action": "PO_CREATE", "entity": "PurchaseOrder", "entity_id": 1, "details": {"po_number": "PO-2026-00001", "quotation_id": null, "supplier_id": 1, "item_count": 1, "total_amount": 5900.0}}
{"timestamp": "2026-09-17T05:03:01.123731+00:00", "action": "PO_CREATE", "entity": "PurchaseOrder", "entity_id": 2, "details": {"po_number": "PO-2026-00002", "quotation_id": null, "supplier_id": 1, "item_count": 1, "total_amount": 5900.0}}
{"timestamp": "2026-09-17T05:03:01.185302+00:00", "action": "QUOTATION_CREATE", "entity": "VendorQuotation", "entity_id": 1, "details": {"supplier_id": 1, "rfq_id": null, "item_count": 1}}
{"timestamp": "2026-09-17T05:03:01.186926+00:00", "action": "QUOTATION_SELECT", "entity": "VendorQuotation", "entity_id": 1, "details": {"rfq_id": null}}
{"timestamp": "2026-09-17T05:03:01.193386+00:00", "action": "PO_CREATE", "entity": "PurchaseOrder", "entity_id": 1, "details": {"po_number": "PO-2026-00001", "quotation_id": 1, "supplier_id": 1, "item_count": 1, "total_amount": 36875.0}}
{"timestamp": "2026-09-17T05:03:01.219882+00:00", "action": "QUOTATION_CREATE", "entity": "VendorQuotation", "entity_id": 1, "details": {"supplier_id": 1, "rfq_id": null, "item_count": 1}}
{"timestamp": "2026-09-17T05:03:01.313960+00:00", "action": "QUOTATION_CREATE", "entity": "VendorQuotation", "entity_id": 1, "details": {"supplier_id": 1, "rfq_id": null, "item_count": 1}}
{"timestamp": "2026-09-17T05:03:01.315144+00:00", "action": "QUOTATION_SELECT", "entity": "VendorQuotation", "entity_id": 1, "details": {"rfq_id": null}}
{"timestamp": "2026-09-17T05:03:01.321269+00:00", "action": "PO_CREATE", "entity": "PurchaseOrder", "entity_id": 1, "details": {"po_number": "PO-2026-00001", "quotation_id": 1, "supplier_id": 1, "item_count": 1, "total_amount": 36875.0}}
{"timestamp": "2026-09-17T05:03:01.360625+00:00", "action": "PO_CREATE", "entity": "PurchaseOrder", "entity_id": 1, "details": {"po_number": "PO-2026-00001", "quotation_id": null, "supplier_id": 1, "item_count": 1, "total_amount": 5900.0}}
{"timestamp": "2026-09-17T05:03:01.361919+00:00", "action": "PO_UPDATE", "entity": "PurchaseOrder", "entity_id": 1, "details": {"po_number": "PO-2026-00001"}}
{"timestamp": "2026-09-17T05:03:01.363353+00:00", "action": "PO_SEND", "entity": "PurchaseOrder", "entity_id": 1, "details": {"po_number": "PO-2026-00001", "approved_by": "Priya Sharma"}}
{"timestamp": "2026-09-17T05:03:01.389458+00:00", "action": "PO_CREATE", "entity": "PurchaseOrder", "entity_id": 1, "details": {"po_number": "PO-2026-00001", "quotation_id": null, "supplier_id": 1, "item_count": 1, "total_amount": 5900.0}}
{"timestamp": "2026-09-17T05:03:01.390612+00:00", "action": "PO_SEND", "entity": "PurchaseOrder", "entity_id": 1, "details": {"po_number": "PO-2026-00001", "approved_by": "Priya Sharma"}}
{"timestamp": "2026-09-17T05:03:01.415113+00:00", "action": "PO_CREATE", "entity": "PurchaseOrder", "entity_id": 1, "details": {"po_number": "PO-2026-00001", "quotation_id": null, "supplier_id": 1, "item_count": 1, "total_amount": 5900.0}}
{"timestamp": "2026-09-17T05:03:01.416304+00:00", "action": "PO_SEND", "entity": "PurchaseOrder", "entity_id": 1, "details": {"po_number": "PO-2026-00001", "approved_by": "Priya Sharma"}}
{"timestamp": "2026-09-17T05:03:01.442420+00:00", "action": "PO_CREATE", "entity": "PurchaseOrder", "entity_id": 1, "details": {"po_number": "PO-2026-00001", "quotation_id": null, "supplier_id": 1, "item_count": 1, "total_amount": 5900.0}}
{"timestamp": "2026-09-17T05:03:01.443611+00:00", "action": "PO_SEND", "entity": "PurchaseOrder", "entity_id": 1, "details": {"po_number": "PO-2026-00001", "approved_by": "Priya Sharma"}}
{"timestamp": "2026-09-17T05:03:01.444634+00:00", "action": "PO_CONFIRM", "entity": "PurchaseOrder", "entity_id": 1, "details": {"po_number": "PO-2026-00001"}}
{"timestamp": "2026-09-17T05:03:01.469029+00:00", "action": "PO_CREATE", "entity": "PurchaseOrder", "entity_id": 1, "details": {"po_number": "PO-2026-00001", "quotation_id": null, "supplier_id": 1, "item_count": 1, "total_amount": 5900.0}}
{"timestamp": "2026-09-17T05:03:01.470256+00:00", "action": "PO_CANCEL", "entity": "PurchaseOrder", "entity_id": 1, "details": {"po_number": "PO-2026-00001", "cancelled_by": "Priya Sharma", "reason": "Duplicate order raised by mistake"}}
{"timestamp": "2026-09-17T05:03:01.495290+00:00", "action": "PO_CREATE", "entity": "PurchaseOrder", "entity_id": 1, "details": {"po_number": "PO-2026-00001", "quotation_id": null, "supplier_id": 1, "item_count": 1, "total_amount": 5900.0}}
{"timestamp": "2026-09-17T05:03:01.496477+00:00", "action": "PO_SEND", "entity": "PurchaseOrder", "entity_id": 1, "details": {"po_number": "PO-2026-00001", "approved_by": "Priya Sharma"}}
{"timestamp": "2026-09-17T05:03:01.497492+00:00", "action": "PO_CANCEL", "entity": "PurchaseOrder", "entity_id": 1, "details": {"po_number": "PO-2026-00001", "cancelled_by": "Priya Sharma", "reason": "Vendor unable to fulfill"}}
{"timestamp": "2026-09-17T05:03:01.524454+00:00", "action": "PO_CREATE", "entity": "PurchaseOrder", "entity_id": 1, "details": {"po_number": "PO-2026-00001", "quotation_id": null, "supplier_id": 1, "item_count": 1, "total_amount": 5900.0}}
{"timestamp": "2026-09-17T05:03:01.525583+00:00", "action": "PO_SEND", "entity": "PurchaseOrder", "entity_id": 1, "details": {"po_number": "PO-2026-00001", "approved_by": "Priya Sharma"}}
{"timestamp": "2026-09-17T05:03:01.526547+00:00", "action": "PO_CONFIRM", "entity": "PurchaseOrder", "entity_id": 1, "details": {"po_number": "PO-2026-00001"}}
{"timestamp": "2026-09-17T05:03:01.552149+00:00", "action": "PO_CREATE", "entity": "PurchaseOrder", "entity_id": 1, "details": {"po_number": "PO-2026-00001", "quotation_id": null, "supplier_id": 1, "item_count": 1, "total_amount": 5900.0}}
{"timestamp": "2026-09-17T05:03:01.577576+00:00", "action": "PR_CREATE", "entity": "PurchaseRequisition", "entity_id": 1, "details": {"pr_number": "PR-2026-00001", "department": "Production Planning", "item_count": 1, "source": "MANUAL"}}
{"timestamp": "2026-09-17T05:03:01.602176+00:00", "action": "PR_CREATE", "entity": "PurchaseRequisition", "entity_id": 1, "details": {"pr_number": "PR-2026-00001", "department": "Production Planning", "item_count": 1, "source": "MANUAL"}}
{"timestamp": "2026-09-17T05:03:01.605205+00:00", "action": "PR_CREATE", "entity": "PurchaseRequisition", "entity_id": 2, "details": {"pr_number": "PR-2026-00002", "department": "Production Planning", "item_count": 1, "source": "MANUAL"}}
{"timestamp": "2026-09-17T05:03:01.657219+00:00", "action": "PR_CREATE", "entity": "PurchaseRequisition", "entity_id": 1, "details": {"pr_number": "PR-2026-00001", "department": "Production Planning", "item_count": 1, "source": "MANUAL"}}
{"timestamp": "2026-09-17T05:03:01.681036+00:00", "action": "PR_CREATE", "entity": "PurchaseRequisition", "entity_id": 1, "details": {"pr_number": "PR-2026-00001", "department": "Production Planning", "item_count": 1, "source": "AUTO_REORDER"}}
{"timestamp": "2026-09-17T05:03:01.702826+00:00", "action": "PR_CREATE", "entity": "PurchaseRequisition", "entity_id": 1, "details": {"pr_number": "PR-2026-00001", "department": "Production Planning", "item_count": 1, "source": "MANUAL"}}
{"timestamp": "2026-09-17T05:03:01.705259+00:00", "action": "PR_ITEM_ADD", "entity": "PurchaseRequisition", "entity_id": 1, "details": {"pr_number": "PR-2026-00001", "product_id": 1, "quantity": 50.0}}
{"timestamp": "2026-09-17T05:03:01.706395+00:00", "action": "PR_SUBMIT", "entity": "PurchaseRequisition", "entity_id": 1, "details": {"pr_number": "PR-2026-00001"}}
{"timestamp": "2026-09-17T05:03:01.728911+00:00", "action": "PR_CREATE", "entity": "PurchaseRequisition", "entity_id": 1, "details": {"pr_number": "PR-2026-00001", "department": "Production Planning", "item_count": 1, "source": "MANUAL"}}
{"timestamp": "2026-09-17T05:03:01.753167+00:00", "action": "PR_CREATE", "entity": "PurchaseRequisition", "entity_id": 1, "details": {"pr_number": "PR-2026-00001", "department": "Production Planning", "item_count": 1, "source": "MANUAL"}}
{"timestamp": "2026-09-17T05:03:01.755453+00:00", "action": "PR_ITEM_ADD", "entity": "PurchaseRequisition", "entity_id": 1, "details": {"pr_number": "PR-2026-00001", "product_id": 1, "quantity": 50.0}}
{"timestamp": "2026-09-17T05:03:01.777022+00:00", "action": "PR_CREATE", "entity": "PurchaseRequisition", "entity_id": 1, "details": {"pr_number": "PR-2026-00001", "department": "Production Planning", "item_count": 1, "source": "MANUAL"}}
{"timestamp": "2026-09-17T05:03:01.778098+00:00", "action": "PR_SUBMIT", "entity": "PurchaseRequisition", "entity_id": 1, "details": {"pr_number": "PR-2026-00001"}}
{"timestamp": "2026-09-17T05:03:01.800427+00:00", "action": "PR_CREATE", "entity": "PurchaseRequisition", "entity_id": 1, "details": {"pr_number": "PR-2026-00001", "department": "Production Planning", "item_count": 1, "source": "MANUAL"}}
{"timestamp": "2026-09-17T05:03:01.801500+00:00", "action": "PR_SUBMIT", "entity": "PurchaseRequisition", "entity_id": 1, "details": {"pr_number": "PR-2026-00001"}}
{"timestamp": "2026-09-17T05:03:01.824794+00:00", "action": "PR_CREATE", "entity": "PurchaseRequisition", "entity_id": 1, "details": {"pr_number": "PR-2026-00001", "department": "Production Planning", "item_count": 1, "source": "MANUAL"}}
{"timestamp": "2026-09-17T05:03:01.854698+00:00", "action": "PR_CREATE", "entity": "PurchaseRequisition", "entity_id": 1, "details": {"pr_number": "PR-2026-00001", "department": "Production Planning", "item_count": 1, "source": "MANUAL"}}
{"timestamp": "2026-09-17T05:03:01.855791+00:00", "action": "PR_SUBMIT", "entity": "PurchaseRequisition", "entity_id": 1, "details": {"pr_number": "PR-2026-00001"}}
{"timestamp": "2026-09-17T05:03:01.857126+00:00", "action": "PR_APPROVE", "entity": "PurchaseRequisition", "entity_id": 1, "details": {"pr_number": "PR-2026-00001", "approved_by": "Purchase Manager"}}
{"timestamp": "2026-09-17T05:03:01.883981+00:00", "action": "PR_CREATE", "entity": "PurchaseRequisition", "entity_id": 1, "details": {"pr_number": "PR-2026-00001", "department": "Production Planning", "item_count": 1, "source": "MANUAL"}}
{"timestamp": "2026-09-17T05:03:01.885310+00:00", "action": "PR_SUBMIT", "entity": "PurchaseRequisition", "entity_id": 1, "details": {"pr_number": "PR-2026-00001"}}
{"timestamp": "2026-09-17T05:03:01.886605+00:00", "action": "PR_REJECT", "entity": "PurchaseRequisition", "entity_id": 1, "details": {"pr_number": "PR-2026-00001", "rejected_by": "Purchase Manager", "reason": "Budget exceeded this month"}}
{"timestamp": "2026-09-17T05:03:01.909074+00:00", "action": "PR_CREATE", "entity": "PurchaseRequisition", "entity_id": 1, "details": {"pr_number": "PR-2026-00001", "department": "Production Planning", "item_count": 1, "source": "MANUAL"}}
{"timestamp": "2026-09-17T05:03:01.932928+00:00", "action": "PR_CREATE", "entity": "PurchaseRequisition", "entity_id": 1, "details": {"pr_number": "PR-2026-00001", "department": "Production Planning", "item_count": 1, "source": "MANUAL"}}
{"timestamp": "2026-09-17T05:03:01.934224+00:00", "action": "PR_SUBMIT", "entity": "PurchaseRequisition", "entity_id": 1, "details": {"pr_number": "PR-2026-00001"}}
{"timestamp": "2026-09-17T05:03:01.955848+00:00", "action": "PR_CREATE", "entity": "PurchaseRequisition", "entity_id": 1, "details": {"pr_number": "PR-2026-00001", "department": "Production Planning", "item_count": 1, "source": "MANUAL"}}
{"timestamp": "2026-09-17T05:03:01.978885+00:00", "action": "PR_CREATE", "entity": "PurchaseRequisition", "entity_id": 1, "details": {"pr_number": "PR-2026-00001", "department": "Production Planning", "item_count": 1, "source": "MANUAL"}}
{"timestamp": "2026-09-17T05:03:01.979932+00:00", "action": "PR_SUBMIT", "entity": "PurchaseRequisition", "entity_id": 1, "details": {"pr_number": "PR-2026-00001"}}
{"timestamp": "2026-09-17T05:03:02.004048+00:00", "action": "PR_CREATE", "entity": "PurchaseRequisition", "entity_id": 1, "details": {"pr_number": "PR-2026-00001", "department": "Production Planning", "item_count": 1, "source": "MANUAL"}}
{"timestamp": "2026-09-17T05:03:02.004136+00:00", "action": "PR_DELETE", "entity": "PurchaseRequisition", "entity_id": 1, "details": {"pr_number": "PR-2026-00001"}}
{"timestamp": "2026-09-17T05:03:02.027292+00:00", "action": "PR_CREATE", "entity": "PurchaseRequisition", "entity_id": 1, "details": {"pr_number": "PR-2026-00001", "department": "Production Planning", "item_count": 1, "source": "MANUAL"}}
{"timestamp": "2026-09-17T05:03:02.030449+00:00", "action": "PR_CREATE", "entity": "PurchaseRequisition", "entity_id": 2, "details": {"pr_number": "PR-2026-00002", "department": "Production Planning", "item_count": 1, "source": "MANUAL"}}
{"timestamp": "2026-09-17T05:03:02.031474+00:00", "action": "PR_SUBMIT", "entity": "PurchaseRequisition", "entity_id": 2, "details": {"pr_number": "PR-2026-00002"}}
{"timestamp": "2026-09-17T05:03:02.054944+00:00", "action": "PR_CREATE", "entity": "PurchaseRequisition", "entity_id": 1, "details": {"pr_number": "PR-2026-00001", "department": "Production Planning", "item_count": 1, "source": "MANUAL"}}
{"timestamp": "2026-09-17T05:03:02.057495+00:00", "action": "PR_CREATE", "entity": "PurchaseRequisition", "entity_id": 2, "details": {"pr_number": "PR-2026-00002", "department": "Store", "item_count": 1, "source": "MANUAL"}}
{"timestamp": "2026-09-17T05:03:02.095120+00:00", "action": "RECEIVE", "entity": "Inventory", "entity_id": 1, "details": {"product_id": 1, "manufacturer_id": 1, "location_id": 1, "batch_number": "B-001", "quantity": 180.0, "status": "OK"}}
{"timestamp": "2026-09-17T05:03:02.100525+00:00", "action": "PR_CREATE", "entity": "PurchaseRequisition", "entity_id": 1, "details": {"pr_number": "PR-2026-00001", "department": "Production Planning", "item_count": 1, "source": "MANUAL"}}
{"timestamp": "2026-09-17T05:03:02.125532+00:00", "action": "PO_CREATE", "entity": "PurchaseOrder", "entity_id": 1, "details": {"po_number": "PO-2026-00001", "quotation_id": null, "supplier_id": 1, "item_count": 1, "total_amount": 36875.0}}
{"timestamp": "2026-09-17T05:03:02.126549+00:00", "action": "PO_SEND", "entity": "PurchaseOrder", "entity_id": 1, "details": {"po_number": "PO-2026-00001", "approved_by": "Priya Sharma"}}
{"timestamp": "2026-09-17T05:03:02.127379+00:00", "action": "PO_CONFIRM", "entity": "PurchaseOrder", "entity_id": 1, "details": {"po_number": "PO-2026-00001"}}
{"timestamp": "2026-09-17T05:03:02.134677+00:00", "action": "GRN_CREATE", "entity": "GoodsReceipt", "entity_id": 1, "details": {"grn_number": "GRN-2026-00001", "po_id": 1, "po_number": "PO-2026-00001", "item_count": 1, "po_status": "RECEIVED"}}
{"timestamp": "2026-09-17T05:03:02.218704+00:00", "action": "RECEIVE", "entity": "Inventory", "entity_id": 1, "details": {"product_id": 1, "manufacturer_id": 1, "location_id": 1, "batch_number": "TSD-BATCH-77", "quantity": 500.0, "status": "OK"}}
{"timestamp": "2026-09-17T05:03:02.224668+00:00", "action": "QC_INSPECT", "entity": "QualityInspection", "entity_id": 1, "details": {"qc_number": "QC-2026-00001", "grn_id": 1, "grn_number": "GRN-2026-00001", "overall_disposition": "ACCEPTED", "item_count": 1}}
{"timestamp": "2026-09-17T05:03:02.266251+00:00", "action": "PO_CREATE", "entity": "PurchaseOrder", "entity_id": 1, "details": {"po_number": "PO-2026-00001", "quotation_id": null, "supplier_id": 1, "item_count": 1, "total_amount": 737.5}}
{"timestamp": "2026-09-17T05:03:02.267264+00:00", "action": "PO_SEND", "entity": "PurchaseOrder", "entity_id": 1, "details": {"po_number": "PO-2026-00001", "approved_by": "Priya Sharma"}}
{"timestamp": "2026-09-17T05:03:02.268119+00:00", "action": "PO_CONFIRM", "entity": "PurchaseOrder", "entity_id": 1, "details": {"po_number": "PO-2026-00001"}}
{"timestamp": "2026-09-17T05:03:02.274134+00:00", "action": "GRN_CREATE", "entity": "GoodsReceipt", "entity_id": 1, "details": {"grn_number": "GRN-2026-00001", "po_id": 1, "po_number": "PO-2026-00001", "item_count": 1, "po_status": "RECEIVED"}}
{"timestamp": "2026-09-17T05:03:02.279457+00:00", "action": "RECEIVE", "entity": "Inventory", "entity_id": 1, "details": {"product_id": 1, "manufacturer_id": 1, "location_id": 1, "batch_number": "GRN-2026-00001-1", "quantity": 10.0, "status": "OK"}}
{"timestamp": "2026-09-17T05:03:02.285505+00:00", "action": "QC_INSPECT", "entity": "QualityInspection", "entity_id": 1, "details": {"qc_number": "QC-2026-00001", "grn_id": 1, "grn_number": "GRN-2026-00001", "overall_disposition": "ACCEPTED", "item_count": 1}}
{"timestamp": "2026-09-17T05:03:02.314341+00:00", "action": "PO_CREATE", "entity": "PurchaseOrder", "entity_id": 1, "details": {"po_number": "PO-2026-00001", "quotation_id": null, "supplier_id": 1, "item_count": 1, "total_amount": 36875.0}}
{"timestamp": "2026-09-17T05:03:02.315625+00:00", "action": "PO_SEND", "entity": "PurchaseOrder", "entity_id": 1, "details": {"po_number": "PO-2026-00001", "approved_by": "Priya Sharma"}}
{"timestamp": "2026-09-17T05:03:02.316646+00:00", "action": "PO_CONFIRM", "entity": "PurchaseOrder", "entity_id": 1, "details": {"po_number": "PO-2026-00001"}}
{"timestamp": "2026-09-17T05:03:02.322953+00:00", "action": "GRN_CREATE", "entity": "GoodsReceipt", "entity_id": 1, "details": {"grn_number": "GRN-2026-00001", "po_id": 1, "po_number": "PO-2026-00001", "item_count": 1, "po_status": "RECEIVED"}}
{"timestamp": "2026-09-17T05:03:02.329886+00:00", "action": "QC_INSPECT", "entity": "QualityInspection", "entity_id": 1, "details": {"qc_number": "QC-2026-00001", "grn_id": 1, "grn_number": "GRN-2026-00001", "overall_disposition": "REJECTED", "item_count": 1}}
{"timestamp": "2026-09-17T05:03:02.359024+00:00", "action": "PO_CREATE", "entity": "PurchaseOrder", "entity_id": 1, "details": {"po_number": "PO-2026-00001", "quotation_id": null, "supplier_id": 1, "item_count": 1, "total_amount": 36875.0}}
{"timestamp": "2026-09-17T05:03:02.360081+00:00", "action": "PO_SEND", "entity": "PurchaseOrder", "entity_id": 1, "details": {"po_number": "PO-2026-00001", "approved_by": "Priya Sharma"}}
{"timestamp": "2026-09-17T05:03:02.360914+00:00", "action": "PO_CONFIRM", "entity": "PurchaseOrder", "entity_id": 1, "details": {"po_number": "PO-2026-00001"}}
{"timestamp": "2026-09-17T05:03:02.367157+00:00", "action": "GRN_CREATE", "entity": "GoodsReceipt", "entity_id": 1, "details": {"grn_number": "GRN-2026-00001", "po_id": 1, "po_number": "PO-2026-00001", "item_count": 1, "po_status": "RECEIVED"}}
{"timestamp": "2026-09-17T05:03:02.388964+00:00", "action": "QC_INSPECT", "entity": "QualityInspection", "entity_id": 1, "details": {"qc_number": "QC-2026-00001", "grn_id": 1, "grn_number": "GRN-2026-00001", "overall_disposition": "ACCEPTED_WITH_DEVIATION", "item_count": 1}}
{"timestamp": "2026-09-17T05:03:02.392139+00:00", "action": "RECEIVE", "entity": "Inventory", "entity_id": 1, "details": {"product_id": 1, "manufacturer_id": 1, "location_id": 1, "batch_number": "TSD-BATCH-77", "quantity": 480.0, "status": "OK"}}
{"timestamp": "2026-09-17T05:03:02.396074+00:00", "action": "QC_DEVIATION_APPROVE", "entity": "QualityInspection", "entity_id": 1, "details": {"qc_number": "QC-2026-00001", "approved_by": "Plant Manager Vikram", "item_count": 1}}
{"timestamp": "2026-09-17T05:03:02.422198+00:00", "action": "PO_CREATE", "entity": "PurchaseOrder", "entity_id": 1, "details": {"po_number": "PO-2026-00001", "quotation_id": null, "supplier_id": 1, "item_count": 1, "total_amount": 36875.0}}
{"timestamp": "2026-09-17T05:03:02.423352+00:00", "action": "PO_SEND", "entity": "PurchaseOrder", "entity_id": 1, "details": {"po_number": "PO-2026-00001", "approved_by": "Priya Sharma"}}
{"timestamp": "2026-09-17T05:03:02.424366+00:00", "action": "PO_CONFIRM", "entity": "PurchaseOrder", "entity_id": 1, "details": {"po_number": "PO-2026-00001"}}
{"timestamp": "2026-09-17T05:03:02.430172+00:00", "action": "GRN_CREATE", "entity": "GoodsReceipt", "entity_id": 1, "details": {"grn_number": "GRN-2026-00001", "po_id": 1, "po_number": "PO-2026-00001", "item_count": 1, "po_status": "RECEIVED"}}
{"timestamp": "2026-09-17T05:03:02.448970+00:00", "action": "RECEIVE", "entity": "Inventory", "entity_id": 1, "details": {"product_id": 1, "manufacturer_id": 1, "location_id": 1, "batch_number": "TSD-BATCH-77", "quantity": 480.0, "status": "OK"}}
{"timestamp": "2026-09-17T05:03:02.454294+00:00", "action": "QC_INSPECT", "entity": "QualityInspection", "entity_id": 1, "details": {"qc_number": "QC-2026-00001", "grn_id": 1, "grn_number": "GRN-2026-00001", "overall_disposition": "ACCEPTED_WITH_DEVIATION", "item_count": 1}}
{"timestamp": "2026-09-17T05:03:02.479282+00:00", "action": "PO_CREATE", "entity": "PurchaseOrder", "entity_id": 1, "details": {"po_number": "PO-2026-00001", "quotation_id": null, "supplier_id": 1, "item_count": 1, "total_amount": 36875.0}}
{"timestamp": "2026-09-17T05:03:02.480507+00:00", "action": "PO_SEND", "entity": "PurchaseOrder", "entity_id": 1, "details": {"po_number": "PO-2026-00001", "approved_by": "Priya Sharma"}}
{"timestamp": "2026-09-17T05:03:02.481497+00:00", "action": "PO_CONFIRM", "entity": "PurchaseOrder", "entity_id": 1, "details": {"po_number": "PO-2026-00001"}}
{"timestamp": "2026-09-17T05:03:02.488502+00:00", "action": "GRN_CREATE", "entity": "GoodsReceipt", "entity_id": 1, "details": {"grn_number": "GRN-2026-00001", "po_id": 1, "po_number": "PO-2026-00001", "item_count": 1, "po_status": "RECEIVED"}}
{"timestamp": "2026-09-17T05:03:02.509692+00:00", "action": "QC_INSPECT", "entity": "QualityInspection", "entity_id": 1, "details": {"qc_number": "QC-2026-00001", "grn_id": 1, "grn_number": "GRN-2026-00001", "overall_disposition": "ACCEPTED_WITH_DEVIATION", "item_count": 1}}
{"timestamp": "2026-09-17T05:03:02.513132+00:00", "action": "RECEIVE", "entity": "Inventory", "entity_id": 1, "details": {"product_id": 1, "manufacturer_id": 1, "location_id": 1, "batch_number": "TSD-BATCH-77", "quantity": 480.0, "status": "OK"}}
{"timestamp": "2026-09-17T05:03:02.515544+00:00", "action": "QC_DEVIATION_APPROVE", "entity": "QualityInspection", "entity_id": 1, "details": {"qc_number": "QC-2026-00001", "approved_by": "Vikram", "item_count": 1}}
{"timestamp": "2026-09-17T05:03:02.540685+00:00", "action": "PO_CREATE", "entity": "PurchaseOrder", "entity_id": 1, "details": {"po_number": "PO-2026-00001", "quotation_id": null, "supplier_id": 1, "item_count": 1, "total_amount": 36875.0}}
{"timestamp": "2026-09-17T05:03:02.541852+00:00", "action": "PO_SEND", "entity": "PurchaseOrder", "entity_id": 1, "details": {"po_number": "PO-2026-00001", "approved_by": "Priya Sharma"}}
{"timestamp": "2026-09-17T05:03:02.542744+00:00", "action": "PO_CONFIRM", "entity": "PurchaseOrder", "entity_id": 1, "details": {"po_number": "PO-2026-00001"}}
{"timestamp": "2026-09-17T05:03:02.549294+00:00", "action": "GRN_CREATE", "entity": "GoodsReceipt", "entity_id": 1, "details": {"grn_number": "GRN-2026-00001", "po_id": 1, "po_number": "PO-2026-00001", "item_count": 1, "po_status": "RECEIVED"}}
{"timestamp": "2026-09-17T05:03:02.568391+00:00", "action": "RECEIVE", "entity": "Inventory", "entity_id": 1, "details": {"product_id": 1, "manufacturer_id": 1, "location_id": 1, "batch_number": "TSD-BATCH-77", "quantity": 500.0, "status": "OK"}}
{"timestamp": "2026-09-17T05:03:02.573503+00:00", "action": "QC_INSPECT", "entity": "QualityInspection", "entity_id": 1, "details": {"qc_number": "QC-2026-00001", "grn_id": 1, "grn_number": "GRN-2026-00001", "overall_disposition": "ACCEPTED", "item_count": 1}}
{"timestamp": "2026-09-17T05:03:02.610602+00:00", "action": "PO_CREATE", "entity": "PurchaseOrder", "entity_id": 1, "details": {"po_number": "PO-2026-00001", "quotation_id": null, "supplier_id": 1, "item_count": 1, "total_amount": 7375.0}}
{"timestamp": "2026-09-17T05:03:02.611797+00:00", "action": "PO_SEND", "entity": "PurchaseOrder", "entity_id": 1, "details": {"po_number": "PO-2026-00001", "approved_by": "Priya Sharma"}}
{"timestamp": "2026-09-17T05:03:02.612760+00:00", "action": "PO_CONFIRM", "entity": "PurchaseOrder", "entity_id": 1, "details": {"po_number": "PO-2026-00001"}}
{"timestamp": "2026-09-17T05:03:02.619139+00:00", "action": "GRN_CREATE", "entity": "GoodsReceipt", "entity_id": 1, "details": {"grn_number": "GRN-2026-00001", "po_id": 1, "po_number": "PO-2026-00001", "item_count": 1, "po_status": "RECEIVED"}}
{"timestamp": "2026-09-17T05:03:02.625039+00:00", "action": "RECEIVE", "entity": "Inventory", "entity_id": 1, "details": {"product_id": 1, "manufacturer_id": 1, "location_id": 1, "batch_number": "GRN-2026-00001-1", "quantity": 80.0, "status": "OK"}}
{"timestamp": "2026-09-17T05:03:02.630758+00:00", "action": "QC_INSPECT", "entity": "QualityInspection", "entity_id": 1, "details": {"qc_number": "QC-2026-00001", "grn_id": 1, "grn_number": "GRN-2026-00001", "overall_disposition": "ACCEPTED", "item_count": 1}}
{"timestamp": "2026-09-17T05:03:02.657315+00:00", "action": "PO_CREATE", "entity": "PurchaseOrder", "entity_id": 1, "details": {"po_number": "PO-2026-00001", "quotation_id": null, "supplier_id": 1, "item_count": 1, "total_amount": 36875.0}}
{"timestamp": "2026-09-17T05:03:02.658308+00:00", "action": "PO_SEND", "entity": "PurchaseOrder", "entity_id": 1, "details": {"po_number": "PO-2026-00001", "approved_by": "Priya Sharma"}}
{"timestamp": "2026-09-17T05:03:02.659126+00:00", "action": "PO_CONFIRM", "entity": "PurchaseOrder", "entity_id": 1, "details": {"po_number": "PO-2026-00001"}}
{"timestamp": "2026-09-17T05:03:02.665733+00:00", "action": "GRN_CREATE", "entity": "GoodsReceipt", "entity_id": 1, "details": {"grn_number": "GRN-2026-00001", "po_id": 1, "po_number": "PO-2026-00001", "item_count": 1, "po_status": "RECEIVED"}}
{"timestamp": "2026-09-17T05:03:02.705296+00:00", "action": "PO_CREATE", "entity": "PurchaseOrder", "entity_id": 1, "details": {"po_number": "PO-2026-00001", "quotation_id": null, "supplier_id": 1, "item_count": 1, "total_amount": 737.5}}
{"timestamp": "2026-09-17T05:03:02.706304+00:00", "action": "PO_SEND", "entity": "PurchaseOrder", "entity_id": 1, "details": {"po_number": "PO-2026-00001", "approved_by": "Priya Sharma"}}
{"timestamp": "2026-09-17T05:03:02.707149+00:00", "action": "PO_CONFIRM", "entity": "PurchaseOrder", "entity_id": 1, "details": {"po_number": "PO-2026-00001"}}
{"timestamp": "2026-09-17T05:03:02.713065+00:00", "action": "GRN_CREATE", "entity": "GoodsReceipt", "entity_id": 1, "details": {"grn_number": "GRN-2026-00001", "po_id": 1, "po_number": "PO-2026-00001", "item_count": 1, "po_status": "RECEIVED"}}
{"timestamp": "2026-09-17T05:03:02.719294+00:00", "action": "RECEIVE", "entity": "Inventory", "entity_id": 1, "details": {"product_id": 1, "manufacturer_id": 1, "location_id": 1, "batch_number": "GRN-2026-00001-1", "quantity": 10.0, "status": "OK"}}
{"timestamp": "2026-09-17T05:03:02.815069+00:00", "action": "QC_INSPECT", "entity": "QualityInspection", "entity_id": 1, "details": {"qc_number": "QC-2026-00001", "grn_id": 1, "grn_number": "GRN-2026-00001", "overall_disposition": "ACCEPTED", "item_count": 1}}
{"timestamp": "2026-09-17T05:03:02.841676+00:00", "action": "PO_CREATE", "entity": "PurchaseOrder", "entity_id": 1, "details": {"po_number": "PO-2026-00001", "quotation_id": null, "supplier_id": 1, "item_count": 1, "total_amount": 36875.0}}
{"timestamp": "2026-09-17T05:03:02.843012+00:00", "action": "PO_SEND", "entity": "PurchaseOrder", "entity_id": 1, "details": {"po_number": "PO-2026-00001", "approved_by": "Priya Sharma"}}
{"timestamp": "2026-09-17T05:03:02.843976+00:00", "action": "PO_CONFIRM", "entity": "PurchaseOrder", "entity_id": 1, "details": {"po_number": "PO-2026-00001"}}
{"timestamp": "2026-09-17T05:03:02.850975+00:00", "action": "GRN_CREATE", "entity": "GoodsReceipt", "entity_id": 1, "details": {"grn_number": "GRN-2026-00001", "po_id": 1, "po_number": "PO-2026-00001", "item_count": 1, "po_status": "RECEIVED"}}
{"timestamp": "2026-09-17T05:03:02.871925+00:00", "action": "RECEIVE", "entity": "Inventory", "entity_id": 1, "details": {"product_id": 1, "manufacturer_id": 1, "location_id": 1, "batch_number": "TSD-BATCH-77", "quantity": 500.0, "status": "OK"}}
{"timestamp": "2026-09-17T05:03:02.877975+00:00", "action": "QC_INSPECT", "entity": "QualityInspection", "entity_id": 1, "details": {"qc_number": "QC-2026-00001", "grn_id": 1, "grn_number": "GRN-2026-00001", "overall_disposition": "ACCEPTED", "item_count": 1}}
{"timestamp": "2026-09-17T05:03:02.932634+00:00", "action": "PO_CREATE", "entity": "PurchaseOrder", "entity_id": 1, "details": {"po_number": "PO-2026-00001", "quotation_id": null, "supplier_id": 1, "item_count": 1, "total_amount": 14750.0}}
{"timestamp": "2026-09-17T05:03:02.933814+00:00", "action": "PO_SEND", "entity": "PurchaseOrder", "entity_id": 1, "details": {"po_number": "PO-2026-00001", "approved_by": "Priya Sharma"}}
{"timestamp": "2026-09-17T05:03:02.934868+00:00", "action": "PO_CONFIRM", "entity": "PurchaseOrder", "entity_id": 1, "details": {"po_number": "PO-2026-00001"}}
{"timestamp": "2026-09-17T05:03:02.942313+00:00", "action": "GRN_CREATE", "entity": "GoodsReceipt", "entity_id": 1, "details": {"grn_number": "GRN-2026-00001", "po_id": 1, "po_number": "PO-2026-00001", "item_count": 1, "po_status": "RECEIVED"}}
{"timestamp": "2026-09-17T05:03:02.947853+00:00", "action": "RECEIVE", "entity": "Inventory", "entity_id": 1, "details": {"product_id": 1, "manufacturer_id": 1, "location_id": 1, "batch_number": "GRN-2026-00001-1", "quantity": 200.0, "status": "OK"}}
{"timestamp": "2026-09-17T05:03:02.953690+00:00", "action": "QC_INSPECT", "entity": "QualityInspection", "entity_id": 1, "details": {"qc_number": "QC-2026-00001", "grn_id": 1, "grn_number": "GRN-2026-00001", "overall_disposition": "ACCEPTED", "item_count": 1}}
{"timestamp": "2026-09-17T05:03:02.954519+00:00", "action": "GRN_CLOSE", "entity": "GoodsReceipt", "entity_id": 1, "details": {"grn_number": "GRN-2026-00001"}}
{"timestamp": "2026-09-17T05:03:02.979931+00:00", "action": "QUOTATION_INGEST", "entity": "VendorQuotation", "entity_id": 1, "details": {"supplier_id": 1, "rfq_id": null, "source": "OCR_BOT", "item_count": 1, "unmatched_item_count": 0}}
{"timestamp": "2026-09-17T05:03:03.006552+00:00", "action": "QUOTATION_INGEST", "entity": "VendorQuotation", "entity_id": 1, "details": {"supplier_id": 1, "rfq_id": null, "source": "OCR_BOT", "item_count": 1, "unmatched_item_count": 0}}
{"timestamp": "2026-09-17T05:03:03.033493+00:00", "action": "QUOTATION_INGEST", "entity": "VendorQuotation", "entity_id": 1, "details": {"supplier_id": 1, "rfq_id": null, "source": "OCR_BOT", "item_count": 1, "unmatched_item_count": 1}}
{"timestamp": "2026-09-17T05:03:03.060432+00:00", "action": "QUOTATION_INGEST", "entity": "VendorQuotation", "entity_id": 1, "details": {"supplier_id": 1, "rfq_id": null, "source": "OCR_BOT", "item_count": 1, "unmatched_item_count": 0}}
{"timestamp": "2026-09-17T05:03:03.086861+00:00", "action": "QUOTATION_INGEST", "entity": "VendorQuotation", "entity_id": 1, "details": {"supplier_id": 1, "rfq_id": null, "source": "OCR_BOT", "item_count": 2, "unmatched_item_count": 1}}
{"timestamp": "2026-09-17T05:03:03.115365+00:00", "action": "QUOTATION_INGEST", "entity": "VendorQuotation", "entity_id": 1, "details": {"supplier_id": 1, "rfq_id": null, "source": "OCR_BOT", "item_count": 1, "unmatched_item_count": 0}}
{"timestamp": "2026-09-17T05:03:03.116571+00:00", "action": "QUOTATION_REVIEW", "entity": "VendorQuotation", "entity_id": 1, "details": {"reviewed_by": "Priya Sharma"}}
{"timestamp": "2026-09-17T05:03:03.117951+00:00", "action": "QUOTATION_SELECT", "entity": "VendorQuotation", "entity_id": 1, "details": {"rfq_id": null}}
{"timestamp": "2026-09-17T05:03:03.140558+00:00", "action": "RFQ_CREATE", "entity": "RFQ", "entity_id": 1, "details": {"rfq_number": "RFQ-2026-00001", "item_count": 1, "pr_id": null}}
{"timestamp": "2026-09-17T05:03:03.159947+00:00", "action": "RFQ_CREATE", "entity": "RFQ", "entity_id": 1, "details": {"rfq_number": "RFQ-2026-00001", "item_count": 1, "pr_id": null}}
{"timestamp": "2026-09-17T05:03:03.162504+00:00", "action": "RFQ_CREATE", "entity": "RFQ", "entity_id": 2, "details": {"rfq_number": "RFQ-2026-00002", "item_count": 1, "pr_id": null}}
{"timestamp": "2026-09-17T05:03:03.219662+00:00", "action": "RFQ_CREATE", "entity": "RFQ", "entity_id": 1, "details": {"rfq_number": "RFQ-2026-00001", "item_count": 1, "pr_id": null}}
{"timestamp": "2026-09-17T05:03:03.224946+00:00", "action": "RFQ_SEND", "entity": "RFQ", "entity_id": 1, "details": {"rfq_number": "RFQ-2026-00001", "supplier_ids": [1, 2], "channel": "EMAIL"}}
{"timestamp": "2026-09-17T05:03:03.249281+00:00", "action": "RFQ_CREATE", "entity": "RFQ", "entity_id": 1, "details": {"rfq_number": "RFQ-2026-00001", "item_count": 1, "pr_id": null}}
{"timestamp": "2026-09-17T05:03:03.252552+00:00", "action": "RFQ_SEND", "entity": "RFQ", "entity_id": 1, "details": {"rfq_number": "RFQ-2026-00001", "supplier_ids": [1], "channel": "API"}}
{"timestamp": "2026-09-17T05:03:03.274040+00:00", "action": "RFQ_CREATE", "entity": "RFQ", "entity_id": 1, "details": {"rfq_number": "RFQ-2026-00001", "item_count": 1, "pr_id": null}}
{"timestamp": "2026-09-17T05:03:03.297248+00:00", "action": "RFQ_CREATE", "entity": "RFQ", "entity_id": 1, "details": {"rfq_number": "RFQ-2026-00001", "item_count": 1, "pr_id": null}}
{"timestamp": "2026-09-17T05:03:03.301083+00:00", "action": "RFQ_SEND", "entity": "RFQ", "entity_id": 1, "details": {"rfq_number": "RFQ-2026-00001", "supplier_ids": [1, 2], "channel": "API"}}
{"timestamp": "2026-09-17T05:03:03.302403+00:00", "action": "RFQ_CLOSE", "entity": "RFQ", "entity_id": 1, "details": {"rfq_number": "RFQ-2026-00001"}}
{"timestamp": "2026-09-17T05:03:03.320294+00:00", "action": "RFQ_CREATE", "entity": "RFQ", "entity_id": 1, "details": {"rfq_number": "RFQ-2026-00001", "item_count": 1, "pr_id": null}}
{"timestamp": "2026-09-17T05:03:03.343483+00:00", "action": "RFQ_CREATE", "entity": "RFQ", "entity_id": 1, "details": {"rfq_number": "RFQ-2026-00001", "item_count": 1, "pr_id": null}}
{"timestamp": "2026-09-17T05:03:03.347083+00:00", "action": "RFQ_SEND", "entity": "RFQ", "entity_id": 1, "details": {"rfq_number": "RFQ-2026-00001", "supplier_ids": [1], "channel": "API"}}
{"timestamp": "2026-09-17T05:03:03.475231+00:00", "action": "SEED", "entity": "Database", "entity_id": null, "details": {"units": 4, "manufacturers": 3, "products": 7, "warehouses": 3, "racks": 4, "shelves": 4, "bins": 5, "locations": 8, "inventories": 9}}
{"timestamp": "2026-09-17T05:03:03.508711+00:00", "action": "SEED", "entity": "Database", "entity_id": null, "details": {"units": 4, "manufacturers": 3, "products": 7, "warehouses": 3, "racks": 4, "shelves": 4, "bins": 5, "locations": 8, "inventories": 9}}
{"timestamp": "2026-09-17T05:03:03.554746+00:00", "action": "SEED", "entity": "Database", "entity_id": null, "details": {"units": 4, "manufacturers": 3, "products": 7, "warehouses": 3, "racks": 4, "shelves": 4, "bins": 5, "locations": 8, "inventories": 9}}
{"timestamp": "2026-09-17T05:03:03.880081+00:00", "action": "PO_CREATE", "entity": "PurchaseOrder", "entity_id": 1, "details": {"po_number": "PO-2026-00001", "quotation_id": null, "supplier_id": 1, "item_count": 1, "total_amount": 36875.0}}
{"timestamp": "2026-09-17T05:03:03.881516+00:00", "action": "PO_SEND", "entity": "PurchaseOrder", "entity_id": 1, "details": {"po_number": "PO-2026-00001", "approved_by": "Priya Sharma"}}
{"timestamp": "2026-09-17T05:03:03.882698+00:00", "action": "PO_CONFIRM", "entity": "PurchaseOrder", "entity_id": 1, "details": {"po_number": "PO-2026-00001"}}
{"timestamp": "2026-09-17T05:03:03.891057+00:00", "action": "GRN_CREATE", "entity": "GoodsReceipt", "entity_id": 1, "details": {"grn_number": "GRN-2026-00001", "po_id": 1, "po_number": "PO-2026-00001", "item_count": 1, "po_status": "RECEIVED"}}
{"timestamp": "2026-09-17T05:03:03.897062+00:00", "action": "RECEIVE", "entity": "Inventory", "entity_id": 1, "details": {"product_id": 1, "manufacturer_id": 1, "location_id": 1, "batch_number": "GRN-2026-00001-1", "quantity": 500.0, "status": "OK"}}
{"timestamp": "2026-09-17T05:03:03.903141+00:00", "action": "QC_INSPECT", "entity": "QualityInspection", "entity_id": 1, "details": {"qc_number": "QC-2026-00001", "grn_id": 1, "grn_number": "GRN-2026-00001", "overall_disposition": "ACCEPTED", "item_count": 1}}
{"timestamp": "2026-09-17T05:03:03.910147+00:00", "action": "INVOICE_CREATE", "entity": "VendorInvoice", "entity_id": 1, "details": {"po_id": 1, "supplier_id": 1, "item_count": 1}}
{"timestamp": "2026-09-17T05:03:03.956228+00:00", "action": "PO_CREATE", "entity": "PurchaseOrder", "entity_id": 1, "details": {"po_number": "PO-2026-00001", "quotation_id": null, "supplier_id": 1, "item_count": 1, "total_amount": 36875.0}}
{"timestamp": "2026-09-17T05:03:03.957419+00:00", "action": "PO_SEND", "entity": "PurchaseOrder", "entity_id": 1, "details": {"po_number": "PO-2026-00001", "approved_by": "Priya Sharma"}}
{"timestamp": "2026-09-17T05:03:03.958392+00:00", "action": "PO_CONFIRM", "entity": "PurchaseOrder", "entity_id": 1, "details": {"po_number": "PO-2026-00001"}}
{"timestamp": "2026-09-17T05:03:03.965308+00:00", "action": "GRN_CREATE", "entity": "GoodsReceipt", "entity_id": 1, "details": {"grn_number": "GRN-2026-00001", "po_id": 1, "po_number": "PO-2026-00001", "item_count": 1, "po_status": "RECEIVED"}}
{"timestamp": "2026-09-17T05:03:03.970884+00:00", "action": "RECEIVE", "entity": "Inventory", "entity_id": 1, "details": {"product_id": 1, "manufacturer_id": 1, "location_id": 1, "batch_number": "GRN-2026-00001-1", "quantity": 500.0, "status": "OK"}}
{"timestamp": "2026-09-17T05:03:03.978296+00:00", "action": "QC_INSPECT", "entity": "QualityInspection", "entity_id": 1, "details": {"qc_number": "QC-2026-00001", "grn_id": 1, "grn_number": "GRN-2026-00001", "overall_disposition": "ACCEPTED", "item_count": 1}}
{"timestamp": "2026-09-17T05:03:04.022026+00:00", "action": "PO_CREATE", "entity": "PurchaseOrder", "entity_id": 1, "details": {"po_number": "PO-2026-00001", "quotation_id": null, "supplier_id": 1, "item_count": 1, "total_amount": 7375.0}}
{"timestamp": "2026-09-17T05:03:04.023205+00:00", "action": "PO_SEND", "entity": "PurchaseOrder", "entity_id": 1, "details": {"po_number": "PO-2026-00001", "approved_by": "Priya Sharma"}}
{"timestamp": "2026-09-17T05:03:04.024216+00:00", "action": "PO_CONFIRM", "entity": "PurchaseOrder", "entity_id": 1, "details": {"po_number": "PO-2026-00001"}}
{"timestamp": "2026-09-17T05:03:04.032463+00:00", "action": "GRN_CREATE", "entity": "GoodsReceipt", "entity_id": 1, "details": {"grn_number": "GRN-2026-00001", "po_id": 1, "po_number": "PO-2026-00001", "item_count": 1, "po_status": "RECEIVED"}}
{"timestamp": "2026-09-17T05:03:04.038525+00:00", "action": "RECEIVE", "entity": "Inventory", "entity_id": 1, "details": {"product_id": 1, "manufacturer_id": 1, "location_id": 1, "batch_number": "GRN-2026-00001-1", "quantity": 100.0, "status": "OK"}}
{"timestamp": "2026-09-17T05:03:04.044868+00:00", "action": "QC_INSPECT", "entity": "QualityInspection", "entity_id": 1, "details": {"qc_number": "QC-2026-00001", "grn_id": 1, "grn_number": "GRN-2026-00001", "overall_disposition": "ACCEPTED", "item_count": 1}}
{"timestamp": "2026-09-17T05:03:04.047807+00:00", "action": "PO_CREATE", "entity": "PurchaseOrder", "entity_id": 2, "details": {"po_number": "PO-2026-00002", "quotation_id": null, "supplier_id": 1, "item_count": 1, "total_amount": 14750.0}}
{"timestamp": "2026-09-17T05:03:04.048698+00:00", "action": "PO_SEND", "entity": "PurchaseOrder", "entity_id": 2, "details": {"po_number": "PO-2026-00002", "approved_by": "Priya Sharma"}}
{"timestamp": "2026-09-17T05:03:04.049566+00:00", "action": "PO_CONFIRM", "entity": "PurchaseOrder", "entity_id": 2, "details": {"po_number": "PO-2026-00002"}}
{"timestamp": "2026-09-17T05:03:04.053448+00:00", "action": "GRN_CREATE", "entity": "GoodsReceipt", "entity_id": 2, "details": {"grn_number": "GRN-2026-00002", "po_id": 2, "po_number": "PO-2026-00002", "item_count": 1, "po_status": "RECEIVED"}}
{"timestamp": "2026-09-17T05:03:04.056571+00:00", "action": "RECEIVE", "entity": "Inventory", "entity_id": 2, "details": {"product_id": 1, "manufacturer_id": 1, "location_id": 1, "batch_number": "GRN-2026-00002-2", "quantity": 200.0, "status": "OK"}}
{"timestamp": "2026-09-17T05:03:04.059614+00:00", "action": "QC_INSPECT", "entity": "QualityInspection", "entity_id": 2, "details": {"qc_number": "QC-2026-00002", "grn_id": 2, "grn_number": "GRN-2026-00002", "overall_disposition": "ACCEPTED", "item_count": 1}}
{"timestamp": "2026-09-17T05:03:04.130461+00:00", "action": "PO_CREATE", "entity": "PurchaseOrder", "entity_id": 1, "details": {"po_number": "PO-2026-00001", "quotation_id": null, "supplier_id": 1, "item_count": 1, "total_amount": 36875.0}}
{"timestamp": "2026-09-17T05:03:04.131804+00:00", "action": "PO_SEND", "entity": "PurchaseOrder", "entity_id": 1, "details": {"po_number": "PO-2026-00001", "approved_by": "Priya Sharma"}}
{"timestamp": "2026-09-17T05:03:04.132834+00:00", "action": "PO_CONFIRM", "entity": "PurchaseOrder", "entity_id": 1, "details": {"po_number": "PO-2026-00001"}}
{"timestamp": "2026-09-17T05:03:04.140401+00:00", "action": "GRN_CREATE", "entity": "GoodsReceipt", "entity_id": 1, "details": {"grn_number": "GRN-2026-00001", "po_id": 1, "po_number": "PO-2026-00001", "item_count": 1, "po_status": "RECEIVED"}}
{"timestamp": "2026-09-17T05:03:04.146524+00:00", "action": "RECEIVE", "entity": "Inventory", "entity_id": 1, "details": {"product_id": 1, "manufacturer_id": 1, "location_id": 1, "batch_number": "GRN-2026-00001-1", "quantity": 500.0, "status": "OK"}}
{"timestamp": "2026-09-17T05:03:04.153167+00:00", "action": "QC_INSPECT", "entity": "QualityInspection", "entity_id": 1, "details": {"qc_number": "QC-2026-00001", "grn_id": 1, "grn_number": "GRN-2026-00001", "overall_disposition": "ACCEPTED", "item_count": 1}}
{"timestamp": "2026-09-17T05:03:04.160461+00:00", "action": "INVOICE_INGEST", "entity": "VendorInvoice", "entity_id": 1, "details": {"po_id": 1, "supplier_id": 1, "source": "OCR_BOT", "item_count": 1, "unmatched_item_count": 0}}
{"timestamp": "2026-09-17T05:03:04.201979+00:00", "action": "PO_CREATE", "entity": "PurchaseOrder", "entity_id": 1, "details": {"po_number": "PO-2026-00001", "quotation_id": null, "supplier_id": 1, "item_count": 1, "total_amount": 36875.0}}
{"timestamp": "2026-09-17T05:03:04.203155+00:00", "action": "PO_SEND", "entity": "PurchaseOrder", "entity_id": 1, "details": {"po_number": "PO-2026-00001", "approved_by": "Priya Sharma"}}
{"timestamp": "2026-09-17T05:03:04.204130+00:00", "action": "PO_CONFIRM", "entity": "PurchaseOrder", "entity_id": 1, "details": {"po_number": "PO-2026-00001"}}
{"timestamp": "2026-09-17T05:03:04.212235+00:00", "action": "GRN_CREATE", "entity": "GoodsReceipt", "entity_id": 1, "details": {"grn_number": "GRN-2026-00001", "po_id": 1, "po_number": "PO-2026-00001", "item_count": 1, "po_status": "RECEIVED"}}
{"timestamp": "2026-09-17T05:03:04.217976+00:00", "action": "RECEIVE", "entity": "Inventory", "entity_id": 1, "details": {"product_id": 1, "manufacturer_id": 1, "location_id": 1, "batch_number": "GRN-2026-00001-1", "quantity": 500.0, "status": "OK"}}
{"timestamp": "2026-09-17T05:03:04.223883+00:00", "action": "QC_INSPECT", "entity": "QualityInspection", "entity_id": 1, "details": {"qc_number": "QC-2026-00001", "grn_id": 1, "grn_number": "GRN-2026-00001", "overall_disposition": "ACCEPTED", "item_count": 1}}
{"timestamp": "2026-09-17T05:03:04.229717+00:00", "action": "INVOICE_INGEST", "entity": "VendorInvoice", "entity_id": 1, "details": {"po_id": 1, "supplier_id": 1, "source": "OCR_BOT", "item_count": 1, "unmatched_item_count": 1}}
{"timestamp": "2026-09-17T05:03:04.274181+00:00", "action": "PO_CREATE", "entity": "PurchaseOrder", "entity_id": 1, "details": {"po_number": "PO-2026-00001", "quotation_id": null, "supplier_id": 1, "item_count": 1, "total_amount": 36875.0}}
{"timestamp": "2026-09-17T05:03:04.275824+00:00", "action": "PO_SEND", "entity": "PurchaseOrder", "entity_id": 1, "details": {"po_number": "PO-2026-00001", "approved_by": "Priya Sharma"}}
{"timestamp": "2026-09-17T05:03:04.277305+00:00", "action": "PO_CONFIRM", "entity": "PurchaseOrder", "entity_id": 1, "details": {"po_number": "PO-2026-00001"}}
{"timestamp": "2026-09-17T05:03:04.286295+00:00", "action": "GRN_CREATE", "entity": "GoodsReceipt", "entity_id": 1, "details": {"grn_number": "GRN-2026-00001", "po_id": 1, "po_number": "PO-2026-00001", "item_count": 1, "po_status": "RECEIVED"}}
{"timestamp": "2026-09-17T05:03:04.292872+00:00", "action": "RECEIVE", "entity": "Inventory", "entity_id": 1, "details": {"product_id": 1, "manufacturer_id": 1, "location_id": 1, "batch_number": "GRN-2026-00001-1", "quantity": 500.0, "status": "OK"}}
{"timestamp": "2026-09-17T05:03:04.299712+00:00", "action": "QC_INSPECT", "entity": "QualityInspection", "entity_id": 1, "details": {"qc_number": "QC-2026-00001", "grn_id": 1, "grn_number": "GRN-2026-00001", "overall_disposition": "ACCEPTED", "item_count": 1}}
{"timestamp": "2026-09-17T05:03:04.306289+00:00", "action": "INVOICE_INGEST", "entity": "VendorInvoice", "entity_id": 1, "details": {"po_id": 1, "supplier_id": 1, "source": "OCR_BOT", "item_count": 1, "unmatched_item_count": 1}}
{"timestamp": "2026-09-17T05:03:04.348575+00:00", "action": "PO_CREATE", "entity": "PurchaseOrder", "entity_id": 1, "details": {"po_number": "PO-2026-00001", "quotation_id": null, "supplier_id": 1, "item_count": 1, "total_amount": 36875.0}}
{"timestamp": "2026-09-17T05:03:04.349724+00:00", "action": "PO_SEND", "entity": "PurchaseOrder", "entity_id": 1, "details": {"po_number": "PO-2026-00001", "approved_by": "Priya Sharma"}}
{"timestamp": "2026-09-17T05:03:04.350695+00:00", "action": "PO_CONFIRM", "entity": "PurchaseOrder", "entity_id": 1, "details": {"po_number": "PO-2026-00001"}}
{"timestamp": "2026-09-17T05:03:04.357681+00:00", "action": "GRN_CREATE", "entity": "GoodsReceipt", "entity_id": 1, "details": {"grn_number": "GRN-2026-00001", "po_id": 1, "po_number": "PO-2026-00001", "item_count": 1, "po_status": "RECEIVED"}}
{"timestamp": "2026-09-17T05:03:04.363088+00:00", "action": "RECEIVE", "entity": "Inventory", "entity_id": 1, "details": {"product_id": 1, "manufacturer_id": 1, "location_id": 1, "batch_number": "GRN-2026-00001-1", "quantity": 500.0, "status": "OK"}}
{"timestamp": "2026-09-17T05:03:04.482111+00:00", "action": "QC_INSPECT", "entity": "QualityInspection", "entity_id": 1, "details": {"qc_number": "QC-2026-00001", "grn_id": 1, "grn_number": "GRN-2026-00001", "overall_disposition": "ACCEPTED", "item_count": 1}}
{"timestamp": "2026-09-17T05:03:04.487691+00:00", "action": "INVOICE_INGEST", "entity": "VendorInvoice", "entity_id": 1, "details": {"po_id": 1, "supplier_id": 1, "source": "OCR_BOT", "item_count": 1, "unmatched_item_count": 1}}
{"timestamp": "2026-09-17T05:03:04.489623+00:00", "action": "INVOICE_ITEM_UPDATE", "entity": "VendorInvoice", "entity_id": 1, "details": {"item_id": 1, "fields": ["po_item_id"]}}
{"timestamp": "2026-09-17T05:03:04.492211+00:00", "action": "INVOICE_MATCH", "entity": "VendorInvoice", "entity_id": 1, "details": {"matched_by": "Accounts Clerk", "result": "MATCHED"}}
{"timestamp": "2026-09-17T05:03:04.533540+00:00", "action": "PO_CREATE", "entity": "PurchaseOrder", "entity_id": 1, "details": {"po_number": "PO-2026-00001", "quotation_id": null, "supplier_id": 1, "item_count": 1, "total_amount": 36875.0}}
{"timestamp": "2026-09-17T05:03:04.534745+00:00", "action": "PO_SEND", "entity": "PurchaseOrder", "entity_id": 1, "details": {"po_number": "PO-2026-00001", "approved_by": "Priya Sharma"}}
{"timestamp": "2026-09-17T05:03:04.535709+00:00", "action": "PO_CONFIRM", "entity": "PurchaseOrder", "entity_id": 1, "details": {"po_number": "PO-2026-00001"}}
{"timestamp": "2026-09-17T05:03:04.543008+00:00", "action": "GRN_CREATE", "entity": "GoodsReceipt", "entity_id": 1, "details": {"grn_number": "GRN-2026-00001", "po_id": 1, "po_number": "PO-2026-00001", "item_count": 1, "po_status": "PARTIALLY_RECEIVED"}}
{"timestamp": "2026-09-17T05:03:04.546984+00:00", "action": "GRN_CREATE", "entity": "GoodsReceipt", "entity_id": 2, "details": {"grn_number": "GRN-2026-00002", "po_id": 1, "po_number": "PO-2026-00001", "item_count": 1, "po_status": "RECEIVED"}}
{"timestamp": "2026-09-17T05:03:04.552181+00:00", "action": "INVOICE_CREATE", "entity": "VendorInvoice", "entity_id": 1, "details": {"po_id": 1, "supplier_id": 1, "item_count": 1}}
{"timestamp": "2026-09-17T05:03:04.598055+00:00", "action": "PO_CREATE", "entity": "PurchaseOrder", "entity_id": 1, "details": {"po_number": "PO-2026-00001", "quotation_id": null, "supplier_id": 1, "item_count": 1, "total_amount": 36875.0}}
{"timestamp": "2026-09-17T05:03:04.599209+00:00", "action": "PO_SEND", "entity": "PurchaseOrder", "entity_id": 1, "details": {"po_number": "PO-2026-00001", "approved_by": "Priya Sharma"}}
{"timestamp": "2026-09-17T05:03:04.600242+00:00", "action": "PO_CONFIRM", "entity": "PurchaseOrder", "entity_id": 1, "details": {"po_number": "PO-2026-00001"}}
{"timestamp": "2026-09-17T05:03:04.608268+00:00", "action": "GRN_CREATE", "entity": "GoodsReceipt", "entity_id": 1, "details": {"grn_number": "GRN-2026-00001", "po_id": 1, "po_number": "PO-2026-00001", "item_count": 1, "po_status": "RECEIVED"}}
{"timestamp": "2026-09-17T05:03:04.614257+00:00", "action": "RECEIVE", "entity": "Inventory", "entity_id": 1, "details": {"product_id": 1, "manufacturer_id": 1, "location_id": 1, "batch_number": "GRN-2026-00001-1", "quantity": 500.0, "status": "OK"}}
{"timestamp": "2026-09-17T05:03:04.620643+00:00", "action": "QC_INSPECT", "entity": "QualityInspection", "entity_id": 1, "details": {"qc_number": "QC-2026-00001", "grn_id": 1, "grn_number": "GRN-2026-00001", "overall_disposition": "ACCEPTED", "item_count": 1}}
{"timestamp": "2026-09-17T05:03:04.625890+00:00", "action": "INVOICE_CREATE", "entity": "VendorInvoice", "entity_id": 1, "details": {"po_id": 1, "supplier_id": 1, "item_count": 1}}
{"timestamp": "2026-09-17T05:03:04.628243+00:00", "action": "INVOICE_MATCH", "entity": "VendorInvoice", "entity_id": 1, "details": {"matched_by": "Accounts Clerk", "result": "MATCHED"}}
{"timestamp": "2026-09-17T05:03:04.676828+00:00", "action": "PO_CREATE", "entity": "PurchaseOrder", "entity_id": 1, "details": {"po_number": "PO-2026-00001", "quotation_id": null, "supplier_id": 1, "item_count": 1, "total_amount": 36875.0}}
{"timestamp": "2026-09-17T05:03:04.678219+00:00", "action": "PO_SEND", "entity": "PurchaseOrder", "entity_id": 1, "details": {"po_number": "PO-2026-00001", "approved_by": "Priya Sharma"}}
{"timestamp": "2026-09-17T05:03:04.679338+00:00", "action": "PO_CONFIRM", "entity": "PurchaseOrder", "entity_id": 1, "details": {"po_number": "PO-2026-00001"}}
{"timestamp": "2026-09-17T05:03:04.687093+00:00", "action": "GRN_CREATE", "entity": "GoodsReceipt", "entity_id": 1, "details": {"grn_number": "GRN-2026-00001", "po_id": 1, "po_number": "PO-2026-00001", "item_count": 1, "po_status": "RECEIVED"}}
{"timestamp": "2026-09-17T05:03:04.693284+00:00", "action": "RECEIVE", "entity": "Inventory", "entity_id": 1, "details": {"product_id": 1, "manufacturer_id": 1, "location_id": 1, "batch_number": "GRN-2026-00001-1", "quantity": 500.0, "status": "OK"}}
{"timestamp": "2026-09-17T05:03:04.701202+00:00", "action": "QC_INSPECT", "entity": "QualityInspection", "entity_id": 1, "details": {"qc_number": "QC-2026-00001", "grn_id": 1, "grn_number": "GRN-2026-00001", "overall_disposition": "ACCEPTED", "item_count": 1}}
{"timestamp": "2026-09-17T05:03:04.707353+00:00", "action": "INVOICE_CREATE", "entity": "VendorInvoice", "entity_id": 1, "details": {"po_id": 1, "supplier_id": 1, "item_count": 1}}
{"timestamp": "2026-09-17T05:03:04.710061+00:00", "action": "INVOICE_MATCH", "entity": "VendorInvoice", "entity_id": 1, "details": {"matched_by": "Accounts Clerk", "result": "MISMATCH"}}
{"timestamp": "2026-09-17T05:03:04.754683+00:00", "action": "PO_CREATE", "entity": "PurchaseOrder", "entity_id": 1, "details": {"po_number": "PO-2026-00001", "quotation_id": null, "supplier_id": 1, "item_count": 1, "total_amount": 36875.0}}
{"timestamp": "2026-09-17T05:03:04.756135+00:00", "action": "PO_SEND", "entity": "PurchaseOrder", "entity_id": 1, "details": {"po_number": "PO-2026-00001", "approved_by": "Priya Sharma"}}
{"timestamp": "2026-09-17T05:03:04.757200+00:00", "action": "PO_CONFIRM", "entity": "PurchaseOrder", "entity_id": 1, "details": {"po_number": "PO-2026-00001"}}
{"timestamp": "2026-09-17T05:03:04.764259+00:00", "action": "GRN_CREATE", "entity": "GoodsReceipt", "entity_id": 1, "details": {"grn_number": "GRN-2026-00001", "po_id": 1, "po_number": "PO-2026-00001", "item_count": 1, "po_status": "RECEIVED"}}
{"timestamp": "2026-09-17T05:03:04.770185+00:00", "action": "RECEIVE", "entity": "Inventory", "entity_id": 1, "details": {"product_id": 1, "manufacturer_id": 1, "location_id": 1, "batch_number": "GRN-2026-00001-1", "quantity": 500.0, "status": "OK"}}
{"timestamp": "2026-09-17T05:03:04.776794+00:00", "action": "QC_INSPECT", "entity": "QualityInspection", "entity_id": 1, "details": {"qc_number": "QC-2026-00001", "grn_id": 1, "grn_number": "GRN-2026-00001", "overall_disposition": "ACCEPTED", "item_count": 1}}
{"timestamp": "2026-09-17T05:03:04.782197+00:00", "action": "INVOICE_CREATE", "entity": "VendorInvoice", "entity_id": 1, "details": {"po_id": 1, "supplier_id": 1, "item_count": 1}}
{"timestamp": "2026-09-17T05:03:04.784604+00:00", "action": "INVOICE_MATCH", "entity": "VendorInvoice", "entity_id": 1, "details": {"matched_by": "Accounts Clerk", "result": "MISMATCH"}}
{"timestamp": "2026-09-17T05:03:04.829649+00:00", "action": "PO_CREATE", "entity": "PurchaseOrder", "entity_id": 1, "details": {"po_number": "PO-2026-00001", "quotation_id": null, "supplier_id": 1, "item_count": 1, "total_amount": 36875.0}}
{"timestamp": "2026-09-17T05:03:04.830859+00:00", "action": "PO_SEND", "entity": "PurchaseOrder", "entity_id": 1, "details": {"po_number": "PO-2026-00001", "approved_by": "Priya Sharma"}}
{"timestamp": "2026-09-17T05:03:04.831814+00:00", "action": "PO_CONFIRM", "entity": "PurchaseOrder", "entity_id": 1, "details": {"po_number": "PO-2026-00001"}}
{"timestamp": "2026-09-17T05:03:04.838627+00:00", "action": "GRN_CREATE", "entity": "GoodsReceipt", "entity_id": 1, "details": {"grn_number": "GRN-2026-00001", "po_id": 1, "po_number": "PO-2026-00001", "item_count": 1, "po_status": "RECEIVED"}}
{"timestamp": "2026-09-17T05:03:04.844251+00:00", "action": "RECEIVE", "entity": "Inventory", "entity_id": 1, "details": {"product_id": 1, "manufacturer_id": 1, "location_id": 1, "batch_number": "GRN-2026-00001-1", "quantity": 500.0, "status": "OK"}}
{"timestamp": "2026-09-17T05:03:04.850389+00:00", "action": "QC_INSPECT", "entity": "QualityInspection", "entity_id": 1, "details": {"qc_number": "QC-2026-00001", "grn_id": 1, "grn_number": "GRN-2026-00001", "overall_disposition": "ACCEPTED", "item_count": 1}}
{"timestamp": "2026-09-17T05:03:04.856876+00:00", "action": "INVOICE_CREATE", "entity": "VendorInvoice", "entity_id": 1, "details": {"po_id": 1, "supplier_id": 1, "item_count": 1}}
{"timestamp": "2026-09-17T05:03:04.859238+00:00", "action": "INVOICE_MATCH", "entity": "VendorInvoice", "entity_id": 1, "details": {"matched_by": "Accounts Clerk", "result": "MISMATCH"}}
{"timestamp": "2026-09-17T05:03:04.861074+00:00", "action": "INVOICE_ITEM_UPDATE", "entity": "VendorInvoice", "entity_id": 1, "details": {"item_id": 1, "fields": ["quantity"]}}
{"timestamp": "2026-09-17T05:03:04.863723+00:00", "action": "INVOICE_MATCH", "entity": "VendorInvoice", "entity_id": 1, "details": {"matched_by": "Accounts Clerk", "result": "MATCHED"}}
{"timestamp": "2026-09-17T05:03:04.893408+00:00", "action": "PO_CREATE", "entity": "PurchaseOrder", "entity_id": 1, "details": {"po_number": "PO-2026-00001", "quotation_id": null, "supplier_id": 1, "item_count": 1, "total_amount": 36875.0}}
{"timestamp": "2026-09-17T05:03:04.894652+00:00", "action": "PO_SEND", "entity": "PurchaseOrder", "entity_id": 1, "details": {"po_number": "PO-2026-00001", "approved_by": "Priya Sharma"}}
{"timestamp": "2026-09-17T05:03:04.895639+00:00", "action": "PO_CONFIRM", "entity": "PurchaseOrder", "entity_id": 1, "details": {"po_number": "PO-2026-00001"}}
{"timestamp": "2026-09-17T05:03:04.901089+00:00", "action": "INVOICE_CREATE", "entity": "VendorInvoice", "entity_id": 1, "details": {"po_id": 1, "supplier_id": 1, "item_count": 1}}
{"timestamp": "2026-09-17T05:03:04.947912+00:00", "action": "PO_CREATE", "entity": "PurchaseOrder", "entity_id": 1, "details": {"po_number": "PO-2026-00001", "quotation_id": null, "supplier_id": 1, "item_count": 2, "total_amount": 45135.0}}
{"timestamp": "2026-09-17T05:03:04.949324+00:00", "action": "PO_SEND", "entity": "PurchaseOrder", "entity_id": 1, "details": {"po_number": "PO-2026-00001", "approved_by": "Priya Sharma"}}
{"timestamp": "2026-09-17T05:03:04.950308+00:00", "action": "PO_CONFIRM", "entity": "PurchaseOrder", "entity_id": 1, "details": {"po_number": "PO-2026-00001"}}
{"timestamp": "2026-09-17T05:03:04.957279+00:00", "action": "GRN_CREATE", "entity": "GoodsReceipt", "entity_id": 1, "details": {"grn_number": "GRN-2026-00001", "po_id": 1, "po_number": "PO-2026-00001", "item_count": 1, "po_status": "PARTIALLY_RECEIVED"}}
{"timestamp": "2026-09-17T05:03:04.962413+00:00", "action": "INVOICE_CREATE", "entity": "VendorInvoice", "entity_id": 1, "details": {"po_id": 1, "supplier_id": 1, "item_count": 2}}
{"timestamp": "2026-09-17T05:03:04.964994+00:00", "action": "INVOICE_MATCH", "entity": "VendorInvoice", "entity_id": 1, "details": {"matched_by": "Accounts Clerk", "result": "MISMATCH"}}
{"timestamp": "2026-09-17T05:03:05.008209+00:00", "action": "PO_CREATE", "entity": "PurchaseOrder", "entity_id": 1, "details": {"po_number": "PO-2026-00001", "quotation_id": null, "supplier_id": 1, "item_count": 1, "total_amount": 36875.0}}
{"timestamp": "2026-09-17T05:03:05.009508+00:00", "action": "PO_SEND", "entity": "PurchaseOrder", "entity_id": 1, "details": {"po_number": "PO-2026-00001", "approved_by": "Priya Sharma"}}
{"timestamp": "2026-09-17T05:03:05.010481+00:00", "action": "PO_CONFIRM", "entity": "PurchaseOrder", "entity_id": 1, "details": {"po_number": "PO-2026-00001"}}
{"timestamp": "2026-09-17T05:03:05.017528+00:00", "action": "GRN_CREATE", "entity": "GoodsReceipt", "entity_id": 1, "details": {"grn_number": "GRN-2026-00001", "po_id": 1, "po_number": "PO-2026-00001", "item_count": 1, "po_status": "RECEIVED"}}
{"timestamp": "2026-09-17T05:03:05.023141+00:00", "action": "RECEIVE", "entity": "Inventory", "entity_id": 1, "details": {"product_id": 1, "manufacturer_id": 1, "location_id": 1, "batch_number": "GRN-2026-00001-1", "quantity": 500.0, "status": "OK"}}
{"timestamp": "2026-09-17T05:03:05.029995+00:00", "action": "QC_INSPECT", "entity": "QualityInspection", "entity_id": 1, "details": {"qc_number": "QC-2026-00001", "grn_id": 1, "grn_number": "GRN-2026-00001", "overall_disposition": "ACCEPTED", "item_count": 1}}
{"timestamp": "2026-09-17T05:03:05.035037+00:00", "action": "INVOICE_CREATE", "entity": "VendorInvoice", "entity_id": 1, "details": {"po_id": 1, "supplier_id": 1, "item_count": 1}}
{"timestamp": "2026-09-17T05:03:05.078200+00:00", "action": "PO_CREATE", "entity": "PurchaseOrder", "entity_id": 1, "details": {"po_number": "PO-2026-00001", "quotation_id": null, "supplier_id": 1, "item_count": 1, "total_amount": 36875.0}}
{"timestamp": "2026-09-17T05:03:05.079361+00:00", "action": "PO_SEND", "entity": "PurchaseOrder", "entity_id": 1, "details": {"po_number": "PO-2026-00001", "approved_by": "Priya Sharma"}}
{"timestamp": "2026-09-17T05:03:05.080366+00:00", "action": "PO_CONFIRM", "entity": "PurchaseOrder", "entity_id": 1, "details": {"po_number": "PO-2026-00001"}}
{"timestamp": "2026-09-17T05:03:05.223312+00:00", "action": "GRN_CREATE", "entity": "GoodsReceipt", "entity_id": 1, "details": {"grn_number": "GRN-2026-00001", "po_id": 1, "po_number": "PO-2026-00001", "item_count": 1, "po_status": "RECEIVED"}}
{"timestamp": "2026-09-17T05:03:05.229274+00:00", "action": "RECEIVE", "entity": "Inventory", "entity_id": 1, "details": {"product_id": 1, "manufacturer_id": 1, "location_id": 1, "batch_number": "GRN-2026-00001-1", "quantity": 500.0, "status": "OK"}}
{"timestamp": "2026-09-17T05:03:05.235232+00:00", "action": "QC_INSPECT", "entity": "QualityInspection", "entity_id": 1, "details": {"qc_number": "QC-2026-00001", "grn_id": 1, "grn_number": "GRN-2026-00001", "overall_disposition": "ACCEPTED", "item_count": 1}}
{"timestamp": "2026-09-17T05:03:05.240372+00:00", "action": "INVOICE_CREATE", "entity": "VendorInvoice", "entity_id": 1, "details": {"po_id": 1, "supplier_id": 1, "item_count": 1}}
{"timestamp": "2026-09-17T05:03:05.243047+00:00", "action": "INVOICE_MATCH", "entity": "VendorInvoice", "entity_id": 1, "details": {"matched_by": "Accounts Clerk", "result": "MATCHED"}}
{"timestamp": "2026-09-17T05:03:05.244144+00:00", "action": "INVOICE_APPROVE_PAYMENT", "entity": "VendorInvoice", "entity_id": 1, "details": {"approved_by": "Finance Manager"}}
{"timestamp": "2026-09-17T05:03:05.245484+00:00", "action": "INVOICE_MARK_PAID", "entity": "VendorInvoice", "entity_id": 1, "details": {"paid_by": "Finance Manager"}}
{"timestamp": "2026-09-17T05:03:05.289028+00:00", "action": "PO_CREATE", "entity": "PurchaseOrder", "entity_id": 1, "details": {"po_number": "PO-2026-00001", "quotation_id": null, "supplier_id": 1, "item_count": 1, "total_amount": 36875.0}}
{"timestamp": "2026-09-17T05:03:05.290328+00:00", "action": "PO_SEND", "entity": "PurchaseOrder", "entity_id": 1, "details": {"po_number": "PO-2026-00001", "approved_by": "Priya Sharma"}}
{"timestamp": "2026-09-17T05:03:05.291318+00:00", "action": "PO_CONFIRM", "entity": "PurchaseOrder", "entity_id": 1, "details": {"po_number": "PO-2026-00001"}}
{"timestamp": "2026-09-17T05:03:05.298053+00:00", "action": "GRN_CREATE", "entity": "GoodsReceipt", "entity_id": 1, "details": {"grn_number": "GRN-2026-00001", "po_id": 1, "po_number": "PO-2026-00001", "item_count": 1, "po_status": "RECEIVED"}}
{"timestamp": "2026-09-17T05:03:05.303615+00:00", "action": "RECEIVE", "entity": "Inventory", "entity_id": 1, "details": {"product_id": 1, "manufacturer_id": 1, "location_id": 1, "batch_number": "GRN-2026-00001-1", "quantity": 500.0, "status": "OK"}}
{"timestamp": "2026-09-17T05:03:05.309912+00:00", "action": "QC_INSPECT", "entity": "QualityInspection", "entity_id": 1, "details": {"qc_number": "QC-2026-00001", "grn_id": 1, "grn_number": "GRN-2026-00001", "overall_disposition": "ACCEPTED", "item_count": 1}}
{"timestamp": "2026-09-17T05:03:05.315071+00:00", "action": "INVOICE_CREATE", "entity": "VendorInvoice", "entity_id": 1, "details": {"po_id": 1, "supplier_id": 1, "item_count": 1}}
{"timestamp": "2026-09-17T05:03:05.359540+00:00", "action": "PO_CREATE", "entity": "PurchaseOrder", "entity_id": 1, "details": {"po_number": "PO-2026-00001", "quotation_id": null, "supplier_id": 1, "item_count": 1, "total_amount": 36875.0}}
{"timestamp": "2026-09-17T05:03:05.360824+00:00", "action": "PO_SEND", "entity": "PurchaseOrder", "entity_id": 1, "details": {"po_number": "PO-2026-00001", "approved_by": "Priya Sharma"}}
{"timestamp": "2026-09-17T05:03:05.361796+00:00", "action": "PO_CONFIRM", "entity": "PurchaseOrder", "entity_id": 1, "details": {"po_number": "PO-2026-00001"}}
{"timestamp": "2026-09-17T05:03:05.369062+00:00", "action": "GRN_CREATE", "entity": "GoodsReceipt", "entity_id": 1, "details": {"grn_number": "GRN-2026-00001", "po_id": 1, "po_number": "PO-2026-00001", "item_count": 1, "po_status": "RECEIVED"}}
{"timestamp": "2026-09-17T05:03:05.376861+00:00", "action": "RECEIVE", "entity": "Inventory", "entity_id": 1, "details": {"product_id": 1, "manufacturer_id": 1, "location_id": 1, "batch_number": "GRN-2026-00001-1", "quantity": 500.0, "status": "OK"}}
{"timestamp": "2026-09-17T05:03:05.383104+00:00", "action": "QC_INSPECT", "entity": "QualityInspection", "entity_id": 1, "details": {"qc_number": "QC-2026-00001", "grn_id": 1, "grn_number": "GRN-2026-00001", "overall_disposition": "ACCEPTED", "item_count": 1}}
{"timestamp": "2026-09-17T05:03:05.388595+00:00", "action": "INVOICE_CREATE", "entity": "VendorInvoice", "entity_id": 1, "details": {"po_id": 1, "supplier_id": 1, "item_count": 1}}
{"timestamp": "2026-09-17T05:03:05.391008+00:00", "action": "INVOICE_MATCH", "entity": "VendorInvoice", "entity_id": 1, "details": {"matched_by": "Accounts Clerk", "result": "MATCHED"}}
{"timestamp": "2026-09-17T05:03:05.434467+00:00", "action": "PO_CREATE", "entity": "PurchaseOrder", "entity_id": 1, "details": {"po_number": "PO-2026-00001", "quotation_id": null, "supplier_id": 1, "item_count": 1, "total_amount": 36875.0}}
{"timestamp": "2026-09-17T05:03:05.435657+00:00", "action": "PO_SEND", "entity": "PurchaseOrder", "entity_id": 1, "details": {"po_number": "PO-2026-00001", "approved_by": "Priya Sharma"}}
{"timestamp": "2026-09-17T05:03:05.436672+00:00", "action": "PO_CONFIRM", "entity": "PurchaseOrder", "entity_id": 1, "details": {"po_number": "PO-2026-00001"}}
{"timestamp": "2026-09-17T05:03:05.444367+00:00", "action": "GRN_CREATE", "entity": "GoodsReceipt", "entity_id": 1, "details": {"grn_number": "GRN-2026-00001", "po_id": 1, "po_number": "PO-2026-00001", "item_count": 1, "po_status": "RECEIVED"}}
{"timestamp": "2026-09-17T05:03:05.450268+00:00", "action": "RECEIVE", "entity": "Inventory", "entity_id": 1, "details": {"product_id": 1, "manufacturer_id": 1, "location_id": 1, "batch_number": "GRN-2026-00001-1", "quantity": 500.0, "status": "OK"}}
{"timestamp": "2026-09-17T05:03:05.456389+00:00", "action": "QC_INSPECT", "entity": "QualityInspection", "entity_id": 1, "details": {"qc_number": "QC-2026-00001", "grn_id": 1, "grn_number": "GRN-2026-00001", "overall_disposition": "ACCEPTED", "item_count": 1}}
{"timestamp": "2026-09-17T05:03:05.461900+00:00", "action": "INVOICE_CREATE", "entity": "VendorInvoice", "entity_id": 1, "details": {"po_id": 1, "supplier_id": 1, "item_count": 1}}
{"timestamp": "2026-09-17T05:03:05.492129+00:00", "action": "QUOTATION_CREATE", "entity": "VendorQuotation", "entity_id": 1, "details": {"supplier_id": 1, "rfq_id": null, "item_count": 1}}
{"timestamp": "2026-09-17T05:03:05.520904+00:00", "action": "RFQ_CREATE", "entity": "RFQ", "entity_id": 1, "details": {"rfq_number": "RFQ-2026-00001", "item_count": 1, "pr_id": null}}
{"timestamp": "2026-09-17T05:03:05.525534+00:00", "action": "RFQ_SEND", "entity": "RFQ", "entity_id": 1, "details": {"rfq_number": "RFQ-2026-00001", "supplier_ids": [1, 2], "channel": "API"}}
{"timestamp": "2026-09-17T05:03:05.533571+00:00", "action": "QUOTATION_CREATE", "entity": "VendorQuotation", "entity_id": 1, "details": {"supplier_id": 1, "rfq_id": 1, "item_count": 1}}
{"timestamp": "2026-09-17T05:03:05.579651+00:00", "action": "QUOTATION_CREATE", "entity": "VendorQuotation", "entity_id": 1, "details": {"supplier_id": 1, "rfq_id": null, "item_count": 1}}
{"timestamp": "2026-09-17T05:03:05.580972+00:00", "action": "QUOTATION_SELECT", "entity": "VendorQuotation", "entity_id": 1, "details": {"rfq_id": null}}
{"timestamp": "2026-09-17T05:03:05.605961+00:00", "action": "QUOTATION_CREATE", "entity": "VendorQuotation", "entity_id": 1, "details": {"supplier_id": 1, "rfq_id": null, "item_count": 1}}
{"timestamp": "2026-09-17T05:03:05.632579+00:00", "action": "QUOTATION_CREATE", "entity": "VendorQuotation", "entity_id": 1, "details": {"supplier_id": 1, "rfq_id": null, "item_count": 1}}
{"timestamp": "2026-09-17T05:03:05.659238+00:00", "action": "RFQ_CREATE", "entity": "RFQ", "entity_id": 1, "details": {"rfq_number": "RFQ-2026-00001", "item_count": 1, "pr_id": null}}
{"timestamp": "2026-09-17T05:03:05.663711+00:00", "action": "RFQ_SEND", "entity": "RFQ", "entity_id": 1, "details": {"rfq_number": "RFQ-2026-00001", "supplier_ids": [1, 2], "channel": "API"}}
{"timestamp": "2026-09-17T05:03:05.671796+00:00", "action": "QUOTATION_CREATE", "entity": "VendorQuotation", "entity_id": 1, "details": {"supplier_id": 1, "rfq_id": 1, "item_count": 1}}
{"timestamp": "2026-09-17T05:03:05.675612+00:00", "action": "QUOTATION_CREATE", "entity": "VendorQuotation", "entity_id": 2, "details": {"supplier_id": 2, "rfq_id": 1, "item_count": 1}}
{"timestamp": "2026-09-17T05:03:05.679451+00:00", "action": "QUOTATION_SELECT", "entity": "VendorQuotation", "entity_id": 1, "details": {"rfq_id": 1}}
{"timestamp": "2026-09-17T05:03:05.706401+00:00", "action": "QUOTATION_CREATE", "entity": "VendorQuotation", "entity_id": 1, "details": {"supplier_id": 1, "rfq_id": null, "item_count": 1}}
{"timestamp": "2026-09-17T05:03:05.707453+00:00", "action": "QUOTATION_REJECT", "entity": "VendorQuotation", "entity_id": 1, "details": {"rejected_by": "Priya Sharma", "reason": "Rate too high vs. last PO"}}
{"timestamp": "2026-09-17T05:03:05.731160+00:00", "action": "QUOTATION_CREATE", "entity": "VendorQuotation", "entity_id": 1, "details": {"supplier_id": 1, "rfq_id": null, "item_count": 1}}
{"timestamp": "2026-09-17T05:03:05.732357+00:00", "action": "QUOTATION_SELECT", "entity": "VendorQuotation", "entity_id": 1, "details": {"rfq_id": null}}
{"timestamp": "2026-09-17T05:07:12.379981+00:00", "action": "PO_CREATE", "entity": "PurchaseOrder", "entity_id": 1, "details": {"po_number": "PO-2026-00001", "quotation_id": null, "supplier_id": 1, "item_count": 1, "total_amount": 36875.0}}
{"timestamp": "2026-09-17T05:07:12.382119+00:00", "action": "PO_SEND", "entity": "PurchaseOrder", "entity_id": 1, "details": {"po_number": "PO-2026-00001", "approved_by": "Priya Sharma"}}
{"timestamp": "2026-09-17T05:07:12.383237+00:00", "action": "PO_CONFIRM", "entity": "PurchaseOrder", "entity_id": 1, "details": {"po_number": "PO-2026-00001"}}
{"timestamp": "2026-09-17T05:07:12.392176+00:00", "action": "GRN_CREATE", "entity": "GoodsReceipt", "entity_id": 1, "details": {"grn_number": "GRN-2026-00001", "po_id": 1, "po_number": "PO-2026-00001", "item_count": 1, "po_status": "RECEIVED"}}
{"timestamp": "2026-09-17T05:07:12.419619+00:00", "action": "PO_CREATE", "entity": "PurchaseOrder", "entity_id": 1, "details": {"po_number": "PO-2026-00001", "quotation_id": null, "supplier_id": 1, "item_count": 1, "total_amount": 36875.0}}
{"timestamp": "2026-09-17T05:07:12.420903+00:00", "action": "PO_SEND", "entity": "PurchaseOrder", "entity_id": 1, "details": {"po_number": "PO-2026-00001", "approved_by": "Priya Sharma"}}
{"timestamp": "2026-09-17T05:07:12.421880+00:00", "action": "PO_CONFIRM", "entity": "PurchaseOrder", "entity_id": 1, "details": {"po_number": "PO-2026-00001"}}
{"timestamp": "2026-09-17T05:07:12.428905+00:00", "action": "GRN_CREATE", "entity": "GoodsReceipt", "entity_id": 1, "details": {"grn_number": "GRN-2026-00001", "po_id": 1, "po_number": "PO-2026-00001", "item_count": 1, "po_status": "PARTIALLY_RECEIVED"}}
{"timestamp": "2026-09-17T05:07:12.456259+00:00", "action": "PO_CREATE", "entity": "PurchaseOrder", "entity_id": 1, "details": {"po_number": "PO-2026-00001", "quotation_id": null, "supplier_id": 1, "item_count": 1, "total_amount": 36875.0}}
{"timestamp": "2026-09-17T05:07:12.457507+00:00", "action": "PO_SEND", "entity": "PurchaseOrder", "entity_id": 1, "details": {"po_number": "PO-2026-00001", "approved_by": "Priya Sharma"}}
{"timestamp": "2026-09-17T05:07:12.458578+00:00", "action": "PO_CONFIRM", "entity": "PurchaseOrder", "entity_id": 1, "details": {"po_number": "PO-2026-00001"}}
{"timestamp": "2026-09-17T05:07:12.467550+00:00", "action": "GRN_CREATE", "entity": "GoodsReceipt", "entity_id": 1, "details": {"grn_number": "GRN-2026-00001", "po_id": 1, "po_number": "PO-2026-00001", "item_count": 1, "po_status": "PARTIALLY_RECEIVED"}}
{"timestamp": "2026-09-17T05:07:12.471641+00:00", "action": "GRN_CREATE", "entity": "GoodsReceipt", "entity_id": 2, "details": {"grn_number": "GRN-2026-00002", "po_id": 1, "po_number": "PO-2026-00001", "item_count": 1, "po_status": "RECEIVED"}}
{"timestamp": "2026-09-17T05:07:12.498806+00:00", "action": "PO_CREATE", "entity": "PurchaseOrder", "entity_id": 1, "details": {"po_number": "PO-2026-00001", "quotation_id": null, "supplier_id": 1, "item_count": 1, "total_amount": 1000.0}}
{"timestamp": "2026-09-17T05:07:12.543300+00:00", "action": "PO_CREATE", "entity": "PurchaseOrder", "entity_id": 1, "details": {"po_number": "PO-2026-00001", "quotation_id": null, "supplier_id": 1, "item_count": 1, "total_amount": 36875.0}}
{"timestamp": "2026-09-17T05:07:12.544619+00:00", "action": "PO_SEND", "entity": "PurchaseOrder", "entity_id": 1, "details": {"po_number": "PO-2026-00001", "approved_by": "Priya Sharma"}}
{"timestamp": "2026-09-17T05:07:12.545787+00:00", "action": "PO_CONFIRM", "entity": "PurchaseOrder", "entity_id": 1, "details": {"po_number": "PO-2026-00001"}}
{"timestamp": "2026-09-17T05:07:12.549407+00:00", "action": "PO_CREATE", "entity": "PurchaseOrder", "entity_id": 2, "details": {"po_number": "PO-2026-00002", "quotation_id": null, "supplier_id": 1, "item_count": 1, "total_amount": 500.0}}
{"timestamp": "2026-09-17T05:07:12.577693+00:00", "action": "PO_CREATE", "entity": "PurchaseOrder", "entity_id": 1, "details": {"po_number": "PO-2026-00001", "quotation_id": null, "supplier_id": 1, "item_count": 1, "total_amount": 36875.0}}
{"timestamp": "2026-09-17T05:07:12.578982+00:00", "action": "PO_SEND", "entity": "PurchaseOrder", "entity_id": 1, "details": {"po_number": "PO-2026-00001", "approved_by": "Priya Sharma"}}
{"timestamp": "2026-09-17T05:07:12.579988+00:00", "action": "PO_CONFIRM", "entity": "PurchaseOrder", "entity_id": 1, "details": {"po_number": "PO-2026-00001"}}
{"timestamp": "2026-09-17T05:07:12.587084+00:00", "action": "GRN_CREATE", "entity": "GoodsReceipt", "entity_id": 1, "details": {"grn_number": "GRN-2026-00001", "po_id": 1, "po_number": "PO-2026-00001", "item_count": 1, "po_status": "RECEIVED"}}
{"timestamp": "2026-09-17T05:07:12.614190+00:00", "action": "PO_CREATE", "entity": "PurchaseOrder", "entity_id": 1, "details": {"po_number": "PO-2026-00001", "quotation_id": null, "supplier_id": 1, "item_count": 1, "total_amount": 36875.0}}
{"timestamp": "2026-09-17T05:07:12.615360+00:00", "action": "PO_SEND", "entity": "PurchaseOrder", "entity_id": 1, "details": {"po_number": "PO-2026-00001", "approved_by": "Priya Sharma"}}
{"timestamp": "2026-09-17T05:07:12.616307+00:00", "action": "PO_CONFIRM", "entity": "PurchaseOrder", "entity_id": 1, "details": {"po_number": "PO-2026-00001"}}
{"timestamp": "2026-09-17T05:07:12.623546+00:00", "action": "GRN_CREATE", "entity": "GoodsReceipt", "entity_id": 1, "details": {"grn_number": "GRN-2026-00001", "po_id": 1, "po_number": "PO-2026-00001", "item_count": 1, "po_status": "RECEIVED"}}
{"timestamp": "2026-09-17T05:07:12.715605+00:00", "action": "RECEIVE", "entity": "Inventory", "entity_id": 1, "details": {"product_id": 1, "manufacturer_id": 1, "location_id": 1, "batch_number": "B-100", "quantity": 50.0, "status": "OK"}}
{"timestamp": "2026-09-17T05:07:12.755322+00:00", "action": "RECEIVE", "entity": "Inventory", "entity_id": 1, "details": {"product_id": 1, "manufacturer_id": 1, "location_id": 1, "batch_number": "B-100", "quantity": 10.0, "status": "OK"}}
{"timestamp": "2026-09-17T05:07:12.791299+00:00", "action": "RECEIVE", "entity": "Inventory", "entity_id": 1, "details": {"product_id": 1, "manufacturer_id": 1, "location_id": 1, "batch_number": "B-100", "quantity": 10.0, "status": "OK"}}
{"timestamp": "2026-09-17T05:07:12.792854+00:00", "action": "ISSUE", "entity": "Inventory", "entity_id": 1, "details": {"product_id": 1, "quantity_issued": 4, "quantity_before": 10.0, "quantity_after": 6.0}}
{"timestamp": "2026-09-17T05:07:12.815258+00:00", "action": "PR_CREATE", "entity": "PurchaseRequisition", "entity_id": 1, "details": {"pr_number": "PR-2026-00001", "department": "Production", "item_count": 1, "source": "MANUAL"}}
{"timestamp": "2026-09-17T05:07:12.817978+00:00", "action": "PR_CREATE", "entity": "PurchaseRequisition", "entity_id": 2, "details": {"pr_number": "PR-2026-00002", "department": "Production", "item_count": 1, "source": "MANUAL"}}
{"timestamp": "2026-09-17T05:07:12.818956+00:00", "action": "PR_SUBMIT", "entity": "PurchaseRequisition", "entity_id": 2, "details": {"pr_number": "PR-2026-00002"}}
{"timestamp": "2026-09-17T05:07:12.861833+00:00", "action": "PO_CREATE", "entity": "PurchaseOrder", "entity_id": 1, "details": {"po_number": "PO-2026-00001", "quotation_id": null, "supplier_id": 1, "item_count": 1, "total_amount": 7375.0}}
{"timestamp": "2026-09-17T05:07:12.862918+00:00", "action": "PO_SEND", "entity": "PurchaseOrder", "entity_id": 1, "details": {"po_number": "PO-2026-00001", "approved_by": "Priya Sharma"}}
{"timestamp": "2026-09-17T05:07:12.863774+00:00", "action": "PO_CONFIRM", "entity": "PurchaseOrder", "entity_id": 1, "details": {"po_number": "PO-2026-00001"}}
{"timestamp": "2026-09-17T05:07:12.866753+00:00", "action": "PO_CREATE", "entity": "PurchaseOrder", "entity_id": 2, "details": {"po_number": "PO-2026-00002", "quotation_id": null, "supplier_id": 1, "item_count": 1, "total_amount": 14750.0}}
{"timestamp": "2026-09-17T05:07:12.867487+00:00", "action": "PO_SEND", "entity": "PurchaseOrder", "entity_id": 2, "details": {"po_number": "PO-2026-00002", "approved_by": "Priya Sharma"}}
{"timestamp": "2026-09-17T05:07:12.868091+00:00", "action": "PO_CONFIRM", "entity": "PurchaseOrder", "entity_id": 2, "details": {"po_number": "PO-2026-00002"}}
{"timestamp": "2026-09-17T05:07:12.874990+00:00", "action": "GRN_CREATE", "entity": "GoodsReceipt", "entity_id": 1, "details": {"grn_number": "GRN-2026-00001", "po_id": 2, "po_number": "PO-2026-00002", "item_count": 1, "po_status": "PARTIALLY_RECEIVED"}}
{"timestamp": "2026-09-17T05:07:12.918869+00:00", "action": "PO_CREATE", "entity": "PurchaseOrder", "entity_id": 1, "details": {"po_number": "PO-2026-00001", "quotation_id": null, "supplier_id": 1, "item_count": 1, "total_amount": 7375.0}}
{"timestamp": "2026-09-17T05:07:12.920008+00:00", "action": "PO_SEND", "entity": "PurchaseOrder", "entity_id": 1, "details": {"po_number": "PO-2026-00001", "approved_by": "Priya Sharma"}}
{"timestamp": "2026-09-17T05:07:12.920883+00:00", "action": "PO_CONFIRM", "entity": "PurchaseOrder", "entity_id": 1, "details": {"po_number": "PO-2026-00001"}}
{"timestamp": "2026-09-17T05:07:12.927811+00:00", "action": "GRN_CREATE", "entity": "GoodsReceipt", "entity_id": 1, "details": {"grn_number": "GRN-2026-00001", "po_id": 1, "po_number": "PO-2026-00001", "item_count": 1, "po_status": "RECEIVED"}}
{"timestamp": "2026-09-17T05:07:12.936922+00:00", "action": "RECEIVE", "entity": "Inventory", "entity_id": 1, "details": {"product_id": 1, "manufacturer_id": 1, "location_id": 1, "batch_number": "GRN-2026-00001-1", "quantity": 100.0, "status": "OK"}}
{"timestamp": "2026-09-17T05:07:12.944339+00:00", "action": "QC_INSPECT", "entity": "QualityInspection", "entity_id": 1, "details": {"qc_number": "QC-2026-00001", "grn_id": 1, "grn_number": "GRN-2026-00001", "overall_disposition": "ACCEPTED", "item_count": 1}}
{"timestamp": "2026-09-17T05:07:12.970905+00:00", "action": "PO_CREATE", "entity": "PurchaseOrder", "entity_id": 1, "details": {"po_number": "PO-2026-00001", "quotation_id": null, "supplier_id": 1, "item_count": 1, "total_amount": 3687.5}}
{"timestamp": "2026-09-17T05:07:12.972116+00:00", "action": "PO_SEND", "entity": "PurchaseOrder", "entity_id": 1, "details": {"po_number": "PO-2026-00001", "approved_by": "Priya Sharma"}}
{"timestamp": "2026-09-17T05:07:12.972912+00:00", "action": "PO_CONFIRM", "entity": "PurchaseOrder", "entity_id": 1, "details": {"po_number": "PO-2026-00001"}}
{"timestamp": "2026-09-17T05:07:12.975719+00:00", "action": "PO_CREATE", "entity": "PurchaseOrder", "entity_id": 2, "details": {"po_number": "PO-2026-00002", "quotation_id": null, "supplier_id": 1, "item_count": 1, "total_amount": 3687.5}}
{"timestamp": "2026-09-17T05:07:12.976464+00:00", "action": "PO_SEND", "entity": "PurchaseOrder", "entity_id": 2, "details": {"po_number": "PO-2026-00002", "approved_by": "Priya Sharma"}}
{"timestamp": "2026-09-17T05:07:12.977049+00:00", "action": "PO_CONFIRM", "entity": "PurchaseOrder", "entity_id": 2, "details": {"po_number": "PO-2026-00002"}}
{"timestamp": "2026-09-17T05:07:12.979268+00:00", "action": "PO_CREATE", "entity": "PurchaseOrder", "entity_id": 3, "details": {"po_number": "PO-2026-00003", "quotation_id": null, "supplier_id": 1, "item_count": 1, "total_amount": 3687.5}}
{"timestamp": "2026-09-17T05:07:12.979964+00:00", "action": "PO_SEND", "entity": "PurchaseOrder", "entity_id": 3, "details": {"po_number": "PO-2026-00003", "approved_by": "Priya Sharma"}}
{"timestamp": "2026-09-17T05:07:12.980569+00:00", "action": "PO_CONFIRM", "entity": "PurchaseOrder", "entity_id": 3, "details": {"po_number": "PO-2026-00003"}}
{"timestamp": "2026-09-17T05:07:13.079756+00:00", "action": "PO_CREATE", "entity": "PurchaseOrder", "entity_id": 1, "details": {"po_number": "PO-2026-00001", "quotation_id": null, "supplier_id": 1, "item_count": 1, "total_amount": 3687.5}}
{"timestamp": "2026-09-17T05:07:13.080885+00:00", "action": "PO_SEND", "entity": "PurchaseOrder", "entity_id": 1, "details": {"po_number": "PO-2026-00001", "approved_by": "Priya Sharma"}}
{"timestamp": "2026-09-17T05:07:13.081737+00:00", "action": "PO_CONFIRM", "entity": "PurchaseOrder", "entity_id": 1, "details": {"po_number": "PO-2026-00001"}}
{"timestamp": "2026-09-17T05:07:13.087459+00:00", "action": "GRN_CREATE", "entity": "GoodsReceipt", "entity_id": 1, "details": {"grn_number": "GRN-2026-00001", "po_id": 1, "po_number": "PO-2026-00001", "item_count": 1, "po_status": "RECEIVED"}}
{"timestamp": "2026-09-17T05:07:13.143315+00:00", "action": "RECEIVE", "entity": "Inventory", "entity_id": 1, "details": {"product_id": 1, "manufacturer_id": 1, "location_id": 1, "batch_number": "B1", "quantity": 200.0, "status": "OK"}}
{"timestamp": "2026-09-17T05:07:13.230832+00:00", "action": "RECEIVE", "entity": "Inventory", "entity_id": 1, "details": {"product_id": 1, "manufacturer_id": 1, "location_id": 1, "batch_number": "B1", "quantity": 500.0, "status": "DMG"}}
{"timestamp": "2026-09-17T05:07:13.360386+00:00", "action": "PO_CREATE", "entity": "PurchaseOrder", "entity_id": 1, "details": {"po_number": "PO-2026-00001", "quotation_id": null, "supplier_id": 1, "item_count": 1, "total_amount": 5900.0}}
{"timestamp": "2026-09-17T05:07:13.384598+00:00", "action": "PO_CREATE", "entity": "PurchaseOrder", "entity_id": 1, "details": {"po_number": "PO-2026-00001", "quotation_id": null, "supplier_id": 1, "item_count": 1, "total_amount": 5900.0}}
{"timestamp": "2026-09-17T05:07:13.387895+00:00", "action": "PO_CREATE", "entity": "PurchaseOrder", "entity_id": 2, "details": {"po_number": "PO-2026-00002", "quotation_id": null, "supplier_id": 1, "item_count": 1, "total_amount": 5900.0}}
{"timestamp": "2026-09-17T05:07:13.446423+00:00", "action": "QUOTATION_CREATE", "entity": "VendorQuotation", "entity_id": 1, "details": {"supplier_id": 1, "rfq_id": null, "item_count": 1}}
{"timestamp": "2026-09-17T05:07:13.447447+00:00", "action": "QUOTATION_SELECT", "entity": "VendorQuotation", "entity_id": 1, "details": {"rfq_id": null}}
{"timestamp": "2026-09-17T05:07:13.452912+00:00", "action": "PO_CREATE", "entity": "PurchaseOrder", "entity_id": 1, "details": {"po_number": "PO-2026-00001", "quotation_id": 1, "supplier_id": 1, "item_count": 1, "total_amount": 36875.0}}
{"timestamp": "2026-09-17T05:07:13.475341+00:00", "action": "QUOTATION_CREATE", "entity": "VendorQuotation", "entity_id": 1, "details": {"supplier_id": 1, "rfq_id": null, "item_count": 1}}
{"timestamp": "2026-09-17T05:07:13.497243+00:00", "action": "QUOTATION_CREATE", "entity": "VendorQuotation", "entity_id": 1, "details": {"supplier_id": 1, "rfq_id": null, "item_count": 1}}
{"timestamp": "2026-09-17T05:07:13.498186+00:00", "action": "QUOTATION_SELECT", "entity": "VendorQuotation", "entity_id": 1, "details": {"rfq_id": null}}
{"timestamp": "2026-09-17T05:07:13.504148+00:00", "action": "PO_CREATE", "entity": "PurchaseOrder", "entity_id": 1, "details": {"po_number": "PO-2026-00001", "quotation_id": 1, "supplier_id": 1, "item_count": 1, "total_amount": 36875.0}}
{"timestamp": "2026-09-17T05:07:13.538055+00:00", "action": "PO_CREATE", "entity": "PurchaseOrder", "entity_id": 1, "details": {"po_number": "PO-2026-00001", "quotation_id": null, "supplier_id": 1, "item_count": 1, "total_amount": 5900.0}}
{"timestamp": "2026-09-17T05:07:13.539207+00:00", "action": "PO_UPDATE", "entity": "PurchaseOrder", "entity_id": 1, "details": {"po_number": "PO-2026-00001"}}
{"timestamp": "2026-09-17T05:07:13.540357+00:00", "action": "PO_SEND", "entity": "PurchaseOrder", "entity_id": 1, "details": {"po_number": "PO-2026-00001", "approved_by": "Priya Sharma"}}
{"timestamp": "2026-09-17T05:07:13.563398+00:00", "action": "PO_CREATE", "entity": "PurchaseOrder", "entity_id": 1, "details": {"po_number": "PO-2026-00001", "quotation_id": null, "supplier_id": 1, "item_count": 1, "total_amount": 5900.0}}
{"timestamp": "2026-09-17T05:07:13.564388+00:00", "action": "PO_SEND", "entity": "PurchaseOrder", "entity_id": 1, "details": {"po_number": "PO-2026-00001", "approved_by": "Priya Sharma"}}
{"timestamp": "2026-09-17T05:07:13.585184+00:00", "action": "PO_CREATE", "entity": "PurchaseOrder", "entity_id": 1, "details": {"po_number": "PO-2026-00001", "quotation_id": null, "supplier_id": 1, "item_count": 1, "total_amount": 5900.0}}
{"timestamp": "2026-09-17T05:07:13.586468+00:00", "action": "PO_SEND", "entity": "PurchaseOrder", "entity_id": 1, "details": {"po_number": "PO-2026-00001", "approved_by": "Priya Sharma"}}
{"timestamp": "2026-09-17T05:07:13.608893+00:00", "action": "PO_CREATE", "entity": "PurchaseOrder", "entity_id": 1, "details": {"po_number": "PO-2026-00001", "quotation_id": null, "supplier_id": 1, "item_count": 1, "total_amount": 5900.0}}
{"timestamp": "2026-09-17T05:07:13.609888+00:00", "action": "PO_SEND", "entity": "PurchaseOrder", "entity_id": 1, "details": {"po_number": "PO-2026-00001", "approved_by": "Priya Sharma"}}
{"timestamp": "2026-09-17T05:07:13.610735+00:00", "action": "PO_CONFIRM", "entity": "PurchaseOrder", "entity_id": 1, "details": {"po_number": "PO-2026-00001"}}
{"timestamp": "2026-09-17T05:07:13.631826+00:00", "action": "PO_CREATE", "entity": "PurchaseOrder", "entity_id": 1, "details": {"po_number": "PO-2026-00001", "quotation_id": null, "supplier_id": 1, "item_count": 1, "total_amount": 5900.0}}
{"timestamp": "2026-09-17T05:07:13.632999+00:00", "action": "PO_CANCEL", "entity": "PurchaseOrder", "entity_id": 1, "details": {"po_number": "PO-2026-00001", "cancelled_by": "Priya Sharma", "reason": "Duplicate order raised by mistake"}}
{"timestamp": "2026-09-17T05:07:13.654292+00:00", "action": "PO_CREATE", "entity": "PurchaseOrder", "entity_id": 1, "details": {"po_number": "PO-2026-00001", "quotation_id": null, "supplier_id": 1, "item_count": 1, "total_amount": 5900.0}}
{"timestamp": "2026-09-17T05:07:13.655290+00:00", "action": "PO_SEND", "entity": "PurchaseOrder", "entity_id": 1, "details": {"po_number": "PO-2026-00001", "approved_by": "Priya Sharma"}}
{"timestamp": "2026-09-17T05:07:13.656170+00:00", "action": "PO_CANCEL", "entity": "PurchaseOrder", "entity_id": 1, "details": {"po_number": "PO-2026-00001", "cancelled_by": "Priya Sharma", "reason": "Vendor unable to fulfill"}}
{"timestamp": "2026-09-17T05:07:13.678907+00:00", "action": "PO_CREATE", "entity": "PurchaseOrder", "entity_id": 1, "details": {"po_number": "PO-2026-00001", "quotation_id": null, "supplier_id": 1, "item_count": 1, "total_amount": 5900.0}}
{"timestamp": "2026-09-17T05:07:13.679895+00:00", "action": "PO_SEND", "entity": "PurchaseOrder", "entity_id": 1, "details": {"po_number": "PO-2026-00001", "approved_by": "Priya Sharma"}}
{"timestamp": "2026-09-17T05:07:13.680703+00:00", "action": "PO_CONFIRM", "entity": "PurchaseOrder", "entity_id": 1, "details": {"po_number": "PO-2026-00001"}}
{"timestamp": "2026-09-17T05:07:13.702599+00:00", "action": "PO_CREATE", "entity": "PurchaseOrder", "entity_id": 1, "details": {"po_number": "PO-2026-00001", "quotation_id": null, "supplier_id": 1, "item_count": 1, "total_amount": 5900.0}}
{"timestamp": "2026-09-17T05:07:13.724320+00:00", "action": "PR_CREATE", "entity": "PurchaseRequisition", "entity_id": 1, "details": {"pr_number": "PR-2026-00001", "department": "Production Planning", "item_count": 1, "source": "MANUAL"}}
{"timestamp": "2026-09-17T05:07:13.744878+00:00", "action": "PR_CREATE", "entity": "PurchaseRequisition", "entity_id": 1, "details": {"pr_number": "PR-2026-00001", "department": "Production Planning", "item_count": 1, "source": "MANUAL"}}
{"timestamp": "2026-09-17T05:07:13.747571+00:00", "action": "PR_CREATE", "entity": "PurchaseRequisition", "entity_id": 2, "details": {"pr_number": "PR-2026-00002", "department": "Production Planning", "item_count": 1, "source": "MANUAL"}}
{"timestamp": "2026-09-17T05:07:13.796629+00:00", "action": "PR_CREATE", "entity": "PurchaseRequisition", "entity_id": 1, "details": {"pr_number": "PR-2026-00001", "department": "Production Planning", "item_count": 1, "source": "MANUAL"}}
{"timestamp": "2026-09-17T05:07:13.876481+00:00", "action": "PR_CREATE", "entity": "PurchaseRequisition", "entity_id": 1, "details": {"pr_number": "PR-2026-00001", "department": "Production Planning", "item_count": 1, "source": "AUTO_REORDER"}}
{"timestamp": "2026-09-17T05:07:13.896280+00:00", "action": "PR_CREATE", "entity": "PurchaseRequisition", "entity_id": 1, "details": {"pr_number": "PR-2026-00001", "department": "Production Planning", "item_count": 1, "source": "MANUAL"}}
{"timestamp": "2026-09-17T05:07:13.898418+00:00", "action": "PR_ITEM_ADD", "entity": "PurchaseRequisition", "entity_id": 1, "details": {"pr_number": "PR-2026-00001", "product_id": 1, "quantity": 50.0}}
{"timestamp": "2026-09-17T05:07:13.899512+00:00", "action": "PR_SUBMIT", "entity": "PurchaseRequisition", "entity_id": 1, "details": {"pr_number": "PR-2026-00001"}}
{"timestamp": "2026-09-17T05:07:13.919467+00:00", "action": "PR_CREATE", "entity": "PurchaseRequisition", "entity_id": 1, "details": {"pr_number": "PR-2026-00001", "department": "Production Planning", "item_count": 1, "source": "MANUAL"}}
{"timestamp": "2026-09-17T05:07:13.939268+00:00", "action": "PR_CREATE", "entity": "PurchaseRequisition", "entity_id": 1, "details": {"pr_number": "PR-2026-00001", "department": "Production Planning", "item_count": 1, "source": "MANUAL"}}
{"timestamp": "2026-09-17T05:07:13.941394+00:00", "action": "PR_ITEM_ADD", "entity": "PurchaseRequisition", "entity_id": 1, "details": {"pr_number": "PR-2026-00001", "product_id": 1, "quantity": 50.0}}
{"timestamp": "2026-09-17T05:07:13.960055+00:00", "action": "PR_CREATE", "entity": "PurchaseRequisition", "entity_id": 1, "details": {"pr_number": "PR-2026-00001", "department": "Production Planning", "item_count": 1, "source": "MANUAL"}}
{"timestamp": "2026-09-17T05:07:13.960935+00:00", "action": "PR_SUBMIT", "entity": "PurchaseRequisition", "entity_id": 1, "details": {"pr_number": "PR-2026-00001"}}
{"timestamp": "2026-09-17T05:07:13.979177+00:00", "action": "PR_CREATE", "entity": "PurchaseRequisition", "entity_id": 1, "details": {"pr_number": "PR-2026-00001", "department": "Production Planning", "item_count": 1, "source": "MANUAL"}}
{"timestamp": "2026-09-17T05:07:13.980100+00:00", "action": "PR_SUBMIT", "entity": "PurchaseRequisition", "entity_id": 1, "details": {"pr_number": "PR-2026-00001"}}
{"timestamp": "2026-09-17T05:07:14.000164+00:00", "action": "PR_CREATE", "entity": "PurchaseRequisition", "entity_id": 1, "details": {"pr_number": "PR-2026-00001", "department": "Production Planning", "item_count": 1, "source": "MANUAL"}}
{"timestamp": "2026-09-17T05:07:14.018559+00:00", "action": "PR_CREATE", "entity": "PurchaseRequisition", "entity_id": 1, "details": {"pr_number": "PR-2026-00001", "department": "Production Planning", "item_count": 1, "source": "MANUAL"}}
{"timestamp": "2026-09-17T05:07:14.019495+00:00", "action": "PR_SUBMIT", "entity": "PurchaseRequisition", "entity_id": 1, "details": {"pr_number": "PR-2026-00001"}}
{"timestamp": "2026-09-17T05:07:14.020320+00:00", "action": "PR_APPROVE", "entity": "PurchaseRequisition", "entity_id": 1, "details": {"pr_number": "PR-2026-00001", "approved_by": "Purchase Manager"}}
{"timestamp": "2026-09-17T05:07:14.042975+00:00", "action": "PR_CREATE", "entity": "PurchaseRequisition", "entity_id": 1, "details": {"pr_number": "PR-2026-00001", "department": "Production Planning", "item_count": 1, "source": "MANUAL"}}
{"timestamp": "2026-09-17T05:07:14.044072+00:00", "action": "PR_SUBMIT", "entity": "PurchaseRequisition", "entity_id": 1, "details": {"pr_number": "PR-2026-00001"}}
{"timestamp": "2026-09-17T05:07:14.044973+00:00", "action": "PR_REJECT", "entity": "PurchaseRequisition", "entity_id": 1, "details": {"pr_number": "PR-2026-00001", "rejected_by": "Purchase Manager", "reason": "Budget exceeded this month"}}
{"timestamp": "2026-09-17T05:07:14.064890+00:00", "action": "PR_CREATE", "entity": "PurchaseRequisition", "entity_id": 1, "details": {"pr_number": "PR-2026-00001", "department": "Production Planning", "item_count": 1, "source": "MANUAL"}}
{"timestamp": "2026-09-17T05:07:14.088524+00:00", "action": "PR_CREATE", "entity": "PurchaseRequisition", "entity_id": 1, "details": {"pr_number": "PR-2026-00001", "department": "Production Planning", "item_count": 1, "source": "MANUAL"}}
{"timestamp": "2026-09-17T05:07:14.089558+00:00", "action": "PR_SUBMIT", "entity": "PurchaseRequisition", "entity_id": 1, "details": {"pr_number": "PR-2026-00001"}}
{"timestamp": "2026-09-17T05:07:14.109528+00:00", "action": "PR_CREATE", "entity": "PurchaseRequisition", "entity_id": 1, "details": {"pr_number": "PR-2026-00001", "department": "Production Planning", "item_count": 1, "source": "MANUAL"}}
{"timestamp": "2026-09-17T05:07:14.131227+00:00", "action": "PR_CREATE", "entity": "PurchaseRequisition", "entity_id": 1, "details": {"pr_number": "PR-2026-00001", "department": "Production Planning", "item_count": 1, "source": "MANUAL"}}
{"timestamp": "2026-09-17T05:07:14.132256+00:00", "action": "PR_SUBMIT", "entity": "PurchaseRequisition", "entity_id": 1, "details": {"pr_number": "PR-2026-00001"}}
{"timestamp": "2026-09-17T05:07:14.154663+00:00", "action": "PR_CREATE", "entity": "PurchaseRequisition", "entity_id": 1, "details": {"pr_number": "PR-2026-00001", "department": "Production Planning", "item_count": 1, "source": "MANUAL"}}
{"timestamp": "2026-09-17T05:07:14.154748+00:00", "action": "PR_DELETE", "entity": "PurchaseRequisition", "entity_id": 1, "details": {"pr_number": "PR-2026-00001"}}
{"timestamp": "2026-09-17T05:07:14.174938+00:00", "action": "PR_CREATE", "entity": "PurchaseRequisition", "entity_id": 1, "details": {"pr_number": "PR-2026-00001", "department": "Production Planning", "item_count": 1, "source": "MANUAL"}}
{"timestamp": "2026-09-17T05:07:14.177689+00:00", "action": "PR_CREATE", "entity": "PurchaseRequisition", "entity_id": 2, "details": {"pr_number": "PR-2026-00002", "department": "Production Planning", "item_count": 1, "source": "MANUAL"}}
{"timestamp": "2026-09-17T05:07:14.178749+00:00", "action": "PR_SUBMIT", "entity": "PurchaseRequisition", "entity_id": 2, "details": {"pr_number": "PR-2026-00002"}}
{"timestamp": "2026-09-17T05:07:14.200861+00:00", "action": "PR_CREATE", "entity": "PurchaseRequisition", "entity_id": 1, "details": {"pr_number": "PR-2026-00001", "department": "Production Planning", "item_count": 1, "source": "MANUAL"}}
{"timestamp": "2026-09-17T05:07:14.203950+00:00", "action": "PR_CREATE", "entity": "PurchaseRequisition", "entity_id": 2, "details": {"pr_number": "PR-2026-00002", "department": "Store", "item_count": 1, "source": "MANUAL"}}
{"timestamp": "2026-09-17T05:07:14.241758+00:00", "action": "RECEIVE", "entity": "Inventory", "entity_id": 1, "details": {"product_id": 1, "manufacturer_id": 1, "location_id": 1, "batch_number": "B-001", "quantity": 180.0, "status": "OK"}}
{"timestamp": "2026-09-17T05:07:14.246953+00:00", "action": "PR_CREATE", "entity": "PurchaseRequisition", "entity_id": 1, "details": {"pr_number": "PR-2026-00001", "department": "Production Planning", "item_count": 1, "source": "MANUAL"}}
{"timestamp": "2026-09-17T05:07:14.272061+00:00", "action": "PO_CREATE", "entity": "PurchaseOrder", "entity_id": 1, "details": {"po_number": "PO-2026-00001", "quotation_id": null, "supplier_id": 1, "item_count": 1, "total_amount": 36875.0}}
{"timestamp": "2026-09-17T05:07:14.273237+00:00", "action": "PO_SEND", "entity": "PurchaseOrder", "entity_id": 1, "details": {"po_number": "PO-2026-00001", "approved_by": "Priya Sharma"}}
{"timestamp": "2026-09-17T05:07:14.275721+00:00", "action": "PO_CONFIRM", "entity": "PurchaseOrder", "entity_id": 1, "details": {"po_number": "PO-2026-00001"}}
{"timestamp": "2026-09-17T05:07:14.282420+00:00", "action": "GRN_CREATE", "entity": "GoodsReceipt", "entity_id": 1, "details": {"grn_number": "GRN-2026-00001", "po_id": 1, "po_number": "PO-2026-00001", "item_count": 1, "po_status": "RECEIVED"}}
{"timestamp": "2026-09-17T05:07:14.301612+00:00", "action": "RECEIVE", "entity": "Inventory", "entity_id": 1, "details": {"product_id": 1, "manufacturer_id": 1, "location_id": 1, "batch_number": "TSD-BATCH-77", "quantity": 500.0, "status": "OK"}}
{"timestamp": "2026-09-17T05:07:14.307628+00:00", "action": "QC_INSPECT", "entity": "QualityInspection", "entity_id": 1, "details": {"qc_number": "QC-2026-00001", "grn_id": 1, "grn_number": "GRN-2026-00001", "overall_disposition": "ACCEPTED", "item_count": 1}}
{"timestamp": "2026-09-17T05:07:14.350185+00:00", "action": "PO_CREATE", "entity": "PurchaseOrder", "entity_id": 1, "details": {"po_number": "PO-2026-00001", "quotation_id": null, "supplier_id": 1, "item_count": 1, "total_amount": 737.5}}
{"timestamp": "2026-09-17T05:07:14.351386+00:00", "action": "PO_SEND", "entity": "PurchaseOrder", "entity_id": 1, "details": {"po_number": "PO-2026-00001", "approved_by": "Priya Sharma"}}
{"timestamp": "2026-09-17T05:07:14.352337+00:00", "action": "PO_CONFIRM", "entity": "PurchaseOrder", "entity_id": 1, "details": {"po_number": "PO-2026-00001"}}
{"timestamp": "2026-09-17T05:07:14.358636+00:00", "action": "GRN_CREATE", "entity": "GoodsReceipt", "entity_id": 1, "details": {"grn_number": "GRN-2026-00001", "po_id": 1, "po_number": "PO-2026-00001", "item_count": 1, "po_status": "RECEIVED"}}
{"timestamp": "2026-09-17T05:07:14.363263+00:00", "action": "RECEIVE", "entity": "Inventory", "entity_id": 1, "details": {"product_id": 1, "manufacturer_id": 1, "location_id": 1, "batch_number": "GRN-2026-00001-1", "quantity": 10.0, "status": "OK"}}
{"timestamp": "2026-09-17T05:07:14.369738+00:00", "action": "QC_INSPECT", "entity": "QualityInspection", "entity_id": 1, "details": {"qc_number": "QC-2026-00001", "grn_id": 1, "grn_number": "GRN-2026-00001", "overall_disposition": "ACCEPTED", "item_count": 1}}
{"timestamp": "2026-09-17T05:07:14.396445+00:00", "action": "PO_CREATE", "entity": "PurchaseOrder", "entity_id": 1, "details": {"po_number": "PO-2026-00001", "quotation_id": null, "supplier_id": 1, "item_count": 1, "total_amount": 36875.0}}
{"timestamp": "2026-09-17T05:07:14.397549+00:00", "action": "PO_SEND", "entity": "PurchaseOrder", "entity_id": 1, "details": {"po_number": "PO-2026-00001", "approved_by": "Priya Sharma"}}
{"timestamp": "2026-09-17T05:07:14.398564+00:00", "action": "PO_CONFIRM", "entity": "PurchaseOrder", "entity_id": 1, "details": {"po_number": "PO-2026-00001"}}
{"timestamp": "2026-09-17T05:07:14.405197+00:00", "action": "GRN_CREATE", "entity": "GoodsReceipt", "entity_id": 1, "details": {"grn_number": "GRN-2026-00001", "po_id": 1, "po_number": "PO-2026-00001", "item_count": 1, "po_status": "RECEIVED"}}
{"timestamp": "2026-09-17T05:07:14.412978+00:00", "action": "QC_INSPECT", "entity": "QualityInspection", "entity_id": 1, "details": {"qc_number": "QC-2026-00001", "grn_id": 1, "grn_number": "GRN-2026-00001", "overall_disposition": "REJECTED", "item_count": 1}}
{"timestamp": "2026-09-17T05:07:14.439421+00:00", "action": "PO_CREATE", "entity": "PurchaseOrder", "entity_id": 1, "details": {"po_number": "PO-2026-00001", "quotation_id": null, "supplier_id": 1, "item_count": 1, "total_amount": 36875.0}}
{"timestamp": "2026-09-17T05:07:14.440678+00:00", "action": "PO_SEND", "entity": "PurchaseOrder", "entity_id": 1, "details": {"po_number": "PO-2026-00001", "approved_by": "Priya Sharma"}}
{"timestamp": "2026-09-17T05:07:14.441634+00:00", "action": "PO_CONFIRM", "entity": "PurchaseOrder", "entity_id": 1, "details": {"po_number": "PO-2026-00001"}}
{"timestamp": "2026-09-17T05:07:14.448277+00:00", "action": "GRN_CREATE", "entity": "GoodsReceipt", "entity_id": 1, "details": {"grn_number": "GRN-2026-00001", "po_id": 1, "po_number": "PO-2026-00001", "item_count": 1, "po_status": "RECEIVED"}}
{"timestamp": "2026-09-17T05:07:14.471095+00:00", "action": "QC_INSPECT", "entity": "QualityInspection", "entity_id": 1, "details": {"qc_number": "QC-2026-00001", "grn_id": 1, "grn_number": "GRN-2026-00001", "overall_disposition": "ACCEPTED_WITH_DEVIATION", "item_count": 1}}
{"timestamp": "2026-09-17T05:07:14.475090+00:00", "action": "RECEIVE", "entity": "Inventory", "entity_id": 1, "details": {"product_id": 1, "manufacturer_id": 1, "location_id": 1, "batch_number": "TSD-BATCH-77", "quantity": 480.0, "status": "OK"}}
{"timestamp": "2026-09-17T05:07:14.477662+00:00", "action": "QC_DEVIATION_APPROVE", "entity": "QualityInspection", "entity_id": 1, "details": {"qc_number": "QC-2026-00001", "approved_by": "Plant Manager Vikram", "item_count": 1}}
{"timestamp": "2026-09-17T05:07:14.503402+00:00", "action": "PO_CREATE", "entity": "PurchaseOrder", "entity_id": 1, "details": {"po_number": "PO-2026-00001", "quotation_id": null, "supplier_id": 1, "item_count": 1, "total_amount": 36875.0}}
{"timestamp": "2026-09-17T05:07:14.504599+00:00", "action": "PO_SEND", "entity": "PurchaseOrder", "entity_id": 1, "details": {"po_number": "PO-2026-00001", "approved_by": "Priya Sharma"}}
{"timestamp": "2026-09-17T05:07:14.505570+00:00", "action": "PO_CONFIRM", "entity": "PurchaseOrder", "entity_id": 1, "details": {"po_number": "PO-2026-00001"}}
{"timestamp": "2026-09-17T05:07:14.512619+00:00", "action": "GRN_CREATE", "entity": "GoodsReceipt", "entity_id": 1, "details": {"grn_number": "GRN-2026-00001", "po_id": 1, "po_number": "PO-2026-00001", "item_count": 1, "po_status": "RECEIVED"}}
{"timestamp": "2026-09-17T05:07:14.609370+00:00", "action": "RECEIVE", "entity": "Inventory", "entity_id": 1, "details": {"product_id": 1, "manufacturer_id": 1, "location_id": 1, "batch_number": "TSD-BATCH-77", "quantity": 480.0, "status": "OK"}}
{"timestamp": "2026-09-17T05:07:14.615144+00:00", "action": "QC_INSPECT", "entity": "QualityInspection", "entity_id": 1, "details": {"qc_number": "QC-2026-00001", "grn_id": 1, "grn_number": "GRN-2026-00001", "overall_disposition": "ACCEPTED_WITH_DEVIATION", "item_count": 1}}
{"timestamp": "2026-09-17T05:07:14.642782+00:00", "action": "PO_CREATE", "entity": "PurchaseOrder", "entity_id": 1, "details": {"po_number": "PO-2026-00001", "quotation_id": null, "supplier_id": 1, "item_count": 1, "total_amount": 36875.0}}
{"timestamp": "2026-09-17T05:07:14.643924+00:00", "action": "PO_SEND", "entity": "PurchaseOrder", "entity_id": 1, "details": {"po_number": "PO-2026-00001", "approved_by": "Priya Sharma"}}
{"timestamp": "2026-09-17T05:07:14.644885+00:00", "action": "PO_CONFIRM", "entity": "PurchaseOrder", "entity_id": 1, "details": {"po_number": "PO-2026-00001"}}
{"timestamp": "2026-09-17T05:07:14.651809+00:00", "action": "GRN_CREATE", "entity": "GoodsReceipt", "entity_id": 1, "details": {"grn_number": "GRN-2026-00001", "po_id": 1, "po_number": "PO-2026-00001", "item_count": 1, "po_status": "RECEIVED"}}
{"timestamp": "2026-09-17T05:07:14.674593+00:00", "action": "QC_INSPECT", "entity": "QualityInspection", "entity_id": 1, "details": {"qc_number": "QC-2026-00001", "grn_id": 1, "grn_number": "GRN-2026-00001", "overall_disposition": "ACCEPTED_WITH_DEVIATION", "item_count": 1}}
{"timestamp": "2026-09-17T05:07:14.678141+00:00", "action": "RECEIVE", "entity": "Inventory", "entity_id": 1, "details": {"product_id": 1, "manufacturer_id": 1, "location_id": 1, "batch_number": "TSD-BATCH-77", "quantity": 480.0, "status": "OK"}}
{"timestamp": "2026-09-17T05:07:14.681797+00:00", "action": "QC_DEVIATION_APPROVE", "entity": "QualityInspection", "entity_id": 1, "details": {"qc_number": "QC-2026-00001", "approved_by": "Vikram", "item_count": 1}}
{"timestamp": "2026-09-17T05:07:14.708446+00:00", "action": "PO_CREATE", "entity": "PurchaseOrder", "entity_id": 1, "details": {"po_number": "PO-2026-00001", "quotation_id": null, "supplier_id": 1, "item_count": 1, "total_amount": 36875.0}}
{"timestamp": "2026-09-17T05:07:14.709681+00:00", "action": "PO_SEND", "entity": "PurchaseOrder", "entity_id": 1, "details": {"po_number": "PO-2026-00001", "approved_by": "Priya Sharma"}}
{"timestamp": "2026-09-17T05:07:14.710724+00:00", "action": "PO_CONFIRM", "entity": "PurchaseOrder", "entity_id": 1, "details": {"po_number": "PO-2026-00001"}}
{"timestamp": "2026-09-17T05:07:14.717278+00:00", "action": "GRN_CREATE", "entity": "GoodsReceipt", "entity_id": 1, "details": {"grn_number": "GRN-2026-00001", "po_id": 1, "po_number": "PO-2026-00001", "item_count": 1, "po_status": "RECEIVED"}}
{"timestamp": "2026-09-17T05:07:14.736517+00:00", "action": "RECEIVE", "entity": "Inventory", "entity_id": 1, "details": {"product_id": 1, "manufacturer_id": 1, "location_id": 1, "batch_number": "TSD-BATCH-77", "quantity": 500.0, "status": "OK"}}
{"timestamp": "2026-09-17T05:07:14.742473+00:00", "action": "QC_INSPECT", "entity": "QualityInspection", "entity_id": 1, "details": {"qc_number": "QC-2026-00001", "grn_id": 1, "grn_number": "GRN-2026-00001", "overall_disposition": "ACCEPTED", "item_count": 1}}
{"timestamp": "2026-09-17T05:07:14.781511+00:00", "action": "PO_CREATE", "entity": "PurchaseOrder", "entity_id": 1, "details": {"po_number": "PO-2026-00001", "quotation_id": null, "supplier_id": 1, "item_count": 1, "total_amount": 7375.0}}
{"timestamp": "2026-09-17T05:07:14.782723+00:00", "action": "PO_SEND", "entity": "PurchaseOrder", "entity_id": 1, "details": {"po_number": "PO-2026-00001", "approved_by": "Priya Sharma"}}
{"timestamp": "2026-09-17T05:07:14.783684+00:00", "action": "PO_CONFIRM", "entity": "PurchaseOrder", "entity_id": 1, "details": {"po_number": "PO-2026-00001"}}
{"timestamp": "2026-09-17T05:07:14.790491+00:00", "action": "GRN_CREATE", "entity": "GoodsReceipt", "entity_id": 1, "details": {"grn_number": "GRN-2026-00001", "po_id": 1, "po_number": "PO-2026-00001", "item_count": 1, "po_status": "RECEIVED"}}
{"timestamp": "2026-09-17T05:07:14.796066+00:00", "action": "RECEIVE", "entity": "Inventory", "entity_id": 1, "details": {"product_id": 1, "manufacturer_id": 1, "location_id": 1, "batch_number": "GRN-2026-00001-1", "quantity": 80.0, "status": "OK"}}
{"timestamp": "2026-09-17T05:07:14.801810+00:00", "action": "QC_INSPECT", "entity": "QualityInspection", "entity_id": 1, "details": {"qc_number": "QC-2026-00001", "grn_id": 1, "grn_number": "GRN-2026-00001", "overall_disposition": "ACCEPTED", "item_count": 1}}
{"timestamp": "2026-09-17T05:07:14.829923+00:00", "action": "PO_CREATE", "entity": "PurchaseOrder", "entity_id": 1, "details": {"po_number": "PO-2026-00001", "quotation_id": null, "supplier_id": 1, "item_count": 1, "total_amount": 36875.0}}
{"timestamp": "2026-09-17T05:07:14.831148+00:00", "action": "PO_SEND", "entity": "PurchaseOrder", "entity_id": 1, "details": {"po_number": "PO-2026-00001", "approved_by": "Priya Sharma"}}
{"timestamp": "2026-09-17T05:07:14.832099+00:00", "action": "PO_CONFIRM", "entity": "PurchaseOrder", "entity_id": 1, "details": {"po_number": "PO-2026-00001"}}
{"timestamp": "2026-09-17T05:07:14.838948+00:00", "action": "GRN_CREATE", "entity": "GoodsReceipt", "entity_id": 1, "details": {"grn_number": "GRN-2026-00001", "po_id": 1, "po_number": "PO-2026-00001", "item_count": 1, "po_status": "RECEIVED"}}
{"timestamp": "2026-09-17T05:07:14.882587+00:00", "action": "PO_CREATE", "entity": "PurchaseOrder", "entity_id": 1, "details": {"po_number": "PO-2026-00001", "quotation_id": null, "supplier_id": 1, "item_count": 1, "total_amount": 737.5}}
{"timestamp": "2026-09-17T05:07:14.883780+00:00", "action": "PO_SEND", "entity": "PurchaseOrder", "entity_id": 1, "details": {"po_number": "PO-2026-00001", "approved_by": "Priya Sharma"}}
{"timestamp": "2026-09-17T05:07:14.884647+00:00", "action": "PO_CONFIRM", "entity": "PurchaseOrder", "entity_id": 1, "details": {"po_number": "PO-2026-00001"}}
{"timestamp": "2026-09-17T05:07:14.891140+00:00", "action": "GRN_CREATE", "entity": "GoodsReceipt", "entity_id": 1, "details": {"grn_number": "GRN-2026-00001", "po_id": 1, "po_number": "PO-2026-00001", "item_count": 1, "po_status": "RECEIVED"}}
{"timestamp": "2026-09-17T05:07:14.897345+00:00", "action": "RECEIVE", "entity": "Inventory", "entity_id": 1, "details": {"product_id": 1, "manufacturer_id": 1, "location_id": 1, "batch_number": "GRN-2026-00001-1", "quantity": 10.0, "status": "OK"}}
{"timestamp": "2026-09-17T05:07:14.902880+00:00", "action": "QC_INSPECT", "entity": "QualityInspection", "entity_id": 1, "details": {"qc_number": "QC-2026-00001", "grn_id": 1, "grn_number": "GRN-2026-00001", "overall_disposition": "ACCEPTED", "item_count": 1}}
{"timestamp": "2026-09-17T05:07:14.930782+00:00", "action": "PO_CREATE", "entity": "PurchaseOrder", "entity_id": 1, "details": {"po_number": "PO-2026-00001", "quotation_id": null, "supplier_id": 1, "item_count": 1, "total_amount": 36875.0}}
{"timestamp": "2026-09-17T05:07:14.932093+00:00", "action": "PO_SEND", "entity": "PurchaseOrder", "entity_id": 1, "details": {"po_number": "PO-2026-00001", "approved_by": "Priya Sharma"}}
{"timestamp": "2026-09-17T05:07:14.933050+00:00", "action": "PO_CONFIRM", "entity": "PurchaseOrder", "entity_id": 1, "details": {"po_number": "PO-2026-00001"}}
{"timestamp": "2026-09-17T05:07:14.939296+00:00", "action": "GRN_CREATE", "entity": "GoodsReceipt", "entity_id": 1, "details": {"grn_number": "GRN-2026-00001", "po_id": 1, "po_number": "PO-2026-00001", "item_count": 1, "po_status": "RECEIVED"}}
{"timestamp": "2026-09-17T05:07:14.956098+00:00", "action": "RECEIVE", "entity": "Inventory", "entity_id": 1, "details": {"product_id": 1, "manufacturer_id": 1, "location_id": 1, "batch_number": "TSD-BATCH-77", "quantity": 500.0, "status": "OK"}}
{"timestamp": "2026-09-17T05:07:14.961132+00:00", "action": "QC_INSPECT", "entity": "QualityInspection", "entity_id": 1, "details": {"qc_number": "QC-2026-00001", "grn_id": 1, "grn_number": "GRN-2026-00001", "overall_disposition": "ACCEPTED", "item_count": 1}}
{"timestamp": "2026-09-17T05:07:15.008303+00:00", "action": "PO_CREATE", "entity": "PurchaseOrder", "entity_id": 1, "details": {"po_number": "PO-2026-00001", "quotation_id": null, "supplier_id": 1, "item_count": 1, "total_amount": 14750.0}}
{"timestamp": "2026-09-17T05:07:15.009303+00:00", "action": "PO_SEND", "entity": "PurchaseOrder", "entity_id": 1, "details": {"po_number": "PO-2026-00001", "approved_by": "Priya Sharma"}}
{"timestamp": "2026-09-17T05:07:15.010128+00:00", "action": "PO_CONFIRM", "entity": "PurchaseOrder", "entity_id": 1, "details": {"po_number": "PO-2026-00001"}}
{"timestamp": "2026-09-17T05:07:15.015936+00:00", "action": "GRN_CREATE", "entity": "GoodsReceipt", "entity_id": 1, "details": {"grn_number": "GRN-2026-00001", "po_id": 1, "po_number": "PO-2026-00001", "item_count": 1, "po_status": "RECEIVED"}}
{"timestamp": "2026-09-17T05:07:15.021456+00:00", "action": "RECEIVE", "entity": "Inventory", "entity_id": 1, "details": {"product_id": 1, "manufacturer_id": 1, "location_id": 1, "batch_number": "GRN-2026-00001-1", "quantity": 200.0, "status": "OK"}}
{"timestamp": "2026-09-17T05:07:15.026499+00:00", "action": "QC_INSPECT", "entity": "QualityInspection", "entity_id": 1, "details": {"qc_number": "QC-2026-00001", "grn_id": 1, "grn_number": "GRN-2026-00001", "overall_disposition": "ACCEPTED", "item_count": 1}}
{"timestamp": "2026-09-17T05:07:15.027225+00:00", "action": "GRN_CLOSE", "entity": "GoodsReceipt", "entity_id": 1, "details": {"grn_number": "GRN-2026-00001"}}
{"timestamp": "2026-09-17T05:07:15.049197+00:00", "action": "QUOTATION_INGEST", "entity": "VendorQuotation", "entity_id": 1, "details": {"supplier_id": 1, "rfq_id": null, "source": "OCR_BOT", "item_count": 1, "unmatched_item_count": 0}}
{"timestamp": "2026-09-17T05:07:15.074538+00:00", "action": "QUOTATION_INGEST", "entity": "VendorQuotation", "entity_id": 1, "details": {"supplier_id": 1, "rfq_id": null, "source": "OCR_BOT", "item_count": 1, "unmatched_item_count": 0}}
{"timestamp": "2026-09-17T05:07:15.099273+00:00", "action": "QUOTATION_INGEST", "entity": "VendorQuotation", "entity_id": 1, "details": {"supplier_id": 1, "rfq_id": null, "source": "OCR_BOT", "item_count": 1, "unmatched_item_count": 1}}
{"timestamp": "2026-09-17T05:07:15.120637+00:00", "action": "QUOTATION_INGEST", "entity": "VendorQuotation", "entity_id": 1, "details": {"supplier_id": 1, "rfq_id": null, "source": "OCR_BOT", "item_count": 1, "unmatched_item_count": 0}}
{"timestamp": "2026-09-17T05:07:15.233436+00:00", "action": "QUOTATION_INGEST", "entity": "VendorQuotation", "entity_id": 1, "details": {"supplier_id": 1, "rfq_id": null, "source": "OCR_BOT", "item_count": 2, "unmatched_item_count": 1}}
{"timestamp": "2026-09-17T05:07:15.259046+00:00", "action": "QUOTATION_INGEST", "entity": "VendorQuotation", "entity_id": 1, "details": {"supplier_id": 1, "rfq_id": null, "source": "OCR_BOT", "item_count": 1, "unmatched_item_count": 0}}
{"timestamp": "2026-09-17T05:07:15.260177+00:00", "action": "QUOTATION_REVIEW", "entity": "VendorQuotation", "entity_id": 1, "details": {"reviewed_by": "Priya Sharma"}}
{"timestamp": "2026-09-17T05:07:15.261303+00:00", "action": "QUOTATION_SELECT", "entity": "VendorQuotation", "entity_id": 1, "details": {"rfq_id": null}}
{"timestamp": "2026-09-17T05:07:15.283590+00:00", "action": "RFQ_CREATE", "entity": "RFQ", "entity_id": 1, "details": {"rfq_number": "RFQ-2026-00001", "item_count": 1, "pr_id": null}}
{"timestamp": "2026-09-17T05:07:15.303485+00:00", "action": "RFQ_CREATE", "entity": "RFQ", "entity_id": 1, "details": {"rfq_number": "RFQ-2026-00001", "item_count": 1, "pr_id": null}}
{"timestamp": "2026-09-17T05:07:15.306181+00:00", "action": "RFQ_CREATE", "entity": "RFQ", "entity_id": 2, "details": {"rfq_number": "RFQ-2026-00002", "item_count": 1, "pr_id": null}}
{"timestamp": "2026-09-17T05:07:15.360040+00:00", "action": "RFQ_CREATE", "entity": "RFQ", "entity_id": 1, "details": {"rfq_number": "RFQ-2026-00001", "item_count": 1, "pr_id": null}}
{"timestamp": "2026-09-17T05:07:15.367042+00:00", "action": "RFQ_SEND", "entity": "RFQ", "entity_id": 1, "details": {"rfq_number": "RFQ-2026-00001", "supplier_ids": [1, 2], "channel": "EMAIL"}}
{"timestamp": "2026-09-17T05:07:15.390283+00:00", "action": "RFQ_CREATE", "entity": "RFQ", "entity_id": 1, "details": {"rfq_number": "RFQ-2026-00001", "item_count": 1, "pr_id": null}}
{"timestamp": "2026-09-17T05:07:15.393743+00:00", "action": "RFQ_SEND", "entity": "RFQ", "entity_id": 1, "details": {"rfq_number": "RFQ-2026-00001", "supplier_ids": [1], "channel": "API"}}
{"timestamp": "2026-09-17T05:07:15.412953+00:00", "action": "RFQ_CREATE", "entity": "RFQ", "entity_id": 1, "details": {"rfq_number": "RFQ-2026-00001", "item_count": 1, "pr_id": null}}
{"timestamp": "2026-09-17T05:07:15.438580+00:00", "action": "RFQ_CREATE", "entity": "RFQ", "entity_id": 1, "details": {"rfq_number": "RFQ-2026-00001", "item_count": 1, "pr_id": null}}
{"timestamp": "2026-09-17T05:07:15.442884+00:00", "action": "RFQ_SEND", "entity": "RFQ", "entity_id": 1, "details": {"rfq_number": "RFQ-2026-00001", "supplier_ids": [1, 2], "channel": "API"}}
{"timestamp": "2026-09-17T05:07:15.444406+00:00", "action": "RFQ_CLOSE", "entity": "RFQ", "entity_id": 1, "details": {"rfq_number": "RFQ-2026-00001"}}
{"timestamp": "2026-09-17T05:07:15.464615+00:00", "action": "RFQ_CREATE", "entity": "RFQ", "entity_id": 1, "details": {"rfq_number": "RFQ-2026-00001", "item_count": 1, "pr_id": null}}
{"timestamp": "2026-09-17T05:07:15.488375+00:00", "action": "RFQ_CREATE", "entity": "RFQ", "entity_id": 1, "details": {"rfq_number": "RFQ-2026-00001", "item_count": 1, "pr_id": null}}
{"timestamp": "2026-09-17T05:07:15.491939+00:00", "action": "RFQ_SEND", "entity": "RFQ", "entity_id": 1, "details": {"rfq_number": "RFQ-2026-00001", "supplier_ids": [1], "channel": "API"}}
{"timestamp": "2026-09-17T05:07:15.617618+00:00", "action": "SEED", "entity": "Database", "entity_id": null, "details": {"units": 4, "manufacturers": 3, "products": 7, "warehouses": 3, "racks": 4, "shelves": 4, "bins": 5, "locations": 8, "inventories": 9}}
{"timestamp": "2026-09-17T05:07:15.649789+00:00", "action": "SEED", "entity": "Database", "entity_id": null, "details": {"units": 4, "manufacturers": 3, "products": 7, "warehouses": 3, "racks": 4, "shelves": 4, "bins": 5, "locations": 8, "inventories": 9}}
{"timestamp": "2026-09-17T05:07:15.703761+00:00", "action": "SEED", "entity": "Database", "entity_id": null, "details": {"units": 4, "manufacturers": 3, "products": 7, "warehouses": 3, "racks": 4, "shelves": 4, "bins": 5, "locations": 8, "inventories": 9}}
{"timestamp": "2026-09-17T05:07:15.914874+00:00", "action": "PO_CREATE", "entity": "PurchaseOrder", "entity_id": 1, "details": {"po_number": "PO-2026-00001", "quotation_id": null, "supplier_id": 1, "item_count": 1, "total_amount": 36875.0}}
{"timestamp": "2026-09-17T05:07:15.916108+00:00", "action": "PO_SEND", "entity": "PurchaseOrder", "entity_id": 1, "details": {"po_number": "PO-2026-00001", "approved_by": "Priya Sharma"}}
{"timestamp": "2026-09-17T05:07:15.916982+00:00", "action": "PO_CONFIRM", "entity": "PurchaseOrder", "entity_id": 1, "details": {"po_number": "PO-2026-00001"}}
{"timestamp": "2026-09-17T05:07:15.924350+00:00", "action": "GRN_CREATE", "entity": "GoodsReceipt", "entity_id": 1, "details": {"grn_number": "GRN-2026-00001", "po_id": 1, "po_number": "PO-2026-00001", "item_count": 1, "po_status": "RECEIVED"}}
{"timestamp": "2026-09-17T05:07:15.931456+00:00", "action": "RECEIVE", "entity": "Inventory", "entity_id": 1, "details": {"product_id": 1, "manufacturer_id": 1, "location_id": 1, "batch_number": "GRN-2026-00001-1", "quantity": 500.0, "status": "OK"}}
{"timestamp": "2026-09-17T05:07:15.937884+00:00", "action": "QC_INSPECT", "entity": "QualityInspection", "entity_id": 1, "details": {"qc_number": "QC-2026-00001", "grn_id": 1, "grn_number": "GRN-2026-00001", "overall_disposition": "ACCEPTED", "item_count": 1}}
{"timestamp": "2026-09-17T05:07:15.944459+00:00", "action": "INVOICE_CREATE", "entity": "VendorInvoice", "entity_id": 1, "details": {"po_id": 1, "supplier_id": 1, "item_count": 1}}
{"timestamp": "2026-09-17T05:07:15.988382+00:00", "action": "PO_CREATE", "entity": "PurchaseOrder", "entity_id": 1, "details": {"po_number": "PO-2026-00001", "quotation_id": null, "supplier_id": 1, "item_count": 1, "total_amount": 36875.0}}
{"timestamp": "2026-09-17T05:07:15.989555+00:00", "action": "PO_SEND", "entity": "PurchaseOrder", "entity_id": 1, "details": {"po_number": "PO-2026-00001", "approved_by": "Priya Sharma"}}
{"timestamp": "2026-09-17T05:07:15.990556+00:00", "action": "PO_CONFIRM", "entity": "PurchaseOrder", "entity_id": 1, "details": {"po_number": "PO-2026-00001"}}
{"timestamp": "2026-09-17T05:07:15.997362+00:00", "action": "GRN_CREATE", "entity": "GoodsReceipt", "entity_id": 1, "details": {"grn_number": "GRN-2026-00001", "po_id": 1, "po_number": "PO-2026-00001", "item_count": 1, "po_status": "RECEIVED"}}
{"timestamp": "2026-09-17T05:07:16.002975+00:00", "action": "RECEIVE", "entity": "Inventory", "entity_id": 1, "details": {"product_id": 1, "manufacturer_id": 1, "location_id": 1, "batch_number": "GRN-2026-00001-1", "quantity": 500.0, "status": "OK"}}
{"timestamp": "2026-09-17T05:07:16.008395+00:00", "action": "QC_INSPECT", "entity": "QualityInspection", "entity_id": 1, "details": {"qc_number": "QC-2026-00001", "grn_id": 1, "grn_number": "GRN-2026-00001", "overall_disposition": "ACCEPTED", "item_count": 1}}
{"timestamp": "2026-09-17T05:07:16.129320+00:00", "action": "PO_CREATE", "entity": "PurchaseOrder", "entity_id": 1, "details": {"po_number": "PO-2026-00001", "quotation_id": null, "supplier_id": 1, "item_count": 1, "total_amount": 7375.0}}
{"timestamp": "2026-09-17T05:07:16.130512+00:00", "action": "PO_SEND", "entity": "PurchaseOrder", "entity_id": 1, "details": {"po_number": "PO-2026-00001", "approved_by": "Priya Sharma"}}
{"timestamp": "2026-09-17T05:07:16.131459+00:00", "action": "PO_CONFIRM", "entity": "PurchaseOrder", "entity_id": 1, "details": {"po_number": "PO-2026-00001"}}
{"timestamp": "2026-09-17T05:07:16.137796+00:00", "action": "GRN_CREATE", "entity": "GoodsReceipt", "entity_id": 1, "details": {"grn_number": "GRN-2026-00001", "po_id": 1, "po_number": "PO-2026-00001", "item_count": 1, "po_status": "RECEIVED"}}
{"timestamp": "2026-09-17T05:07:16.142946+00:00", "action": "RECEIVE", "entity": "Inventory", "entity_id": 1, "details": {"product_id": 1, "manufacturer_id": 1, "location_id": 1, "batch_number": "GRN-2026-00001-1", "quantity": 100.0, "status": "OK"}}
{"timestamp": "2026-09-17T05:07:16.148698+00:00", "action": "QC_INSPECT", "entity": "QualityInspection", "entity_id": 1, "details": {"qc_number": "QC-2026-00001", "grn_id": 1, "grn_number": "GRN-2026-00001", "overall_disposition": "ACCEPTED", "item_count": 1}}
{"timestamp": "2026-09-17T05:07:16.151541+00:00", "action": "PO_CREATE", "entity": "PurchaseOrder", "entity_id": 2, "details": {"po_number": "PO-2026-00002", "quotation_id": null, "supplier_id": 1, "item_count": 1, "total_amount": 14750.0}}
{"timestamp": "2026-09-17T05:07:16.152398+00:00", "action": "PO_SEND", "entity": "PurchaseOrder", "entity_id": 2, "details": {"po_number": "PO-2026-00002", "approved_by": "Priya Sharma"}}
{"timestamp": "2026-09-17T05:07:16.153122+00:00", "action": "PO_CONFIRM", "entity": "PurchaseOrder", "entity_id": 2, "details": {"po_number": "PO-2026-00002"}}
{"timestamp": "2026-09-17T05:07:16.157106+00:00", "action": "GRN_CREATE", "entity": "GoodsReceipt", "entity_id": 2, "details": {"grn_number": "GRN-2026-00002", "po_id": 2, "po_number": "PO-2026-00002", "item_count": 1, "po_status": "RECEIVED"}}
{"timestamp": "2026-09-17T05:07:16.159877+00:00", "action": "RECEIVE", "entity": "Inventory", "entity_id": 2, "details": {"product_id": 1, "manufacturer_id": 1, "location_id": 1, "batch_number": "GRN-2026-00002-2", "quantity": 200.0, "status": "OK"}}
{"timestamp": "2026-09-17T05:07:16.162824+00:00", "action": "QC_INSPECT", "entity": "QualityInspection", "entity_id": 2, "details": {"qc_number": "QC-2026-00002", "grn_id": 2, "grn_number": "GRN-2026-00002", "overall_disposition": "ACCEPTED", "item_count": 1}}
{"timestamp": "2026-09-17T05:07:16.225095+00:00", "action": "PO_CREATE", "entity": "PurchaseOrder", "entity_id": 1, "details": {"po_number": "PO-2026-00001", "quotation_id": null, "supplier_id": 1, "item_count": 1, "total_amount": 36875.0}}
{"timestamp": "2026-09-17T05:07:16.226340+00:00", "action": "PO_SEND", "entity": "PurchaseOrder", "entity_id": 1, "details": {"po_number": "PO-2026-00001", "approved_by": "Priya Sharma"}}
{"timestamp": "2026-09-17T05:07:16.228635+00:00", "action": "PO_CONFIRM", "entity": "PurchaseOrder", "entity_id": 1, "details": {"po_number": "PO-2026-00001"}}
{"timestamp": "2026-09-17T05:07:16.235314+00:00", "action": "GRN_CREATE", "entity": "GoodsReceipt", "entity_id": 1, "details": {"grn_number": "GRN-2026-00001", "po_id": 1, "po_number": "PO-2026-00001", "item_count": 1, "po_status": "RECEIVED"}}
{"timestamp": "2026-09-17T05:07:16.240583+00:00", "action": "RECEIVE", "entity": "Inventory", "entity_id": 1, "details": {"product_id": 1, "manufacturer_id": 1, "location_id": 1, "batch_number": "GRN-2026-00001-1", "quantity": 500.0, "status": "OK"}}
{"timestamp": "2026-09-17T05:07:16.246412+00:00", "action": "QC_INSPECT", "entity": "QualityInspection", "entity_id": 1, "details": {"qc_number": "QC-2026-00001", "grn_id": 1, "grn_number": "GRN-2026-00001", "overall_disposition": "ACCEPTED", "item_count": 1}}
{"timestamp": "2026-09-17T05:07:16.251343+00:00", "action": "INVOICE_INGEST", "entity": "VendorInvoice", "entity_id": 1, "details": {"po_id": 1, "supplier_id": 1, "source": "OCR_BOT", "item_count": 1, "unmatched_item_count": 0}}
{"timestamp": "2026-09-17T05:07:16.289776+00:00", "action": "PO_CREATE", "entity": "PurchaseOrder", "entity_id": 1, "details": {"po_number": "PO-2026-00001", "quotation_id": null, "supplier_id": 1, "item_count": 1, "total_amount": 36875.0}}
{"timestamp": "2026-09-17T05:07:16.290831+00:00", "action": "PO_SEND", "entity": "PurchaseOrder", "entity_id": 1, "details": {"po_number": "PO-2026-00001", "approved_by": "Priya Sharma"}}
{"timestamp": "2026-09-17T05:07:16.291671+00:00", "action": "PO_CONFIRM", "entity": "PurchaseOrder", "entity_id": 1, "details": {"po_number": "PO-2026-00001"}}
{"timestamp": "2026-09-17T05:07:16.297681+00:00", "action": "GRN_CREATE", "entity": "GoodsReceipt", "entity_id": 1, "details": {"grn_number": "GRN-2026-00001", "po_id": 1, "po_number": "PO-2026-00001", "item_count": 1, "po_status": "RECEIVED"}}
{"timestamp": "2026-09-17T05:07:16.302626+00:00", "action": "RECEIVE", "entity": "Inventory", "entity_id": 1, "details": {"product_id": 1, "manufacturer_id": 1, "location_id": 1, "batch_number": "GRN-2026-00001-1", "quantity": 500.0, "status": "OK"}}
{"timestamp": "2026-09-17T05:07:16.308253+00:00", "action": "QC_INSPECT", "entity": "QualityInspection", "entity_id": 1, "details": {"qc_number": "QC-2026-00001", "grn_id": 1, "grn_number": "GRN-2026-00001", "overall_disposition": "ACCEPTED", "item_count": 1}}
{"timestamp": "2026-09-17T05:07:16.313834+00:00", "action": "INVOICE_INGEST", "entity": "VendorInvoice", "entity_id": 1, "details": {"po_id": 1, "supplier_id": 1, "source": "OCR_BOT", "item_count": 1, "unmatched_item_count": 1}}
{"timestamp": "2026-09-17T05:07:16.354414+00:00", "action": "PO_CREATE", "entity": "PurchaseOrder", "entity_id": 1, "details": {"po_number": "PO-2026-00001", "quotation_id": null, "supplier_id": 1, "item_count": 1, "total_amount": 36875.0}}
{"timestamp": "2026-09-17T05:07:16.355583+00:00", "action": "PO_SEND", "entity": "PurchaseOrder", "entity_id": 1, "details": {"po_number": "PO-2026-00001", "approved_by": "Priya Sharma"}}
{"timestamp": "2026-09-17T05:07:16.356557+00:00", "action": "PO_CONFIRM", "entity": "PurchaseOrder", "entity_id": 1, "details": {"po_number": "PO-2026-00001"}}
{"timestamp": "2026-09-17T05:07:16.363445+00:00", "action": "GRN_CREATE", "entity": "GoodsReceipt", "entity_id": 1, "details": {"grn_number": "GRN-2026-00001", "po_id": 1, "po_number": "PO-2026-00001", "item_count": 1, "po_status": "RECEIVED"}}
{"timestamp": "2026-09-17T05:07:16.369291+00:00", "action": "RECEIVE", "entity": "Inventory", "entity_id": 1, "details": {"product_id": 1, "manufacturer_id": 1, "location_id": 1, "batch_number": "GRN-2026-00001-1", "quantity": 500.0, "status": "OK"}}
{"timestamp": "2026-09-17T05:07:16.374641+00:00", "action": "QC_INSPECT", "entity": "QualityInspection", "entity_id": 1, "details": {"qc_number": "QC-2026-00001", "grn_id": 1, "grn_number": "GRN-2026-00001", "overall_disposition": "ACCEPTED", "item_count": 1}}
{"timestamp": "2026-09-17T05:07:16.379804+00:00", "action": "INVOICE_INGEST", "entity": "VendorInvoice", "entity_id": 1, "details": {"po_id": 1, "supplier_id": 1, "source": "OCR_BOT", "item_count": 1, "unmatched_item_count": 1}}
{"timestamp": "2026-09-17T05:07:16.418003+00:00", "action": "PO_CREATE", "entity": "PurchaseOrder", "entity_id": 1, "details": {"po_number": "PO-2026-00001", "quotation_id": null, "supplier_id": 1, "item_count": 1, "total_amount": 36875.0}}
{"timestamp": "2026-09-17T05:07:16.419237+00:00", "action": "PO_SEND", "entity": "PurchaseOrder", "entity_id": 1, "details": {"po_number": "PO-2026-00001", "approved_by": "Priya Sharma"}}
{"timestamp": "2026-09-17T05:07:16.420218+00:00", "action": "PO_CONFIRM", "entity": "PurchaseOrder", "entity_id": 1, "details": {"po_number": "PO-2026-00001"}}
{"timestamp": "2026-09-17T05:07:16.426902+00:00", "action": "GRN_CREATE", "entity": "GoodsReceipt", "entity_id": 1, "details": {"grn_number": "GRN-2026-00001", "po_id": 1, "po_number": "PO-2026-00001", "item_count": 1, "po_status": "RECEIVED"}}
{"timestamp": "2026-09-17T05:07:16.432306+00:00", "action": "RECEIVE", "entity": "Inventory", "entity_id": 1, "details": {"product_id": 1, "manufacturer_id": 1, "location_id": 1, "batch_number": "GRN-2026-00001-1", "quantity": 500.0, "status": "OK"}}
{"timestamp": "2026-09-17T05:07:16.438254+00:00", "action": "QC_INSPECT", "entity": "QualityInspection", "entity_id": 1, "details": {"qc_number": "QC-2026-00001", "grn_id": 1, "grn_number": "GRN-2026-00001", "overall_disposition": "ACCEPTED", "item_count": 1}}
{"timestamp": "2026-09-17T05:07:16.443794+00:00", "action": "INVOICE_INGEST", "entity": "VendorInvoice", "entity_id": 1, "details": {"po_id": 1, "supplier_id": 1, "source": "OCR_BOT", "item_count": 1, "unmatched_item_count": 1}}
{"timestamp": "2026-09-17T05:07:16.445718+00:00", "action": "INVOICE_ITEM_UPDATE", "entity": "VendorInvoice", "entity_id": 1, "details": {"item_id": 1, "fields": ["po_item_id"]}}
{"timestamp": "2026-09-17T05:07:16.448329+00:00", "action": "INVOICE_MATCH", "entity": "VendorInvoice", "entity_id": 1, "details": {"matched_by": "Accounts Clerk", "result": "MATCHED"}}
{"timestamp": "2026-09-17T05:07:16.493521+00:00", "action": "PO_CREATE", "entity": "PurchaseOrder", "entity_id": 1, "details": {"po_number": "PO-2026-00001", "quotation_id": null, "supplier_id": 1, "item_count": 1, "total_amount": 36875.0}}
{"timestamp": "2026-09-17T05:07:16.494718+00:00", "action": "PO_SEND", "entity": "PurchaseOrder", "entity_id": 1, "details": {"po_number": "PO-2026-00001", "approved_by": "Priya Sharma"}}
{"timestamp": "2026-09-17T05:07:16.495702+00:00", "action": "PO_CONFIRM", "entity": "PurchaseOrder", "entity_id": 1, "details": {"po_number": "PO-2026-00001"}}
{"timestamp": "2026-09-17T05:07:16.502873+00:00", "action": "GRN_CREATE", "entity": "GoodsReceipt", "entity_id": 1, "details": {"grn_number": "GRN-2026-00001", "po_id": 1, "po_number": "PO-2026-00001", "item_count": 1, "po_status": "PARTIALLY_RECEIVED"}}
{"timestamp": "2026-09-17T05:07:16.506509+00:00", "action": "GRN_CREATE", "entity": "GoodsReceipt", "entity_id": 2, "details": {"grn_number": "GRN-2026-00002", "po_id": 1, "po_number": "PO-2026-00001", "item_count": 1, "po_status": "RECEIVED"}}
{"timestamp": "2026-09-17T05:07:16.511257+00:00", "action": "INVOICE_CREATE", "entity": "VendorInvoice", "entity_id": 1, "details": {"po_id": 1, "supplier_id": 1, "item_count": 1}}
{"timestamp": "2026-09-17T05:07:16.553174+00:00", "action": "PO_CREATE", "entity": "PurchaseOrder", "entity_id": 1, "details": {"po_number": "PO-2026-00001", "quotation_id": null, "supplier_id": 1, "item_count": 1, "total_amount": 36875.0}}
{"timestamp": "2026-09-17T05:07:16.554372+00:00", "action": "PO_SEND", "entity": "PurchaseOrder", "entity_id": 1, "details": {"po_number": "PO-2026-00001", "approved_by": "Priya Sharma"}}
{"timestamp": "2026-09-17T05:07:16.555338+00:00", "action": "PO_CONFIRM", "entity": "PurchaseOrder", "entity_id": 1, "details": {"po_number": "PO-2026-00001"}}
{"timestamp": "2026-09-17T05:07:16.561995+00:00", "action": "GRN_CREATE", "entity": "GoodsReceipt", "entity_id": 1, "details": {"grn_number": "GRN-2026-00001", "po_id": 1, "po_number": "PO-2026-00001", "item_count": 1, "po_status": "RECEIVED"}}
{"timestamp": "2026-09-17T05:07:16.568334+00:00", "action": "RECEIVE", "entity": "Inventory", "entity_id": 1, "details": {"product_id": 1, "manufacturer_id": 1, "location_id": 1, "batch_number": "GRN-2026-00001-1", "quantity": 500.0, "status": "OK"}}
{"timestamp": "2026-09-17T05:07:16.574294+00:00", "action": "QC_INSPECT", "entity": "QualityInspection", "entity_id": 1, "details": {"qc_number": "QC-2026-00001", "grn_id": 1, "grn_number": "GRN-2026-00001", "overall_disposition": "ACCEPTED", "item_count": 1}}
{"timestamp": "2026-09-17T05:07:16.579434+00:00", "action": "INVOICE_CREATE", "entity": "VendorInvoice", "entity_id": 1, "details": {"po_id": 1, "supplier_id": 1, "item_count": 1}}
{"timestamp": "2026-09-17T05:07:16.581744+00:00", "action": "INVOICE_MATCH", "entity": "VendorInvoice", "entity_id": 1, "details": {"matched_by": "Accounts Clerk", "result": "MATCHED"}}
{"timestamp": "2026-09-17T05:07:16.623204+00:00", "action": "PO_CREATE", "entity": "PurchaseOrder", "entity_id": 1, "details": {"po_number": "PO-2026-00001", "quotation_id": null, "supplier_id": 1, "item_count": 1, "total_amount": 36875.0}}
{"timestamp": "2026-09-17T05:07:16.624367+00:00", "action": "PO_SEND", "entity": "PurchaseOrder", "entity_id": 1, "details": {"po_number": "PO-2026-00001", "approved_by": "Priya Sharma"}}
{"timestamp": "2026-09-17T05:07:16.625329+00:00", "action": "PO_CONFIRM", "entity": "PurchaseOrder", "entity_id": 1, "details": {"po_number": "PO-2026-00001"}}
{"timestamp": "2026-09-17T05:07:16.632404+00:00", "action": "GRN_CREATE", "entity": "GoodsReceipt", "entity_id": 1, "details": {"grn_number": "GRN-2026-00001", "po_id": 1, "po_number": "PO-2026-00001", "item_count": 1, "po_status": "RECEIVED"}}
{"timestamp": "2026-09-17T05:07:16.637728+00:00", "action": "RECEIVE", "entity": "Inventory", "entity_id": 1, "details": {"product_id": 1, "manufacturer_id": 1, "location_id": 1, "batch_number": "GRN-2026-00001-1", "quantity": 500.0, "status": "OK"}}
{"timestamp": "2026-09-17T05:07:16.643598+00:00", "action": "QC_INSPECT", "entity": "QualityInspection", "entity_id": 1, "details": {"qc_number": "QC-2026-00001", "grn_id": 1, "grn_number": "GRN-2026-00001", "overall_disposition": "ACCEPTED", "item_count": 1}}
{"timestamp": "2026-09-17T05:07:16.648269+00:00", "action": "INVOICE_CREATE", "entity": "VendorInvoice", "entity_id": 1, "details": {"po_id": 1, "supplier_id": 1, "item_count": 1}}
{"timestamp": "2026-09-17T05:07:16.650610+00:00", "action": "INVOICE_MATCH", "entity": "VendorInvoice", "entity_id": 1, "details": {"matched_by": "Accounts Clerk", "result": "MISMATCH"}}
{"timestamp": "2026-09-17T05:07:16.803460+00:00", "action": "PO_CREATE", "entity": "PurchaseOrder", "entity_id": 1, "details": {"po_number": "PO-2026-00001", "quotation_id": null, "supplier_id": 1, "item_count": 1, "total_amount": 36875.0}}
{"timestamp": "2026-09-17T05:07:16.804507+00:00", "action": "PO_SEND", "entity": "PurchaseOrder", "entity_id": 1, "details": {"po_number": "PO-2026-00001", "approved_by": "Priya Sharma"}}
{"timestamp": "2026-09-17T05:07:16.805351+00:00", "action": "PO_CONFIRM", "entity": "PurchaseOrder", "entity_id": 1, "details": {"po_number": "PO-2026-00001"}}
{"timestamp": "2026-09-17T05:07:16.811168+00:00", "action": "GRN_CREATE", "entity": "GoodsReceipt", "entity_id": 1, "details": {"grn_number": "GRN-2026-00001", "po_id": 1, "po_number": "PO-2026-00001", "item_count": 1, "po_status": "RECEIVED"}}
{"timestamp": "2026-09-17T05:07:16.815783+00:00", "action": "RECEIVE", "entity": "Inventory", "entity_id": 1, "details": {"product_id": 1, "manufacturer_id": 1, "location_id": 1, "batch_number": "GRN-2026-00001-1", "quantity": 500.0, "status": "OK"}}
{"timestamp": "2026-09-17T05:07:16.820888+00:00", "action": "QC_INSPECT", "entity": "QualityInspection", "entity_id": 1, "details": {"qc_number": "QC-2026-00001", "grn_id": 1, "grn_number": "GRN-2026-00001", "overall_disposition": "ACCEPTED", "item_count": 1}}
{"timestamp": "2026-09-17T05:07:16.826257+00:00", "action": "INVOICE_CREATE", "entity": "VendorInvoice", "entity_id": 1, "details": {"po_id": 1, "supplier_id": 1, "item_count": 1}}
{"timestamp": "2026-09-17T05:07:16.828293+00:00", "action": "INVOICE_MATCH", "entity": "VendorInvoice", "entity_id": 1, "details": {"matched_by": "Accounts Clerk", "result": "MISMATCH"}}
{"timestamp": "2026-09-17T05:07:16.867689+00:00", "action": "PO_CREATE", "entity": "PurchaseOrder", "entity_id": 1, "details": {"po_number": "PO-2026-00001", "quotation_id": null, "supplier_id": 1, "item_count": 1, "total_amount": 36875.0}}
{"timestamp": "2026-09-17T05:07:16.868864+00:00", "action": "PO_SEND", "entity": "PurchaseOrder", "entity_id": 1, "details": {"po_number": "PO-2026-00001", "approved_by": "Priya Sharma"}}
{"timestamp": "2026-09-17T05:07:16.869845+00:00", "action": "PO_CONFIRM", "entity": "PurchaseOrder", "entity_id": 1, "details": {"po_number": "PO-2026-00001"}}
{"timestamp": "2026-09-17T05:07:16.877659+00:00", "action": "GRN_CREATE", "entity": "GoodsReceipt", "entity_id": 1, "details": {"grn_number": "GRN-2026-00001", "po_id": 1, "po_number": "PO-2026-00001", "item_count": 1, "po_status": "RECEIVED"}}
{"timestamp": "2026-09-17T05:07:16.882501+00:00", "action": "RECEIVE", "entity": "Inventory", "entity_id": 1, "details": {"product_id": 1, "manufacturer_id": 1, "location_id": 1, "batch_number": "GRN-2026-00001-1", "quantity": 500.0, "status": "OK"}}
{"timestamp": "2026-09-17T05:07:16.887676+00:00", "action": "QC_INSPECT", "entity": "QualityInspection", "entity_id": 1, "details": {"qc_number": "QC-2026-00001", "grn_id": 1, "grn_number": "GRN-2026-00001", "overall_disposition": "ACCEPTED", "item_count": 1}}
{"timestamp": "2026-09-17T05:07:16.892194+00:00", "action": "INVOICE_CREATE", "entity": "VendorInvoice", "entity_id": 1, "details": {"po_id": 1, "supplier_id": 1, "item_count": 1}}
{"timestamp": "2026-09-17T05:07:16.894254+00:00", "action": "INVOICE_MATCH", "entity": "VendorInvoice", "entity_id": 1, "details": {"matched_by": "Accounts Clerk", "result": "MISMATCH"}}
{"timestamp": "2026-09-17T05:07:16.895807+00:00", "action": "INVOICE_ITEM_UPDATE", "entity": "VendorInvoice", "entity_id": 1, "details": {"item_id": 1, "fields": ["quantity"]}}
{"timestamp": "2026-09-17T05:07:16.898063+00:00", "action": "INVOICE_MATCH", "entity": "VendorInvoice", "entity_id": 1, "details": {"matched_by": "Accounts Clerk", "result": "MATCHED"}}
{"timestamp": "2026-09-17T05:07:16.923617+00:00", "action": "PO_CREATE", "entity": "PurchaseOrder", "entity_id": 1, "details": {"po_number": "PO-2026-00001", "quotation_id": null, "supplier_id": 1, "item_count": 1, "total_amount": 36875.0}}
{"timestamp": "2026-09-17T05:07:16.924638+00:00", "action": "PO_SEND", "entity": "PurchaseOrder", "entity_id": 1, "details": {"po_number": "PO-2026-00001", "approved_by": "Priya Sharma"}}
{"timestamp": "2026-09-17T05:07:16.925494+00:00", "action": "PO_CONFIRM", "entity": "PurchaseOrder", "entity_id": 1, "details": {"po_number": "PO-2026-00001"}}
{"timestamp": "2026-09-17T05:07:16.929857+00:00", "action": "INVOICE_CREATE", "entity": "VendorInvoice", "entity_id": 1, "details": {"po_id": 1, "supplier_id": 1, "item_count": 1}}
{"timestamp": "2026-09-17T05:07:16.971302+00:00", "action": "PO_CREATE", "entity": "PurchaseOrder", "entity_id": 1, "details": {"po_number": "PO-2026-00001", "quotation_id": null, "supplier_id": 1, "item_count": 2, "total_amount": 45135.0}}
{"timestamp": "2026-09-17T05:07:16.972494+00:00", "action": "PO_SEND", "entity": "PurchaseOrder", "entity_id": 1, "details": {"po_number": "PO-2026-00001", "approved_by": "Priya Sharma"}}
{"timestamp": "2026-09-17T05:07:16.973468+00:00", "action": "PO_CONFIRM", "entity": "PurchaseOrder", "entity_id": 1, "details": {"po_number": "PO-2026-00001"}}
{"timestamp": "2026-09-17T05:07:16.980381+00:00", "action": "GRN_CREATE", "entity": "GoodsReceipt", "entity_id": 1, "details": {"grn_number": "GRN-2026-00001", "po_id": 1, "po_number": "PO-2026-00001", "item_count": 1, "po_status": "PARTIALLY_RECEIVED"}}
{"timestamp": "2026-09-17T05:07:16.985636+00:00", "action": "INVOICE_CREATE", "entity": "VendorInvoice", "entity_id": 1, "details": {"po_id": 1, "supplier_id": 1, "item_count": 2}}
{"timestamp": "2026-09-17T05:07:16.988066+00:00", "action": "INVOICE_MATCH", "entity": "VendorInvoice", "entity_id": 1, "details": {"matched_by": "Accounts Clerk", "result": "MISMATCH"}}
{"timestamp": "2026-09-17T05:07:17.027122+00:00", "action": "PO_CREATE", "entity": "PurchaseOrder", "entity_id": 1, "details": {"po_number": "PO-2026-00001", "quotation_id": null, "supplier_id": 1, "item_count": 1, "total_amount": 36875.0}}
{"timestamp": "2026-09-17T05:07:17.028162+00:00", "action": "PO_SEND", "entity": "PurchaseOrder", "entity_id": 1, "details": {"po_number": "PO-2026-00001", "approved_by": "Priya Sharma"}}
{"timestamp": "2026-09-17T05:07:17.028985+00:00", "action": "PO_CONFIRM", "entity": "PurchaseOrder", "entity_id": 1, "details": {"po_number": "PO-2026-00001"}}
{"timestamp": "2026-09-17T05:07:17.035533+00:00", "action": "GRN_CREATE", "entity": "GoodsReceipt", "entity_id": 1, "details": {"grn_number": "GRN-2026-00001", "po_id": 1, "po_number": "PO-2026-00001", "item_count": 1, "po_status": "RECEIVED"}}
{"timestamp": "2026-09-17T05:07:17.040330+00:00", "action": "RECEIVE", "entity": "Inventory", "entity_id": 1, "details": {"product_id": 1, "manufacturer_id": 1, "location_id": 1, "batch_number": "GRN-2026-00001-1", "quantity": 500.0, "status": "OK"}}
{"timestamp": "2026-09-17T05:07:17.045980+00:00", "action": "QC_INSPECT", "entity": "QualityInspection", "entity_id": 1, "details": {"qc_number": "QC-2026-00001", "grn_id": 1, "grn_number": "GRN-2026-00001", "overall_disposition": "ACCEPTED", "item_count": 1}}
{"timestamp": "2026-09-17T05:07:17.050635+00:00", "action": "INVOICE_CREATE", "entity": "VendorInvoice", "entity_id": 1, "details": {"po_id": 1, "supplier_id": 1, "item_count": 1}}
{"timestamp": "2026-09-17T05:07:17.090906+00:00", "action": "PO_CREATE", "entity": "PurchaseOrder", "entity_id": 1, "details": {"po_number": "PO-2026-00001", "quotation_id": null, "supplier_id": 1, "item_count": 1, "total_amount": 36875.0}}
{"timestamp": "2026-09-17T05:07:17.092133+00:00", "action": "PO_SEND", "entity": "PurchaseOrder", "entity_id": 1, "details": {"po_number": "PO-2026-00001", "approved_by": "Priya Sharma"}}
{"timestamp": "2026-09-17T05:07:17.093092+00:00", "action": "PO_CONFIRM", "entity": "PurchaseOrder", "entity_id": 1, "details": {"po_number": "PO-2026-00001"}}
{"timestamp": "2026-09-17T05:07:17.099609+00:00", "action": "GRN_CREATE", "entity": "GoodsReceipt", "entity_id": 1, "details": {"grn_number": "GRN-2026-00001", "po_id": 1, "po_number": "PO-2026-00001", "item_count": 1, "po_status": "RECEIVED"}}
{"timestamp": "2026-09-17T05:07:17.104357+00:00", "action": "RECEIVE", "entity": "Inventory", "entity_id": 1, "details": {"product_id": 1, "manufacturer_id": 1, "location_id": 1, "batch_number": "GRN-2026-00001-1", "quantity": 500.0, "status": "OK"}}
{"timestamp": "2026-09-17T05:07:17.110655+00:00", "action": "QC_INSPECT", "entity": "QualityInspection", "entity_id": 1, "details": {"qc_number": "QC-2026-00001", "grn_id": 1, "grn_number": "GRN-2026-00001", "overall_disposition": "ACCEPTED", "item_count": 1}}
{"timestamp": "2026-09-17T05:07:17.115492+00:00", "action": "INVOICE_CREATE", "entity": "VendorInvoice", "entity_id": 1, "details": {"po_id": 1, "supplier_id": 1, "item_count": 1}}
{"timestamp": "2026-09-17T05:07:17.117717+00:00", "action": "INVOICE_MATCH", "entity": "VendorInvoice", "entity_id": 1, "details": {"matched_by": "Accounts Clerk", "result": "MATCHED"}}
{"timestamp": "2026-09-17T05:07:17.118681+00:00", "action": "INVOICE_APPROVE_PAYMENT", "entity": "VendorInvoice", "entity_id": 1, "details": {"approved_by": "Finance Manager"}}
{"timestamp": "2026-09-17T05:07:17.119585+00:00", "action": "INVOICE_MARK_PAID", "entity": "VendorInvoice", "entity_id": 1, "details": {"paid_by": "Finance Manager"}}
{"timestamp": "2026-09-17T05:07:17.158521+00:00", "action": "PO_CREATE", "entity": "PurchaseOrder", "entity_id": 1, "details": {"po_number": "PO-2026-00001", "quotation_id": null, "supplier_id": 1, "item_count": 1, "total_amount": 36875.0}}
{"timestamp": "2026-09-17T05:07:17.159585+00:00", "action": "PO_SEND", "entity": "PurchaseOrder", "entity_id": 1, "details": {"po_number": "PO-2026-00001", "approved_by": "Priya Sharma"}}
{"timestamp": "2026-09-17T05:07:17.160425+00:00", "action": "PO_CONFIRM", "entity": "PurchaseOrder", "entity_id": 1, "details": {"po_number": "PO-2026-00001"}}
{"timestamp": "2026-09-17T05:07:17.166425+00:00", "action": "GRN_CREATE", "entity": "GoodsReceipt", "entity_id": 1, "details": {"grn_number": "GRN-2026-00001", "po_id": 1, "po_number": "PO-2026-00001", "item_count": 1, "po_status": "RECEIVED"}}
{"timestamp": "2026-09-17T05:07:17.171165+00:00", "action": "RECEIVE", "entity": "Inventory", "entity_id": 1, "details": {"product_id": 1, "manufacturer_id": 1, "location_id": 1, "batch_number": "GRN-2026-00001-1", "quantity": 500.0, "status": "OK"}}
{"timestamp": "2026-09-17T05:07:17.176396+00:00", "action": "QC_INSPECT", "entity": "QualityInspection", "entity_id": 1, "details": {"qc_number": "QC-2026-00001", "grn_id": 1, "grn_number": "GRN-2026-00001", "overall_disposition": "ACCEPTED", "item_count": 1}}
{"timestamp": "2026-09-17T05:07:17.180881+00:00", "action": "INVOICE_CREATE", "entity": "VendorInvoice", "entity_id": 1, "details": {"po_id": 1, "supplier_id": 1, "item_count": 1}}
{"timestamp": "2026-09-17T05:07:17.221791+00:00", "action": "PO_CREATE", "entity": "PurchaseOrder", "entity_id": 1, "details": {"po_number": "PO-2026-00001", "quotation_id": null, "supplier_id": 1, "item_count": 1, "total_amount": 36875.0}}
{"timestamp": "2026-09-17T05:07:17.223044+00:00", "action": "PO_SEND", "entity": "PurchaseOrder", "entity_id": 1, "details": {"po_number": "PO-2026-00001", "approved_by": "Priya Sharma"}}
{"timestamp": "2026-09-17T05:07:17.223997+00:00", "action": "PO_CONFIRM", "entity": "PurchaseOrder", "entity_id": 1, "details": {"po_number": "PO-2026-00001"}}
{"timestamp": "2026-09-17T05:07:17.230897+00:00", "action": "GRN_CREATE", "entity": "GoodsReceipt", "entity_id": 1, "details": {"grn_number": "GRN-2026-00001", "po_id": 1, "po_number": "PO-2026-00001", "item_count": 1, "po_status": "RECEIVED"}}
{"timestamp": "2026-09-17T05:07:17.236340+00:00", "action": "RECEIVE", "entity": "Inventory", "entity_id": 1, "details": {"product_id": 1, "manufacturer_id": 1, "location_id": 1, "batch_number": "GRN-2026-00001-1", "quantity": 500.0, "status": "OK"}}
{"timestamp": "2026-09-17T05:07:17.241462+00:00", "action": "QC_INSPECT", "entity": "QualityInspection", "entity_id": 1, "details": {"qc_number": "QC-2026-00001", "grn_id": 1, "grn_number": "GRN-2026-00001", "overall_disposition": "ACCEPTED", "item_count": 1}}
{"timestamp": "2026-09-17T05:07:17.246732+00:00", "action": "INVOICE_CREATE", "entity": "VendorInvoice", "entity_id": 1, "details": {"po_id": 1, "supplier_id": 1, "item_count": 1}}
{"timestamp": "2026-09-17T05:07:17.249070+00:00", "action": "INVOICE_MATCH", "entity": "VendorInvoice", "entity_id": 1, "details": {"matched_by": "Accounts Clerk", "result": "MATCHED"}}
{"timestamp": "2026-09-17T05:07:17.285895+00:00", "action": "PO_CREATE", "entity": "PurchaseOrder", "entity_id": 1, "details": {"po_number": "PO-2026-00001", "quotation_id": null, "supplier_id": 1, "item_count": 1, "total_amount": 36875.0}}
{"timestamp": "2026-09-17T05:07:17.286968+00:00", "action": "PO_SEND", "entity": "PurchaseOrder", "entity_id": 1, "details": {"po_number": "PO-2026-00001", "approved_by": "Priya Sharma"}}
{"timestamp": "2026-09-17T05:07:17.287822+00:00", "action": "PO_CONFIRM", "entity": "PurchaseOrder", "entity_id": 1, "details": {"po_number": "PO-2026-00001"}}
{"timestamp": "2026-09-17T05:07:17.294574+00:00", "action": "GRN_CREATE", "entity": "GoodsReceipt", "entity_id": 1, "details": {"grn_number": "GRN-2026-00001", "po_id": 1, "po_number": "PO-2026-00001", "item_count": 1, "po_status": "RECEIVED"}}
{"timestamp": "2026-09-17T05:07:17.407240+00:00", "action": "RECEIVE", "entity": "Inventory", "entity_id": 1, "details": {"product_id": 1, "manufacturer_id": 1, "location_id": 1, "batch_number": "GRN-2026-00001-1", "quantity": 500.0, "status": "OK"}}
{"timestamp": "2026-09-17T05:07:17.412989+00:00", "action": "QC_INSPECT", "entity": "QualityInspection", "entity_id": 1, "details": {"qc_number": "QC-2026-00001", "grn_id": 1, "grn_number": "GRN-2026-00001", "overall_disposition": "ACCEPTED", "item_count": 1}}
{"timestamp": "2026-09-17T05:07:17.418085+00:00", "action": "INVOICE_CREATE", "entity": "VendorInvoice", "entity_id": 1, "details": {"po_id": 1, "supplier_id": 1, "item_count": 1}}
{"timestamp": "2026-09-17T05:07:17.442125+00:00", "action": "QUOTATION_CREATE", "entity": "VendorQuotation", "entity_id": 1, "details": {"supplier_id": 1, "rfq_id": null, "item_count": 1}}
{"timestamp": "2026-09-17T05:07:17.465186+00:00", "action": "RFQ_CREATE", "entity": "RFQ", "entity_id": 1, "details": {"rfq_number": "RFQ-2026-00001", "item_count": 1, "pr_id": null}}
{"timestamp": "2026-09-17T05:07:17.469524+00:00", "action": "RFQ_SEND", "entity": "RFQ", "entity_id": 1, "details": {"rfq_number": "RFQ-2026-00001", "supplier_ids": [1, 2], "channel": "API"}}
{"timestamp": "2026-09-17T05:07:17.477584+00:00", "action": "QUOTATION_CREATE", "entity": "VendorQuotation", "entity_id": 1, "details": {"supplier_id": 1, "rfq_id": 1, "item_count": 1}}
{"timestamp": "2026-09-17T05:07:17.517242+00:00", "action": "QUOTATION_CREATE", "entity": "VendorQuotation", "entity_id": 1, "details": {"supplier_id": 1, "rfq_id": null, "item_count": 1}}
{"timestamp": "2026-09-17T05:07:17.518254+00:00", "action": "QUOTATION_SELECT", "entity": "VendorQuotation", "entity_id": 1, "details": {"rfq_id": null}}
{"timestamp": "2026-09-17T05:07:17.541272+00:00", "action": "QUOTATION_CREATE", "entity": "VendorQuotation", "entity_id": 1, "details": {"supplier_id": 1, "rfq_id": null, "item_count": 1}}
{"timestamp": "2026-09-17T05:07:17.564536+00:00", "action": "QUOTATION_CREATE", "entity": "VendorQuotation", "entity_id": 1, "details": {"supplier_id": 1, "rfq_id": null, "item_count": 1}}
{"timestamp": "2026-09-17T05:07:17.592587+00:00", "action": "RFQ_CREATE", "entity": "RFQ", "entity_id": 1, "details": {"rfq_number": "RFQ-2026-00001", "item_count": 1, "pr_id": null}}
{"timestamp": "2026-09-17T05:07:17.596903+00:00", "action": "RFQ_SEND", "entity": "RFQ", "entity_id": 1, "details": {"rfq_number": "RFQ-2026-00001", "supplier_ids": [1, 2], "channel": "API"}}
{"timestamp": "2026-09-17T05:07:17.604764+00:00", "action": "QUOTATION_CREATE", "entity": "VendorQuotation", "entity_id": 1, "details": {"supplier_id": 1, "rfq_id": 1, "item_count": 1}}
{"timestamp": "2026-09-17T05:07:17.608329+00:00", "action": "QUOTATION_CREATE", "entity": "VendorQuotation", "entity_id": 2, "details": {"supplier_id": 2, "rfq_id": 1, "item_count": 1}}
{"timestamp": "2026-09-17T05:07:17.611834+00:00", "action": "QUOTATION_SELECT", "entity": "VendorQuotation", "entity_id": 1, "details": {"rfq_id": 1}}
{"timestamp": "2026-09-17T05:07:17.633693+00:00", "action": "QUOTATION_CREATE", "entity": "VendorQuotation", "entity_id": 1, "details": {"supplier_id": 1, "rfq_id": null, "item_count": 1}}
{"timestamp": "2026-09-17T05:07:17.634853+00:00", "action": "QUOTATION_REJECT", "entity": "VendorQuotation", "entity_id": 1, "details": {"rejected_by": "Priya Sharma", "reason": "Rate too high vs. last PO"}}
{"timestamp": "2026-09-17T05:07:17.657187+00:00", "action": "QUOTATION_CREATE", "entity": "VendorQuotation", "entity_id": 1, "details": {"supplier_id": 1, "rfq_id": null, "item_count": 1}}
{"timestamp": "2026-09-17T05:07:17.658149+00:00", "action": "QUOTATION_SELECT", "entity": "VendorQuotation", "entity_id": 1, "details": {"rfq_id": null}}
{"timestamp": "2026-09-19T03:46:44.699033+00:00", "action": "PO_CREATE", "entity": "PurchaseOrder", "entity_id": 1, "details": {"po_number": "PO-2026-00001", "quotation_id": null, "supplier_id": 1, "item_count": 1, "total_amount": 36875.0}}
{"timestamp": "2026-09-19T03:46:44.703285+00:00", "action": "PO_SEND", "entity": "PurchaseOrder", "entity_id": 1, "details": {"po_number": "PO-2026-00001", "approved_by": "Priya Sharma"}}
{"timestamp": "2026-09-19T03:46:44.705703+00:00", "action": "PO_CONFIRM", "entity": "PurchaseOrder", "entity_id": 1, "details": {"po_number": "PO-2026-00001"}}
{"timestamp": "2026-09-19T03:46:44.718833+00:00", "action": "GRN_CREATE", "entity": "GoodsReceipt", "entity_id": 1, "details": {"grn_number": "GRN-2026-00001", "po_id": 1, "po_number": "PO-2026-00001", "item_count": 1, "po_status": "RECEIVED"}}
{"timestamp": "2026-09-19T03:46:44.766015+00:00", "action": "PO_CREATE", "entity": "PurchaseOrder", "entity_id": 1, "details": {"po_number": "PO-2026-00001", "quotation_id": null, "supplier_id": 1, "item_count": 1, "total_amount": 36875.0}}
{"timestamp": "2026-09-19T03:46:44.777256+00:00", "action": "PO_SEND", "entity": "PurchaseOrder", "entity_id": 1, "details": {"po_number": "PO-2026-00001", "approved_by": "Priya Sharma"}}
{"timestamp": "2026-09-19T03:46:44.781256+00:00", "action": "PO_CONFIRM", "entity": "PurchaseOrder", "entity_id": 1, "details": {"po_number": "PO-2026-00001"}}
{"timestamp": "2026-09-19T03:46:44.795107+00:00", "action": "GRN_CREATE", "entity": "GoodsReceipt", "entity_id": 1, "details": {"grn_number": "GRN-2026-00001", "po_id": 1, "po_number": "PO-2026-00001", "item_count": 1, "po_status": "PARTIALLY_RECEIVED"}}
{"timestamp": "2026-09-19T03:46:44.844958+00:00", "action": "PO_CREATE", "entity": "PurchaseOrder", "entity_id": 1, "details": {"po_number": "PO-2026-00001", "quotation_id": null, "supplier_id": 1, "item_count": 1, "total_amount": 36875.0}}
{"timestamp": "2026-09-19T03:46:44.847968+00:00", "action": "PO_SEND", "entity": "PurchaseOrder", "entity_id": 1, "details": {"po_number": "PO-2026-00001", "approved_by": "Priya Sharma"}}
{"timestamp": "2026-09-19T03:46:44.852333+00:00", "action": "PO_CONFIRM", "entity": "PurchaseOrder", "entity_id": 1, "details": {"po_number": "PO-2026-00001"}}
{"timestamp": "2026-09-19T03:46:44.869630+00:00", "action": "GRN_CREATE", "entity": "GoodsReceipt", "entity_id": 1, "details": {"grn_number": "GRN-2026-00001", "po_id": 1, "po_number": "PO-2026-00001", "item_count": 1, "po_status": "PARTIALLY_RECEIVED"}}
{"timestamp": "2026-09-19T03:46:44.877270+00:00", "action": "GRN_CREATE", "entity": "GoodsReceipt", "entity_id": 2, "details": {"grn_number": "GRN-2026-00002", "po_id": 1, "po_number": "PO-2026-00001", "item_count": 1, "po_status": "RECEIVED"}}
{"timestamp": "2026-09-19T03:46:44.919673+00:00", "action": "PO_CREATE", "entity": "PurchaseOrder", "entity_id": 1, "details": {"po_number": "PO-2026-00001", "quotation_id": null, "supplier_id": 1, "item_count": 1, "total_amount": 1000.0}}
{"timestamp": "2026-09-19T03:46:44.993140+00:00", "action": "PO_CREATE", "entity": "PurchaseOrder", "entity_id": 1, "details": {"po_number": "PO-2026-00001", "quotation_id": null, "supplier_id": 1, "item_count": 1, "total_amount": 36875.0}}
{"timestamp": "2026-09-19T03:46:44.994859+00:00", "action": "PO_SEND", "entity": "PurchaseOrder", "entity_id": 1, "details": {"po_number": "PO-2026-00001", "approved_by": "Priya Sharma"}}
{"timestamp": "2026-09-19T03:46:44.994859+00:00", "action": "PO_CONFIRM", "entity": "PurchaseOrder", "entity_id": 1, "details": {"po_number": "PO-2026-00001"}}
{"timestamp": "2026-09-19T03:46:45.005016+00:00", "action": "PO_CREATE", "entity": "PurchaseOrder", "entity_id": 2, "details": {"po_number": "PO-2026-00002", "quotation_id": null, "supplier_id": 1, "item_count": 1, "total_amount": 500.0}}
{"timestamp": "2026-09-19T03:46:45.042808+00:00", "action": "PO_CREATE", "entity": "PurchaseOrder", "entity_id": 1, "details": {"po_number": "PO-2026-00001", "quotation_id": null, "supplier_id": 1, "item_count": 1, "total_amount": 36875.0}}
{"timestamp": "2026-09-19T03:46:45.045986+00:00", "action": "PO_SEND", "entity": "PurchaseOrder", "entity_id": 1, "details": {"po_number": "PO-2026-00001", "approved_by": "Priya Sharma"}}
{"timestamp": "2026-09-19T03:46:45.045986+00:00", "action": "PO_CONFIRM", "entity": "PurchaseOrder", "entity_id": 1, "details": {"po_number": "PO-2026-00001"}}
{"timestamp": "2026-09-19T03:46:45.054846+00:00", "action": "GRN_CREATE", "entity": "GoodsReceipt", "entity_id": 1, "details": {"grn_number": "GRN-2026-00001", "po_id": 1, "po_number": "PO-2026-00001", "item_count": 1, "po_status": "RECEIVED"}}
{"timestamp": "2026-09-19T03:46:45.095074+00:00", "action": "PO_CREATE", "entity": "PurchaseOrder", "entity_id": 1, "details": {"po_number": "PO-2026-00001", "quotation_id": null, "supplier_id": 1, "item_count": 1, "total_amount": 36875.0}}
{"timestamp": "2026-09-19T03:46:45.095074+00:00", "action": "PO_SEND", "entity": "PurchaseOrder", "entity_id": 1, "details": {"po_number": "PO-2026-00001", "approved_by": "Priya Sharma"}}
{"timestamp": "2026-09-19T03:46:45.104785+00:00", "action": "PO_CONFIRM", "entity": "PurchaseOrder", "entity_id": 1, "details": {"po_number": "PO-2026-00001"}}
{"timestamp": "2026-09-19T03:46:45.115000+00:00", "action": "GRN_CREATE", "entity": "GoodsReceipt", "entity_id": 1, "details": {"grn_number": "GRN-2026-00001", "po_id": 1, "po_number": "PO-2026-00001", "item_count": 1, "po_status": "RECEIVED"}}
{"timestamp": "2026-09-19T03:46:45.272225+00:00", "action": "RECEIVE", "entity": "Inventory", "entity_id": 1, "details": {"product_id": 1, "manufacturer_id": 1, "location_id": 1, "batch_number": "B-100", "quantity": 50.0, "status": "OK"}}
{"timestamp": "2026-09-19T03:46:45.334761+00:00", "action": "RECEIVE", "entity": "Inventory", "entity_id": 1, "details": {"product_id": 1, "manufacturer_id": 1, "location_id": 1, "batch_number": "B-100", "quantity": 10.0, "status": "OK"}}
{"timestamp": "2026-09-19T03:46:45.459147+00:00", "action": "RECEIVE", "entity": "Inventory", "entity_id": 1, "details": {"product_id": 1, "manufacturer_id": 1, "location_id": 1, "batch_number": "B-100", "quantity": 10.0, "status": "OK"}}
{"timestamp": "2026-09-19T03:46:45.467088+00:00", "action": "ISSUE", "entity": "Inventory", "entity_id": 1, "details": {"product_id": 1, "quantity_issued": 4, "quantity_before": 10.0, "quantity_after": 6.0}}
{"timestamp": "2026-09-19T03:46:45.534779+00:00", "action": "PR_CREATE", "entity": "PurchaseRequisition", "entity_id": 1, "details": {"pr_number": "PR-2026-00001", "department": "Production", "item_count": 1, "source": "MANUAL"}}
{"timestamp": "2026-09-19T03:46:45.542993+00:00", "action": "PR_CREATE", "entity": "PurchaseRequisition", "entity_id": 2, "details": {"pr_number": "PR-2026-00002", "department": "Production", "item_count": 1, "source": "MANUAL"}}
{"timestamp": "2026-09-19T03:46:45.546422+00:00", "action": "PR_SUBMIT", "entity": "PurchaseRequisition", "entity_id": 2, "details": {"pr_number": "PR-2026-00002"}}
{"timestamp": "2026-09-19T03:46:45.630079+00:00", "action": "PO_CREATE", "entity": "PurchaseOrder", "entity_id": 1, "details": {"po_number": "PO-2026-00001", "quotation_id": null, "supplier_id": 1, "item_count": 1, "total_amount": 7375.0}}
{"timestamp": "2026-09-19T03:46:45.632608+00:00", "action": "PO_SEND", "entity": "PurchaseOrder", "entity_id": 1, "details": {"po_number": "PO-2026-00001", "approved_by": "Priya Sharma"}}
{"timestamp": "2026-09-19T03:46:45.634657+00:00", "action": "PO_CONFIRM", "entity": "PurchaseOrder", "entity_id": 1, "details": {"po_number": "PO-2026-00001"}}
{"timestamp": "2026-09-19T03:46:45.641121+00:00", "action": "PO_CREATE", "entity": "PurchaseOrder", "entity_id": 2, "details": {"po_number": "PO-2026-00002", "quotation_id": null, "supplier_id": 1, "item_count": 1, "total_amount": 14750.0}}
{"timestamp": "2026-09-19T03:46:45.643132+00:00", "action": "PO_SEND", "entity": "PurchaseOrder", "entity_id": 2, "details": {"po_number": "PO-2026-00002", "approved_by": "Priya Sharma"}}
{"timestamp": "2026-09-19T03:46:45.645949+00:00", "action": "PO_CONFIRM", "entity": "PurchaseOrder", "entity_id": 2, "details": {"po_number": "PO-2026-00002"}}
{"timestamp": "2026-09-19T03:46:45.665069+00:00", "action": "GRN_CREATE", "entity": "GoodsReceipt", "entity_id": 1, "details": {"grn_number": "GRN-2026-00001", "po_id": 2, "po_number": "PO-2026-00002", "item_count": 1, "po_status": "PARTIALLY_RECEIVED"}}
{"timestamp": "2026-09-19T03:46:45.758643+00:00", "action": "PO_CREATE", "entity": "PurchaseOrder", "entity_id": 1, "details": {"po_number": "PO-2026-00001", "quotation_id": null, "supplier_id": 1, "item_count": 1, "total_amount": 7375.0}}
{"timestamp": "2026-09-19T03:46:45.760643+00:00", "action": "PO_SEND", "entity": "PurchaseOrder", "entity_id": 1, "details": {"po_number": "PO-2026-00001", "approved_by": "Priya Sharma"}}
{"timestamp": "2026-09-19T03:46:45.760643+00:00", "action": "PO_CONFIRM", "entity": "PurchaseOrder", "entity_id": 1, "details": {"po_number": "PO-2026-00001"}}
{"timestamp": "2026-09-19T03:46:45.765124+00:00", "action": "GRN_CREATE", "entity": "GoodsReceipt", "entity_id": 1, "details": {"grn_number": "GRN-2026-00001", "po_id": 1, "po_number": "PO-2026-00001", "item_count": 1, "po_status": "RECEIVED"}}
{"timestamp": "2026-09-19T03:46:45.785097+00:00", "action": "RECEIVE", "entity": "Inventory", "entity_id": 1, "details": {"product_id": 1, "manufacturer_id": 1, "location_id": 1, "batch_number": "GRN-2026-00001-1", "quantity": 100.0, "status": "OK"}}
{"timestamp": "2026-09-19T03:46:45.803039+00:00", "action": "QC_INSPECT", "entity": "QualityInspection", "entity_id": 1, "details": {"qc_number": "QC-2026-00001", "grn_id": 1, "grn_number": "GRN-2026-00001", "overall_disposition": "ACCEPTED", "item_count": 1}}
{"timestamp": "2026-09-19T03:46:45.854988+00:00", "action": "PO_CREATE", "entity": "PurchaseOrder", "entity_id": 1, "details": {"po_number": "PO-2026-00001", "quotation_id": null, "supplier_id": 1, "item_count": 1, "total_amount": 3687.5}}
{"timestamp": "2026-09-19T03:46:45.855944+00:00", "action": "PO_SEND", "entity": "PurchaseOrder", "entity_id": 1, "details": {"po_number": "PO-2026-00001", "approved_by": "Priya Sharma"}}
{"timestamp": "2026-09-19T03:46:45.859122+00:00", "action": "PO_CONFIRM", "entity": "PurchaseOrder", "entity_id": 1, "details": {"po_number": "PO-2026-00001"}}
{"timestamp": "2026-09-19T03:46:45.864890+00:00", "action": "PO_CREATE", "entity": "PurchaseOrder", "entity_id": 2, "details": {"po_number": "PO-2026-00002", "quotation_id": null, "supplier_id": 1, "item_count": 1, "total_amount": 3687.5}}
{"timestamp": "2026-09-19T03:46:45.866899+00:00", "action": "PO_SEND", "entity": "PurchaseOrder", "entity_id": 2, "details": {"po_number": "PO-2026-00002", "approved_by": "Priya Sharma"}}
{"timestamp": "2026-09-19T03:46:45.867900+00:00", "action": "PO_CONFIRM", "entity": "PurchaseOrder", "entity_id": 2, "details": {"po_number": "PO-2026-00002"}}
{"timestamp": "2026-09-19T03:46:45.871899+00:00", "action": "PO_CREATE", "entity": "PurchaseOrder", "entity_id": 3, "details": {"po_number": "PO-2026-00003", "quotation_id": null, "supplier_id": 1, "item_count": 1, "total_amount": 3687.5}}
{"timestamp": "2026-09-19T03:46:45.873935+00:00", "action": "PO_SEND", "entity": "PurchaseOrder", "entity_id": 3, "details": {"po_number": "PO-2026-00003", "approved_by": "Priya Sharma"}}
{"timestamp": "2026-09-19T03:46:45.875858+00:00", "action": "PO_CONFIRM", "entity": "PurchaseOrder", "entity_id": 3, "details": {"po_number": "PO-2026-00003"}}
{"timestamp": "2026-09-19T03:46:45.948711+00:00", "action": "PO_CREATE", "entity": "PurchaseOrder", "entity_id": 1, "details": {"po_number": "PO-2026-00001", "quotation_id": null, "supplier_id": 1, "item_count": 1, "total_amount": 3687.5}}
{"timestamp": "2026-09-19T03:46:45.951719+00:00", "action": "PO_SEND", "entity": "PurchaseOrder", "entity_id": 1, "details": {"po_number": "PO-2026-00001", "approved_by": "Priya Sharma"}}
{"timestamp": "2026-09-19T03:46:45.954313+00:00", "action": "PO_CONFIRM", "entity": "PurchaseOrder", "entity_id": 1, "details": {"po_number": "PO-2026-00001"}}
{"timestamp": "2026-09-19T03:46:45.964731+00:00", "action": "GRN_CREATE", "entity": "GoodsReceipt", "entity_id": 1, "details": {"grn_number": "GRN-2026-00001", "po_id": 1, "po_number": "PO-2026-00001", "item_count": 1, "po_status": "RECEIVED"}}
{"timestamp": "2026-09-19T03:46:46.088657+00:00", "action": "RECEIVE", "entity": "Inventory", "entity_id": 1, "details": {"product_id": 1, "manufacturer_id": 1, "location_id": 1, "batch_number": "B1", "quantity": 200.0, "status": "OK"}}
{"timestamp": "2026-09-19T03:46:46.258663+00:00", "action": "RECEIVE", "entity": "Inventory", "entity_id": 1, "details": {"product_id": 1, "manufacturer_id": 1, "location_id": 1, "batch_number": "B1", "quantity": 500.0, "status": "DMG"}}
{"timestamp": "2026-09-19T03:46:46.526660+00:00", "action": "PO_CREATE", "entity": "PurchaseOrder", "entity_id": 1, "details": {"po_number": "PO-2026-00001", "quotation_id": null, "supplier_id": 1, "item_count": 1, "total_amount": 5900.0}}
{"timestamp": "2026-09-19T03:46:46.565050+00:00", "action": "PO_CREATE", "entity": "PurchaseOrder", "entity_id": 1, "details": {"po_number": "PO-2026-00001", "quotation_id": null, "supplier_id": 1, "item_count": 1, "total_amount": 5900.0}}
{"timestamp": "2026-09-19T03:46:46.574278+00:00", "action": "PO_CREATE", "entity": "PurchaseOrder", "entity_id": 2, "details": {"po_number": "PO-2026-00002", "quotation_id": null, "supplier_id": 1, "item_count": 1, "total_amount": 5900.0}}
{"timestamp": "2026-09-19T03:46:46.696369+00:00", "action": "QUOTATION_CREATE", "entity": "VendorQuotation", "entity_id": 1, "details": {"supplier_id": 1, "rfq_id": null, "item_count": 1}}
{"timestamp": "2026-09-19T03:46:46.698367+00:00", "action": "QUOTATION_SELECT", "entity": "VendorQuotation", "entity_id": 1, "details": {"rfq_id": null}}
{"timestamp": "2026-09-19T03:46:46.710225+00:00", "action": "PO_CREATE", "entity": "PurchaseOrder", "entity_id": 1, "details": {"po_number": "PO-2026-00001", "quotation_id": 1, "supplier_id": 1, "item_count": 1, "total_amount": 36875.0}}
{"timestamp": "2026-09-19T03:46:46.881055+00:00", "action": "QUOTATION_CREATE", "entity": "VendorQuotation", "entity_id": 1, "details": {"supplier_id": 1, "rfq_id": null, "item_count": 1}}
{"timestamp": "2026-09-19T03:46:46.914855+00:00", "action": "QUOTATION_CREATE", "entity": "VendorQuotation", "entity_id": 1, "details": {"supplier_id": 1, "rfq_id": null, "item_count": 1}}
{"timestamp": "2026-09-19T03:46:46.914855+00:00", "action": "QUOTATION_SELECT", "entity": "VendorQuotation", "entity_id": 1, "details": {"rfq_id": null}}
{"timestamp": "2026-09-19T03:46:46.935692+00:00", "action": "PO_CREATE", "entity": "PurchaseOrder", "entity_id": 1, "details": {"po_number": "PO-2026-00001", "quotation_id": 1, "supplier_id": 1, "item_count": 1, "total_amount": 36875.0}}
{"timestamp": "2026-09-19T03:46:47.029334+00:00", "action": "PO_CREATE", "entity": "PurchaseOrder", "entity_id": 1, "details": {"po_number": "PO-2026-00001", "quotation_id": null, "supplier_id": 1, "item_count": 1, "total_amount": 5900.0}}
{"timestamp": "2026-09-19T03:46:47.031337+00:00", "action": "PO_UPDATE", "entity": "PurchaseOrder", "entity_id": 1, "details": {"po_number": "PO-2026-00001"}}
{"timestamp": "2026-09-19T03:46:47.034258+00:00", "action": "PO_SEND", "entity": "PurchaseOrder", "entity_id": 1, "details": {"po_number": "PO-2026-00001", "approved_by": "Priya Sharma"}}
{"timestamp": "2026-09-19T03:46:47.084824+00:00", "action": "PO_CREATE", "entity": "PurchaseOrder", "entity_id": 1, "details": {"po_number": "PO-2026-00001", "quotation_id": null, "supplier_id": 1, "item_count": 1, "total_amount": 5900.0}}
{"timestamp": "2026-09-19T03:46:47.084824+00:00", "action": "PO_SEND", "entity": "PurchaseOrder", "entity_id": 1, "details": {"po_number": "PO-2026-00001", "approved_by": "Priya Sharma"}}
{"timestamp": "2026-09-19T03:46:47.134834+00:00", "action": "PO_CREATE", "entity": "PurchaseOrder", "entity_id": 1, "details": {"po_number": "PO-2026-00001", "quotation_id": null, "supplier_id": 1, "item_count": 1, "total_amount": 5900.0}}
{"timestamp": "2026-09-19T03:46:47.137424+00:00", "action": "PO_SEND", "entity": "PurchaseOrder", "entity_id": 1, "details": {"po_number": "PO-2026-00001", "approved_by": "Priya Sharma"}}
{"timestamp": "2026-09-19T03:46:47.188751+00:00", "action": "PO_CREATE", "entity": "PurchaseOrder", "entity_id": 1, "details": {"po_number": "PO-2026-00001", "quotation_id": null, "supplier_id": 1, "item_count": 1, "total_amount": 5900.0}}
{"timestamp": "2026-09-19T03:46:47.193987+00:00", "action": "PO_SEND", "entity": "PurchaseOrder", "entity_id": 1, "details": {"po_number": "PO-2026-00001", "approved_by": "Priya Sharma"}}
{"timestamp": "2026-09-19T03:46:47.197233+00:00", "action": "PO_CONFIRM", "entity": "PurchaseOrder", "entity_id": 1, "details": {"po_number": "PO-2026-00001"}}
{"timestamp": "2026-09-19T03:46:47.244015+00:00", "action": "PO_CREATE", "entity": "PurchaseOrder", "entity_id": 1, "details": {"po_number": "PO-2026-00001", "quotation_id": null, "supplier_id": 1, "item_count": 1, "total_amount": 5900.0}}
{"timestamp": "2026-09-19T03:46:47.247632+00:00", "action": "PO_CANCEL", "entity": "PurchaseOrder", "entity_id": 1, "details": {"po_number": "PO-2026-00001", "cancelled_by": "Priya Sharma", "reason": "Duplicate order raised by mistake"}}
{"timestamp": "2026-09-19T03:46:47.295075+00:00", "action": "PO_CREATE", "entity": "PurchaseOrder", "entity_id": 1, "details": {"po_number": "PO-2026-00001", "quotation_id": null, "supplier_id": 1, "item_count": 1, "total_amount": 5900.0}}
{"timestamp": "2026-09-19T03:46:47.296743+00:00", "action": "PO_SEND", "entity": "PurchaseOrder", "entity_id": 1, "details": {"po_number": "PO-2026-00001", "approved_by": "Priya Sharma"}}
{"timestamp": "2026-09-19T03:46:47.298737+00:00", "action": "PO_CANCEL", "entity": "PurchaseOrder", "entity_id": 1, "details": {"po_number": "PO-2026-00001", "cancelled_by": "Priya Sharma", "reason": "Vendor unable to fulfill"}}
{"timestamp": "2026-09-19T03:46:47.356733+00:00", "action": "PO_CREATE", "entity": "PurchaseOrder", "entity_id": 1, "details": {"po_number": "PO-2026-00001", "quotation_id": null, "supplier_id": 1, "item_count": 1, "total_amount": 5900.0}}
{"timestamp": "2026-09-19T03:46:47.358736+00:00", "action": "PO_SEND", "entity": "PurchaseOrder", "entity_id": 1, "details": {"po_number": "PO-2026-00001", "approved_by": "Priya Sharma"}}
{"timestamp": "2026-09-19T03:46:47.361017+00:00", "action": "PO_CONFIRM", "entity": "PurchaseOrder", "entity_id": 1, "details": {"po_number": "PO-2026-00001"}}
{"timestamp": "2026-09-19T03:46:47.404787+00:00", "action": "PO_CREATE", "entity": "PurchaseOrder", "entity_id": 1, "details": {"po_number": "PO-2026-00001", "quotation_id": null, "supplier_id": 1, "item_count": 1, "total_amount": 5900.0}}
{"timestamp": "2026-09-19T03:46:47.464338+00:00", "action": "PR_CREATE", "entity": "PurchaseRequisition", "entity_id": 1, "details": {"pr_number": "PR-2026-00001", "department": "Production Planning", "item_count": 1, "source": "MANUAL"}}
{"timestamp": "2026-09-19T03:46:47.496218+00:00", "action": "PR_CREATE", "entity": "PurchaseRequisition", "entity_id": 1, "details": {"pr_number": "PR-2026-00001", "department": "Production Planning", "item_count": 1, "source": "MANUAL"}}
{"timestamp": "2026-09-19T03:46:47.504852+00:00", "action": "PR_CREATE", "entity": "PurchaseRequisition", "entity_id": 2, "details": {"pr_number": "PR-2026-00002", "department": "Production Planning", "item_count": 1, "source": "MANUAL"}}
{"timestamp": "2026-09-19T03:46:47.599324+00:00", "action": "PR_CREATE", "entity": "PurchaseRequisition", "entity_id": 1, "details": {"pr_number": "PR-2026-00001", "department": "Production Planning", "item_count": 1, "source": "MANUAL"}}
{"timestamp": "2026-09-19T03:46:47.637069+00:00", "action": "PR_CREATE", "entity": "PurchaseRequisition", "entity_id": 1, "details": {"pr_number": "PR-2026-00001", "department": "Production Planning", "item_count": 1, "source": "AUTO_REORDER"}}
{"timestamp": "2026-09-19T03:46:47.666456+00:00", "action": "PR_CREATE", "entity": "PurchaseRequisition", "entity_id": 1, "details": {"pr_number": "PR-2026-00001", "department": "Production Planning", "item_count": 1, "source": "MANUAL"}}
{"timestamp": "2026-09-19T03:46:47.677849+00:00", "action": "PR_ITEM_ADD", "entity": "PurchaseRequisition", "entity_id": 1, "details": {"pr_number": "PR-2026-00001", "product_id": 1, "quantity": 50.0}}
{"timestamp": "2026-09-19T03:46:47.679422+00:00", "action": "PR_SUBMIT", "entity": "PurchaseRequisition", "entity_id": 1, "details": {"pr_number": "PR-2026-00001"}}
{"timestamp": "2026-09-19T03:46:47.717837+00:00", "action": "PR_CREATE", "entity": "PurchaseRequisition", "entity_id": 1, "details": {"pr_number": "PR-2026-00001", "department": "Production Planning", "item_count": 1, "source": "MANUAL"}}
{"timestamp": "2026-09-19T03:46:47.761825+00:00", "action": "PR_CREATE", "entity": "PurchaseRequisition", "entity_id": 1, "details": {"pr_number": "PR-2026-00001", "department": "Production Planning", "item_count": 1, "source": "MANUAL"}}
{"timestamp": "2026-09-19T03:46:47.767084+00:00", "action": "PR_ITEM_ADD", "entity": "PurchaseRequisition", "entity_id": 1, "details": {"pr_number": "PR-2026-00001", "product_id": 1, "quantity": 50.0}}
{"timestamp": "2026-09-19T03:46:47.818223+00:00", "action": "PR_CREATE", "entity": "PurchaseRequisition", "entity_id": 1, "details": {"pr_number": "PR-2026-00001", "department": "Production Planning", "item_count": 1, "source": "MANUAL"}}
{"timestamp": "2026-09-19T03:46:47.820237+00:00", "action": "PR_SUBMIT", "entity": "PurchaseRequisition", "entity_id": 1, "details": {"pr_number": "PR-2026-00001"}}
{"timestamp": "2026-09-19T03:46:47.872320+00:00", "action": "PR_CREATE", "entity": "PurchaseRequisition", "entity_id": 1, "details": {"pr_number": "PR-2026-00001", "department": "Production Planning", "item_count": 1, "source": "MANUAL"}}
{"timestamp": "2026-09-19T03:46:47.875409+00:00", "action": "PR_SUBMIT", "entity": "PurchaseRequisition", "entity_id": 1, "details": {"pr_number": "PR-2026-00001"}}
{"timestamp": "2026-09-19T03:46:47.950571+00:00", "action": "PR_CREATE", "entity": "PurchaseRequisition", "entity_id": 1, "details": {"pr_number": "PR-2026-00001", "department": "Production Planning", "item_count": 1, "source": "MANUAL"}}
{"timestamp": "2026-09-19T03:46:47.986168+00:00", "action": "PR_CREATE", "entity": "PurchaseRequisition", "entity_id": 1, "details": {"pr_number": "PR-2026-00001", "department": "Production Planning", "item_count": 1, "source": "MANUAL"}}
{"timestamp": "2026-09-19T03:46:47.993059+00:00", "action": "PR_SUBMIT", "entity": "PurchaseRequisition", "entity_id": 1, "details": {"pr_number": "PR-2026-00001"}}
{"timestamp": "2026-09-19T03:46:47.995129+00:00", "action": "PR_APPROVE", "entity": "PurchaseRequisition", "entity_id": 1, "details": {"pr_number": "PR-2026-00001", "approved_by": "Purchase Manager"}}
{"timestamp": "2026-09-19T03:46:48.026296+00:00", "action": "PR_CREATE", "entity": "PurchaseRequisition", "entity_id": 1, "details": {"pr_number": "PR-2026-00001", "department": "Production Planning", "item_count": 1, "source": "MANUAL"}}
{"timestamp": "2026-09-19T03:46:48.026296+00:00", "action": "PR_SUBMIT", "entity": "PurchaseRequisition", "entity_id": 1, "details": {"pr_number": "PR-2026-00001"}}
{"timestamp": "2026-09-19T03:46:48.033322+00:00", "action": "PR_REJECT", "entity": "PurchaseRequisition", "entity_id": 1, "details": {"pr_number": "PR-2026-00001", "rejected_by": "Purchase Manager", "reason": "Budget exceeded this month"}}
{"timestamp": "2026-09-19T03:46:48.064818+00:00", "action": "PR_CREATE", "entity": "PurchaseRequisition", "entity_id": 1, "details": {"pr_number": "PR-2026-00001", "department": "Production Planning", "item_count": 1, "source": "MANUAL"}}
{"timestamp": "2026-09-19T03:46:48.109097+00:00", "action": "PR_CREATE", "entity": "PurchaseRequisition", "entity_id": 1, "details": {"pr_number": "PR-2026-00001", "department": "Production Planning", "item_count": 1, "source": "MANUAL"}}
{"timestamp": "2026-09-19T03:46:48.109097+00:00", "action": "PR_SUBMIT", "entity": "PurchaseRequisition", "entity_id": 1, "details": {"pr_number": "PR-2026-00001"}}
{"timestamp": "2026-09-19T03:46:48.145090+00:00", "action": "PR_CREATE", "entity": "PurchaseRequisition", "entity_id": 1, "details": {"pr_number": "PR-2026-00001", "department": "Production Planning", "item_count": 1, "source": "MANUAL"}}
{"timestamp": "2026-09-19T03:46:48.187575+00:00", "action": "PR_CREATE", "entity": "PurchaseRequisition", "entity_id": 1, "details": {"pr_number": "PR-2026-00001", "department": "Production Planning", "item_count": 1, "source": "MANUAL"}}
{"timestamp": "2026-09-19T03:46:48.189585+00:00", "action": "PR_SUBMIT", "entity": "PurchaseRequisition", "entity_id": 1, "details": {"pr_number": "PR-2026-00001"}}
{"timestamp": "2026-09-19T03:46:48.222807+00:00", "action": "PR_CREATE", "entity": "PurchaseRequisition", "entity_id": 1, "details": {"pr_number": "PR-2026-00001", "department": "Production Planning", "item_count": 1, "source": "MANUAL"}}
{"timestamp": "2026-09-19T03:46:48.222807+00:00", "action": "PR_DELETE", "entity": "PurchaseRequisition", "entity_id": 1, "details": {"pr_number": "PR-2026-00001"}}
{"timestamp": "2026-09-19T03:46:48.276362+00:00", "action": "PR_CREATE", "entity": "PurchaseRequisition", "entity_id": 1, "details": {"pr_number": "PR-2026-00001", "department": "Production Planning", "item_count": 1, "source": "MANUAL"}}
{"timestamp": "2026-09-19T03:46:48.285120+00:00", "action": "PR_CREATE", "entity": "PurchaseRequisition", "entity_id": 2, "details": {"pr_number": "PR-2026-00002", "department": "Production Planning", "item_count": 1, "source": "MANUAL"}}
{"timestamp": "2026-09-19T03:46:48.286091+00:00", "action": "PR_SUBMIT", "entity": "PurchaseRequisition", "entity_id": 2, "details": {"pr_number": "PR-2026-00002"}}
{"timestamp": "2026-09-19T03:46:48.336209+00:00", "action": "PR_CREATE", "entity": "PurchaseRequisition", "entity_id": 1, "details": {"pr_number": "PR-2026-00001", "department": "Production Planning", "item_count": 1, "source": "MANUAL"}}
{"timestamp": "2026-09-19T03:46:48.342106+00:00", "action": "PR_CREATE", "entity": "PurchaseRequisition", "entity_id": 2, "details": {"pr_number": "PR-2026-00002", "department": "Store", "item_count": 1, "source": "MANUAL"}}
{"timestamp": "2026-09-19T03:46:48.507181+00:00", "action": "RECEIVE", "entity": "Inventory", "entity_id": 1, "details": {"product_id": 1, "manufacturer_id": 1, "location_id": 1, "batch_number": "B-001", "quantity": 180.0, "status": "OK"}}
{"timestamp": "2026-09-19T03:46:48.514772+00:00", "action": "PR_CREATE", "entity": "PurchaseRequisition", "entity_id": 1, "details": {"pr_number": "PR-2026-00001", "department": "Production Planning", "item_count": 1, "source": "MANUAL"}}
{"timestamp": "2026-09-19T03:46:48.575553+00:00", "action": "PO_CREATE", "entity": "PurchaseOrder", "entity_id": 1, "details": {"po_number": "PO-2026-00001", "quotation_id": null, "supplier_id": 1, "item_count": 1, "total_amount": 36875.0}}
{"timestamp": "2026-09-19T03:46:48.578635+00:00", "action": "PO_SEND", "entity": "PurchaseOrder", "entity_id": 1, "details": {"po_number": "PO-2026-00001", "approved_by": "Priya Sharma"}}
{"timestamp": "2026-09-19T03:46:48.581555+00:00", "action": "PO_CONFIRM", "entity": "PurchaseOrder", "entity_id": 1, "details": {"po_number": "PO-2026-00001"}}
{"timestamp": "2026-09-19T03:46:48.593189+00:00", "action": "GRN_CREATE", "entity": "GoodsReceipt", "entity_id": 1, "details": {"grn_number": "GRN-2026-00001", "po_id": 1, "po_number": "PO-2026-00001", "item_count": 1, "po_status": "RECEIVED"}}
{"timestamp": "2026-09-19T03:46:48.614923+00:00", "action": "RECEIVE", "entity": "Inventory", "entity_id": 1, "details": {"product_id": 1, "manufacturer_id": 1, "location_id": 1, "batch_number": "TSD-BATCH-77", "quantity": 500.0, "status": "OK"}}
{"timestamp": "2026-09-19T03:46:48.625993+00:00", "action": "QC_INSPECT", "entity": "QualityInspection", "entity_id": 1, "details": {"qc_number": "QC-2026-00001", "grn_id": 1, "grn_number": "GRN-2026-00001", "overall_disposition": "ACCEPTED", "item_count": 1}}
{"timestamp": "2026-09-19T03:46:48.696191+00:00", "action": "PO_CREATE", "entity": "PurchaseOrder", "entity_id": 1, "details": {"po_number": "PO-2026-00001", "quotation_id": null, "supplier_id": 1, "item_count": 1, "total_amount": 737.5}}
{"timestamp": "2026-09-19T03:46:48.698356+00:00", "action": "PO_SEND", "entity": "PurchaseOrder", "entity_id": 1, "details": {"po_number": "PO-2026-00001", "approved_by": "Priya Sharma"}}
{"timestamp": "2026-09-19T03:46:48.700427+00:00", "action": "PO_CONFIRM", "entity": "PurchaseOrder", "entity_id": 1, "details": {"po_number": "PO-2026-00001"}}
{"timestamp": "2026-09-19T03:46:48.710059+00:00", "action": "GRN_CREATE", "entity": "GoodsReceipt", "entity_id": 1, "details": {"grn_number": "GRN-2026-00001", "po_id": 1, "po_number": "PO-2026-00001", "item_count": 1, "po_status": "RECEIVED"}}
{"timestamp": "2026-09-19T03:46:48.718716+00:00", "action": "RECEIVE", "entity": "Inventory", "entity_id": 1, "details": {"product_id": 1, "manufacturer_id": 1, "location_id": 1, "batch_number": "GRN-2026-00001-1", "quantity": 10.0, "status": "OK"}}
{"timestamp": "2026-09-19T03:46:48.726264+00:00", "action": "QC_INSPECT", "entity": "QualityInspection", "entity_id": 1, "details": {"qc_number": "QC-2026-00001", "grn_id": 1, "grn_number": "GRN-2026-00001", "overall_disposition": "ACCEPTED", "item_count": 1}}
{"timestamp": "2026-09-19T03:46:48.782285+00:00", "action": "PO_CREATE", "entity": "PurchaseOrder", "entity_id": 1, "details": {"po_number": "PO-2026-00001", "quotation_id": null, "supplier_id": 1, "item_count": 1, "total_amount": 36875.0}}
{"timestamp": "2026-09-19T03:46:48.784793+00:00", "action": "PO_SEND", "entity": "PurchaseOrder", "entity_id": 1, "details": {"po_number": "PO-2026-00001", "approved_by": "Priya Sharma"}}
{"timestamp": "2026-09-19T03:46:48.786811+00:00", "action": "PO_CONFIRM", "entity": "PurchaseOrder", "entity_id": 1, "details": {"po_number": "PO-2026-00001"}}
{"timestamp": "2026-09-19T03:46:48.795717+00:00", "action": "GRN_CREATE", "entity": "GoodsReceipt", "entity_id": 1, "details": {"grn_number": "GRN-2026-00001", "po_id": 1, "po_number": "PO-2026-00001", "item_count": 1, "po_status": "RECEIVED"}}
{"timestamp": "2026-09-19T03:46:48.809069+00:00", "action": "QC_INSPECT", "entity": "QualityInspection", "entity_id": 1, "details": {"qc_number": "QC-2026-00001", "grn_id": 1, "grn_number": "GRN-2026-00001", "overall_disposition": "REJECTED", "item_count": 1}}
{"timestamp": "2026-09-19T03:46:48.854949+00:00", "action": "PO_CREATE", "entity": "PurchaseOrder", "entity_id": 1, "details": {"po_number": "PO-2026-00001", "quotation_id": null, "supplier_id": 1, "item_count": 1, "total_amount": 36875.0}}
{"timestamp": "2026-09-19T03:46:48.858640+00:00", "action": "PO_SEND", "entity": "PurchaseOrder", "entity_id": 1, "details": {"po_number": "PO-2026-00001", "approved_by": "Priya Sharma"}}
{"timestamp": "2026-09-19T03:46:48.859743+00:00", "action": "PO_CONFIRM", "entity": "PurchaseOrder", "entity_id": 1, "details": {"po_number": "PO-2026-00001"}}
{"timestamp": "2026-09-19T03:46:48.880510+00:00", "action": "GRN_CREATE", "entity": "GoodsReceipt", "entity_id": 1, "details": {"grn_number": "GRN-2026-00001", "po_id": 1, "po_number": "PO-2026-00001", "item_count": 1, "po_status": "RECEIVED"}}
{"timestamp": "2026-09-19T03:46:48.909897+00:00", "action": "QC_INSPECT", "entity": "QualityInspection", "entity_id": 1, "details": {"qc_number": "QC-2026-00001", "grn_id": 1, "grn_number": "GRN-2026-00001", "overall_disposition": "ACCEPTED_WITH_DEVIATION", "item_count": 1}}
{"timestamp": "2026-09-19T03:46:48.914995+00:00", "action": "RECEIVE", "entity": "Inventory", "entity_id": 1, "details": {"product_id": 1, "manufacturer_id": 1, "location_id": 1, "batch_number": "TSD-BATCH-77", "quantity": 480.0, "status": "OK"}}
{"timestamp": "2026-09-19T03:46:48.914995+00:00", "action": "QC_DEVIATION_APPROVE", "entity": "QualityInspection", "entity_id": 1, "details": {"qc_number": "QC-2026-00001", "approved_by": "Plant Manager Vikram", "item_count": 1}}
{"timestamp": "2026-09-19T03:46:48.978162+00:00", "action": "PO_CREATE", "entity": "PurchaseOrder", "entity_id": 1, "details": {"po_number": "PO-2026-00001", "quotation_id": null, "supplier_id": 1, "item_count": 1, "total_amount": 36875.0}}
{"timestamp": "2026-09-19T03:46:48.982161+00:00", "action": "PO_SEND", "entity": "PurchaseOrder", "entity_id": 1, "details": {"po_number": "PO-2026-00001", "approved_by": "Priya Sharma"}}
{"timestamp": "2026-09-19T03:46:48.984695+00:00", "action": "PO_CONFIRM", "entity": "PurchaseOrder", "entity_id": 1, "details": {"po_number": "PO-2026-00001"}}
{"timestamp": "2026-09-19T03:46:48.996431+00:00", "action": "GRN_CREATE", "entity": "GoodsReceipt", "entity_id": 1, "details": {"grn_number": "GRN-2026-00001", "po_id": 1, "po_number": "PO-2026-00001", "item_count": 1, "po_status": "RECEIVED"}}
{"timestamp": "2026-09-19T03:46:49.025133+00:00", "action": "RECEIVE", "entity": "Inventory", "entity_id": 1, "details": {"product_id": 1, "manufacturer_id": 1, "location_id": 1, "batch_number": "TSD-BATCH-77", "quantity": 480.0, "status": "OK"}}
{"timestamp": "2026-09-19T03:46:49.042049+00:00", "action": "QC_INSPECT", "entity": "QualityInspection", "entity_id": 1, "details": {"qc_number": "QC-2026-00001", "grn_id": 1, "grn_number": "GRN-2026-00001", "overall_disposition": "ACCEPTED_WITH_DEVIATION", "item_count": 1}}
{"timestamp": "2026-09-19T03:46:49.109622+00:00", "action": "PO_CREATE", "entity": "PurchaseOrder", "entity_id": 1, "details": {"po_number": "PO-2026-00001", "quotation_id": null, "supplier_id": 1, "item_count": 1, "total_amount": 36875.0}}
{"timestamp": "2026-09-19T03:46:49.112620+00:00", "action": "PO_SEND", "entity": "PurchaseOrder", "entity_id": 1, "details": {"po_number": "PO-2026-00001", "approved_by": "Priya Sharma"}}
{"timestamp": "2026-09-19T03:46:49.117667+00:00", "action": "PO_CONFIRM", "entity": "PurchaseOrder", "entity_id": 1, "details": {"po_number": "PO-2026-00001"}}
{"timestamp": "2026-09-19T03:46:49.131243+00:00", "action": "GRN_CREATE", "entity": "GoodsReceipt", "entity_id": 1, "details": {"grn_number": "GRN-2026-00001", "po_id": 1, "po_number": "PO-2026-00001", "item_count": 1, "po_status": "RECEIVED"}}
{"timestamp": "2026-09-19T03:46:49.166174+00:00", "action": "QC_INSPECT", "entity": "QualityInspection", "entity_id": 1, "details": {"qc_number": "QC-2026-00001", "grn_id": 1, "grn_number": "GRN-2026-00001", "overall_disposition": "ACCEPTED_WITH_DEVIATION", "item_count": 1}}
{"timestamp": "2026-09-19T03:46:49.174314+00:00", "action": "RECEIVE", "entity": "Inventory", "entity_id": 1, "details": {"product_id": 1, "manufacturer_id": 1, "location_id": 1, "batch_number": "TSD-BATCH-77", "quantity": 480.0, "status": "OK"}}
{"timestamp": "2026-09-19T03:46:49.174878+00:00", "action": "QC_DEVIATION_APPROVE", "entity": "QualityInspection", "entity_id": 1, "details": {"qc_number": "QC-2026-00001", "approved_by": "Vikram", "item_count": 1}}
{"timestamp": "2026-09-19T03:46:49.232628+00:00", "action": "PO_CREATE", "entity": "PurchaseOrder", "entity_id": 1, "details": {"po_number": "PO-2026-00001", "quotation_id": null, "supplier_id": 1, "item_count": 1, "total_amount": 36875.0}}
{"timestamp": "2026-09-19T03:46:49.234661+00:00", "action": "PO_SEND", "entity": "PurchaseOrder", "entity_id": 1, "details": {"po_number": "PO-2026-00001", "approved_by": "Priya Sharma"}}
{"timestamp": "2026-09-19T03:46:49.236205+00:00", "action": "PO_CONFIRM", "entity": "PurchaseOrder", "entity_id": 1, "details": {"po_number": "PO-2026-00001"}}
{"timestamp": "2026-09-19T03:46:49.248305+00:00", "action": "GRN_CREATE", "entity": "GoodsReceipt", "entity_id": 1, "details": {"grn_number": "GRN-2026-00001", "po_id": 1, "po_number": "PO-2026-00001", "item_count": 1, "po_status": "RECEIVED"}}
{"timestamp": "2026-09-19T03:46:49.275956+00:00", "action": "RECEIVE", "entity": "Inventory", "entity_id": 1, "details": {"product_id": 1, "manufacturer_id": 1, "location_id": 1, "batch_number": "TSD-BATCH-77", "quantity": 500.0, "status": "OK"}}
{"timestamp": "2026-09-19T03:46:49.284992+00:00", "action": "QC_INSPECT", "entity": "QualityInspection", "entity_id": 1, "details": {"qc_number": "QC-2026-00001", "grn_id": 1, "grn_number": "GRN-2026-00001", "overall_disposition": "ACCEPTED", "item_count": 1}}
{"timestamp": "2026-09-19T03:46:49.357304+00:00", "action": "PO_CREATE", "entity": "PurchaseOrder", "entity_id": 1, "details": {"po_number": "PO-2026-00001", "quotation_id": null, "supplier_id": 1, "item_count": 1, "total_amount": 7375.0}}
{"timestamp": "2026-09-19T03:46:49.359892+00:00", "action": "PO_SEND", "entity": "PurchaseOrder", "entity_id": 1, "details": {"po_number": "PO-2026-00001", "approved_by": "Priya Sharma"}}
{"timestamp": "2026-09-19T03:46:49.361890+00:00", "action": "PO_CONFIRM", "entity": "PurchaseOrder", "entity_id": 1, "details": {"po_number": "PO-2026-00001"}}
{"timestamp": "2026-09-19T03:46:49.373937+00:00", "action": "GRN_CREATE", "entity": "GoodsReceipt", "entity_id": 1, "details": {"grn_number": "GRN-2026-00001", "po_id": 1, "po_number": "PO-2026-00001", "item_count": 1, "po_status": "RECEIVED"}}
{"timestamp": "2026-09-19T03:46:49.376540+00:00", "action": "RECEIVE", "entity": "Inventory", "entity_id": 1, "details": {"product_id": 1, "manufacturer_id": 1, "location_id": 1, "batch_number": "GRN-2026-00001-1", "quantity": 80.0, "status": "OK"}}
{"timestamp": "2026-09-19T03:46:49.392476+00:00", "action": "QC_INSPECT", "entity": "QualityInspection", "entity_id": 1, "details": {"qc_number": "QC-2026-00001", "grn_id": 1, "grn_number": "GRN-2026-00001", "overall_disposition": "ACCEPTED", "item_count": 1}}
{"timestamp": "2026-09-19T03:46:49.583970+00:00", "action": "PO_CREATE", "entity": "PurchaseOrder", "entity_id": 1, "details": {"po_number": "PO-2026-00001", "quotation_id": null, "supplier_id": 1, "item_count": 1, "total_amount": 36875.0}}
{"timestamp": "2026-09-19T03:46:49.586039+00:00", "action": "PO_SEND", "entity": "PurchaseOrder", "entity_id": 1, "details": {"po_number": "PO-2026-00001", "approved_by": "Priya Sharma"}}
{"timestamp": "2026-09-19T03:46:49.589048+00:00", "action": "PO_CONFIRM", "entity": "PurchaseOrder", "entity_id": 1, "details": {"po_number": "PO-2026-00001"}}
{"timestamp": "2026-09-19T03:46:49.599711+00:00", "action": "GRN_CREATE", "entity": "GoodsReceipt", "entity_id": 1, "details": {"grn_number": "GRN-2026-00001", "po_id": 1, "po_number": "PO-2026-00001", "item_count": 1, "po_status": "RECEIVED"}}
{"timestamp": "2026-09-19T03:46:49.681162+00:00", "action": "PO_CREATE", "entity": "PurchaseOrder", "entity_id": 1, "details": {"po_number": "PO-2026-00001", "quotation_id": null, "supplier_id": 1, "item_count": 1, "total_amount": 737.5}}
{"timestamp": "2026-09-19T03:46:49.684162+00:00", "action": "PO_SEND", "entity": "PurchaseOrder", "entity_id": 1, "details": {"po_number": "PO-2026-00001", "approved_by": "Priya Sharma"}}
{"timestamp": "2026-09-19T03:46:49.687212+00:00", "action": "PO_CONFIRM", "entity": "PurchaseOrder", "entity_id": 1, "details": {"po_number": "PO-2026-00001"}}
{"timestamp": "2026-09-19T03:46:49.704976+00:00", "action": "GRN_CREATE", "entity": "GoodsReceipt", "entity_id": 1, "details": {"grn_number": "GRN-2026-00001", "po_id": 1, "po_number": "PO-2026-00001", "item_count": 1, "po_status": "RECEIVED"}}
{"timestamp": "2026-09-19T03:46:49.720220+00:00", "action": "RECEIVE", "entity": "Inventory", "entity_id": 1, "details": {"product_id": 1, "manufacturer_id": 1, "location_id": 1, "batch_number": "GRN-2026-00001-1", "quantity": 10.0, "status": "OK"}}
{"timestamp": "2026-09-19T03:46:49.732624+00:00", "action": "QC_INSPECT", "entity": "QualityInspection", "entity_id": 1, "details": {"qc_number": "QC-2026-00001", "grn_id": 1, "grn_number": "GRN-2026-00001", "overall_disposition": "ACCEPTED", "item_count": 1}}
{"timestamp": "2026-09-19T03:46:49.792197+00:00", "action": "PO_CREATE", "entity": "PurchaseOrder", "entity_id": 1, "details": {"po_number": "PO-2026-00001", "quotation_id": null, "supplier_id": 1, "item_count": 1, "total_amount": 36875.0}}
{"timestamp": "2026-09-19T03:46:49.796719+00:00", "action": "PO_SEND", "entity": "PurchaseOrder", "entity_id": 1, "details": {"po_number": "PO-2026-00001", "approved_by": "Priya Sharma"}}
{"timestamp": "2026-09-19T03:46:49.798719+00:00", "action": "PO_CONFIRM", "entity": "PurchaseOrder", "entity_id": 1, "details": {"po_number": "PO-2026-00001"}}
{"timestamp": "2026-09-19T03:46:49.809049+00:00", "action": "GRN_CREATE", "entity": "GoodsReceipt", "entity_id": 1, "details": {"grn_number": "GRN-2026-00001", "po_id": 1, "po_number": "PO-2026-00001", "item_count": 1, "po_status": "RECEIVED"}}
{"timestamp": "2026-09-19T03:46:49.844661+00:00", "action": "RECEIVE", "entity": "Inventory", "entity_id": 1, "details": {"product_id": 1, "manufacturer_id": 1, "location_id": 1, "batch_number": "TSD-BATCH-77", "quantity": 500.0, "status": "OK"}}
{"timestamp": "2026-09-19T03:46:49.858533+00:00", "action": "QC_INSPECT", "entity": "QualityInspection", "entity_id": 1, "details": {"qc_number": "QC-2026-00001", "grn_id": 1, "grn_number": "GRN-2026-00001", "overall_disposition": "ACCEPTED", "item_count": 1}}
{"timestamp": "2026-09-19T03:46:49.964816+00:00", "action": "PO_CREATE", "entity": "PurchaseOrder", "entity_id": 1, "details": {"po_number": "PO-2026-00001", "quotation_id": null, "supplier_id": 1, "item_count": 1, "total_amount": 14750.0}}
{"timestamp": "2026-09-19T03:46:49.964816+00:00", "action": "PO_SEND", "entity": "PurchaseOrder", "entity_id": 1, "details": {"po_number": "PO-2026-00001", "approved_by": "Priya Sharma"}}
{"timestamp": "2026-09-19T03:46:49.964816+00:00", "action": "PO_CONFIRM", "entity": "PurchaseOrder", "entity_id": 1, "details": {"po_number": "PO-2026-00001"}}
{"timestamp": "2026-09-19T03:46:49.987083+00:00", "action": "GRN_CREATE", "entity": "GoodsReceipt", "entity_id": 1, "details": {"grn_number": "GRN-2026-00001", "po_id": 1, "po_number": "PO-2026-00001", "item_count": 1, "po_status": "RECEIVED"}}
{"timestamp": "2026-09-19T03:46:49.998218+00:00", "action": "RECEIVE", "entity": "Inventory", "entity_id": 1, "details": {"product_id": 1, "manufacturer_id": 1, "location_id": 1, "batch_number": "GRN-2026-00001-1", "quantity": 200.0, "status": "OK"}}
{"timestamp": "2026-09-19T03:46:50.008376+00:00", "action": "QC_INSPECT", "entity": "QualityInspection", "entity_id": 1, "details": {"qc_number": "QC-2026-00001", "grn_id": 1, "grn_number": "GRN-2026-00001", "overall_disposition": "ACCEPTED", "item_count": 1}}
{"timestamp": "2026-09-19T03:46:50.008376+00:00", "action": "GRN_CLOSE", "entity": "GoodsReceipt", "entity_id": 1, "details": {"grn_number": "GRN-2026-00001"}}
{"timestamp": "2026-09-19T03:46:50.067495+00:00", "action": "QUOTATION_INGEST", "entity": "VendorQuotation", "entity_id": 1, "details": {"supplier_id": 1, "rfq_id": null, "source": "OCR_BOT", "item_count": 1, "unmatched_item_count": 0}}
{"timestamp": "2026-09-19T03:46:50.115109+00:00", "action": "QUOTATION_INGEST", "entity": "VendorQuotation", "entity_id": 1, "details": {"supplier_id": 1, "rfq_id": null, "source": "OCR_BOT", "item_count": 1, "unmatched_item_count": 0}}
{"timestamp": "2026-09-19T03:46:50.166055+00:00", "action": "QUOTATION_INGEST", "entity": "VendorQuotation", "entity_id": 1, "details": {"supplier_id": 1, "rfq_id": null, "source": "OCR_BOT", "item_count": 1, "unmatched_item_count": 1}}
{"timestamp": "2026-09-19T03:46:50.215132+00:00", "action": "QUOTATION_INGEST", "entity": "VendorQuotation", "entity_id": 1, "details": {"supplier_id": 1, "rfq_id": null, "source": "OCR_BOT", "item_count": 1, "unmatched_item_count": 0}}
{"timestamp": "2026-09-19T03:46:50.264715+00:00", "action": "QUOTATION_INGEST", "entity": "VendorQuotation", "entity_id": 1, "details": {"supplier_id": 1, "rfq_id": null, "source": "OCR_BOT", "item_count": 2, "unmatched_item_count": 1}}
{"timestamp": "2026-09-19T03:46:50.315774+00:00", "action": "QUOTATION_INGEST", "entity": "VendorQuotation", "entity_id": 1, "details": {"supplier_id": 1, "rfq_id": null, "source": "OCR_BOT", "item_count": 1, "unmatched_item_count": 0}}
{"timestamp": "2026-09-19T03:46:50.327632+00:00", "action": "QUOTATION_REVIEW", "entity": "VendorQuotation", "entity_id": 1, "details": {"reviewed_by": "Priya Sharma"}}
{"timestamp": "2026-09-19T03:46:50.330638+00:00", "action": "QUOTATION_SELECT", "entity": "VendorQuotation", "entity_id": 1, "details": {"rfq_id": null}}
{"timestamp": "2026-09-19T03:46:50.375946+00:00", "action": "RFQ_CREATE", "entity": "RFQ", "entity_id": 1, "details": {"rfq_number": "RFQ-2026-00001", "item_count": 1, "pr_id": null}}
{"timestamp": "2026-09-19T03:46:50.415093+00:00", "action": "RFQ_CREATE", "entity": "RFQ", "entity_id": 1, "details": {"rfq_number": "RFQ-2026-00001", "item_count": 1, "pr_id": null}}
{"timestamp": "2026-09-19T03:46:50.420718+00:00", "action": "RFQ_CREATE", "entity": "RFQ", "entity_id": 2, "details": {"rfq_number": "RFQ-2026-00002", "item_count": 1, "pr_id": null}}
{"timestamp": "2026-09-19T03:46:50.525119+00:00", "action": "RFQ_CREATE", "entity": "RFQ", "entity_id": 1, "details": {"rfq_number": "RFQ-2026-00001", "item_count": 1, "pr_id": null}}
{"timestamp": "2026-09-19T03:46:50.535117+00:00", "action": "RFQ_SEND", "entity": "RFQ", "entity_id": 1, "details": {"rfq_number": "RFQ-2026-00001", "supplier_ids": [1, 2], "channel": "EMAIL"}}
{"timestamp": "2026-09-19T03:46:50.577391+00:00", "action": "RFQ_CREATE", "entity": "RFQ", "entity_id": 1, "details": {"rfq_number": "RFQ-2026-00001", "item_count": 1, "pr_id": null}}
{"timestamp": "2026-09-19T03:46:50.585145+00:00", "action": "RFQ_SEND", "entity": "RFQ", "entity_id": 1, "details": {"rfq_number": "RFQ-2026-00001", "supplier_ids": [1], "channel": "API"}}
{"timestamp": "2026-09-19T03:46:50.626018+00:00", "action": "RFQ_CREATE", "entity": "RFQ", "entity_id": 1, "details": {"rfq_number": "RFQ-2026-00001", "item_count": 1, "pr_id": null}}
{"timestamp": "2026-09-19T03:46:50.674996+00:00", "action": "RFQ_CREATE", "entity": "RFQ", "entity_id": 1, "details": {"rfq_number": "RFQ-2026-00001", "item_count": 1, "pr_id": null}}
{"timestamp": "2026-09-19T03:46:50.683861+00:00", "action": "RFQ_SEND", "entity": "RFQ", "entity_id": 1, "details": {"rfq_number": "RFQ-2026-00001", "supplier_ids": [1, 2], "channel": "API"}}
{"timestamp": "2026-09-19T03:46:50.686920+00:00", "action": "RFQ_CLOSE", "entity": "RFQ", "entity_id": 1, "details": {"rfq_number": "RFQ-2026-00001"}}
{"timestamp": "2026-09-19T03:46:50.726477+00:00", "action": "RFQ_CREATE", "entity": "RFQ", "entity_id": 1, "details": {"rfq_number": "RFQ-2026-00001", "item_count": 1, "pr_id": null}}
{"timestamp": "2026-09-19T03:46:50.766083+00:00", "action": "RFQ_CREATE", "entity": "RFQ", "entity_id": 1, "details": {"rfq_number": "RFQ-2026-00001", "item_count": 1, "pr_id": null}}
{"timestamp": "2026-09-19T03:46:50.776699+00:00", "action": "RFQ_SEND", "entity": "RFQ", "entity_id": 1, "details": {"rfq_number": "RFQ-2026-00001", "supplier_ids": [1], "channel": "API"}}
{"timestamp": "2026-09-19T03:46:51.015981+00:00", "action": "SEED", "entity": "Database", "entity_id": null, "details": {"units": 4, "manufacturers": 3, "products": 7, "warehouses": 3, "racks": 4, "shelves": 4, "bins": 5, "locations": 8, "inventories": 9}}
{"timestamp": "2026-09-19T03:46:51.088123+00:00", "action": "SEED", "entity": "Database", "entity_id": null, "details": {"units": 4, "manufacturers": 3, "products": 7, "warehouses": 3, "racks": 4, "shelves": 4, "bins": 5, "locations": 8, "inventories": 9}}
{"timestamp": "2026-09-19T03:46:51.171551+00:00", "action": "SEED", "entity": "Database", "entity_id": null, "details": {"units": 4, "manufacturers": 3, "products": 7, "warehouses": 3, "racks": 4, "shelves": 4, "bins": 5, "locations": 8, "inventories": 9}}
{"timestamp": "2026-09-19T03:46:51.626991+00:00", "action": "PO_CREATE", "entity": "PurchaseOrder", "entity_id": 1, "details": {"po_number": "PO-2026-00001", "quotation_id": null, "supplier_id": 1, "item_count": 1, "total_amount": 36875.0}}
{"timestamp": "2026-09-19T03:46:51.629989+00:00", "action": "PO_SEND", "entity": "PurchaseOrder", "entity_id": 1, "details": {"po_number": "PO-2026-00001", "approved_by": "Priya Sharma"}}
{"timestamp": "2026-09-19T03:46:51.630991+00:00", "action": "PO_CONFIRM", "entity": "PurchaseOrder", "entity_id": 1, "details": {"po_number": "PO-2026-00001"}}
{"timestamp": "2026-09-19T03:46:51.641329+00:00", "action": "GRN_CREATE", "entity": "GoodsReceipt", "entity_id": 1, "details": {"grn_number": "GRN-2026-00001", "po_id": 1, "po_number": "PO-2026-00001", "item_count": 1, "po_status": "RECEIVED"}}
{"timestamp": "2026-09-19T03:46:51.651233+00:00", "action": "RECEIVE", "entity": "Inventory", "entity_id": 1, "details": {"product_id": 1, "manufacturer_id": 1, "location_id": 1, "batch_number": "GRN-2026-00001-1", "quantity": 500.0, "status": "OK"}}
{"timestamp": "2026-09-19T03:46:51.658259+00:00", "action": "QC_INSPECT", "entity": "QualityInspection", "entity_id": 1, "details": {"qc_number": "QC-2026-00001", "grn_id": 1, "grn_number": "GRN-2026-00001", "overall_disposition": "ACCEPTED", "item_count": 1}}
{"timestamp": "2026-09-19T03:46:51.669014+00:00", "action": "INVOICE_CREATE", "entity": "VendorInvoice", "entity_id": 1, "details": {"po_id": 1, "supplier_id": 1, "item_count": 1}}
{"timestamp": "2026-09-19T03:46:51.734077+00:00", "action": "PO_CREATE", "entity": "PurchaseOrder", "entity_id": 1, "details": {"po_number": "PO-2026-00001", "quotation_id": null, "supplier_id": 1, "item_count": 1, "total_amount": 36875.0}}
{"timestamp": "2026-09-19T03:46:51.736555+00:00", "action": "PO_SEND", "entity": "PurchaseOrder", "entity_id": 1, "details": {"po_number": "PO-2026-00001", "approved_by": "Priya Sharma"}}
{"timestamp": "2026-09-19T03:46:51.738563+00:00", "action": "PO_CONFIRM", "entity": "PurchaseOrder", "entity_id": 1, "details": {"po_number": "PO-2026-00001"}}
{"timestamp": "2026-09-19T03:46:51.752932+00:00", "action": "GRN_CREATE", "entity": "GoodsReceipt", "entity_id": 1, "details": {"grn_number": "GRN-2026-00001", "po_id": 1, "po_number": "PO-2026-00001", "item_count": 1, "po_status": "RECEIVED"}}
{"timestamp": "2026-09-19T03:46:51.766116+00:00", "action": "RECEIVE", "entity": "Inventory", "entity_id": 1, "details": {"product_id": 1, "manufacturer_id": 1, "location_id": 1, "batch_number": "GRN-2026-00001-1", "quantity": 500.0, "status": "OK"}}
{"timestamp": "2026-09-19T03:46:51.774785+00:00", "action": "QC_INSPECT", "entity": "QualityInspection", "entity_id": 1, "details": {"qc_number": "QC-2026-00001", "grn_id": 1, "grn_number": "GRN-2026-00001", "overall_disposition": "ACCEPTED", "item_count": 1}}
{"timestamp": "2026-09-19T03:46:51.852180+00:00", "action": "PO_CREATE", "entity": "PurchaseOrder", "entity_id": 1, "details": {"po_number": "PO-2026-00001", "quotation_id": null, "supplier_id": 1, "item_count": 1, "total_amount": 7375.0}}
{"timestamp": "2026-09-19T03:46:51.854186+00:00", "action": "PO_SEND", "entity": "PurchaseOrder", "entity_id": 1, "details": {"po_number": "PO-2026-00001", "approved_by": "Priya Sharma"}}
{"timestamp": "2026-09-19T03:46:51.855860+00:00", "action": "PO_CONFIRM", "entity": "PurchaseOrder", "entity_id": 1, "details": {"po_number": "PO-2026-00001"}}
{"timestamp": "2026-09-19T03:46:51.864948+00:00", "action": "GRN_CREATE", "entity": "GoodsReceipt", "entity_id": 1, "details": {"grn_number": "GRN-2026-00001", "po_id": 1, "po_number": "PO-2026-00001", "item_count": 1, "po_status": "RECEIVED"}}
{"timestamp": "2026-09-19T03:46:51.875737+00:00", "action": "RECEIVE", "entity": "Inventory", "entity_id": 1, "details": {"product_id": 1, "manufacturer_id": 1, "location_id": 1, "batch_number": "GRN-2026-00001-1", "quantity": 100.0, "status": "OK"}}
{"timestamp": "2026-09-19T03:46:51.885698+00:00", "action": "QC_INSPECT", "entity": "QualityInspection", "entity_id": 1, "details": {"qc_number": "QC-2026-00001", "grn_id": 1, "grn_number": "GRN-2026-00001", "overall_disposition": "ACCEPTED", "item_count": 1}}
{"timestamp": "2026-09-19T03:46:51.890598+00:00", "action": "PO_CREATE", "entity": "PurchaseOrder", "entity_id": 2, "details": {"po_number": "PO-2026-00002", "quotation_id": null, "supplier_id": 1, "item_count": 1, "total_amount": 14750.0}}
{"timestamp": "2026-09-19T03:46:51.890598+00:00", "action": "PO_SEND", "entity": "PurchaseOrder", "entity_id": 2, "details": {"po_number": "PO-2026-00002", "approved_by": "Priya Sharma"}}
{"timestamp": "2026-09-19T03:46:51.894017+00:00", "action": "PO_CONFIRM", "entity": "PurchaseOrder", "entity_id": 2, "details": {"po_number": "PO-2026-00002"}}
{"timestamp": "2026-09-19T03:46:51.896211+00:00", "action": "GRN_CREATE", "entity": "GoodsReceipt", "entity_id": 2, "details": {"grn_number": "GRN-2026-00002", "po_id": 2, "po_number": "PO-2026-00002", "item_count": 1, "po_status": "RECEIVED"}}
{"timestamp": "2026-09-19T03:46:51.896211+00:00", "action": "RECEIVE", "entity": "Inventory", "entity_id": 2, "details": {"product_id": 1, "manufacturer_id": 1, "location_id": 1, "batch_number": "GRN-2026-00002-2", "quantity": 200.0, "status": "OK"}}
{"timestamp": "2026-09-19T03:46:51.905952+00:00", "action": "QC_INSPECT", "entity": "QualityInspection", "entity_id": 2, "details": {"qc_number": "QC-2026-00002", "grn_id": 2, "grn_number": "GRN-2026-00002", "overall_disposition": "ACCEPTED", "item_count": 1}}
{"timestamp": "2026-09-19T03:46:52.016475+00:00", "action": "PO_CREATE", "entity": "PurchaseOrder", "entity_id": 1, "details": {"po_number": "PO-2026-00001", "quotation_id": null, "supplier_id": 1, "item_count": 1, "total_amount": 36875.0}}
{"timestamp": "2026-09-19T03:46:52.018476+00:00", "action": "PO_SEND", "entity": "PurchaseOrder", "entity_id": 1, "details": {"po_number": "PO-2026-00001", "approved_by": "Priya Sharma"}}
{"timestamp": "2026-09-19T03:46:52.019475+00:00", "action": "PO_CONFIRM", "entity": "PurchaseOrder", "entity_id": 1, "details": {"po_number": "PO-2026-00001"}}
{"timestamp": "2026-09-19T03:46:52.025914+00:00", "action": "GRN_CREATE", "entity": "GoodsReceipt", "entity_id": 1, "details": {"grn_number": "GRN-2026-00001", "po_id": 1, "po_number": "PO-2026-00001", "item_count": 1, "po_status": "RECEIVED"}}
{"timestamp": "2026-09-19T03:46:52.034701+00:00", "action": "RECEIVE", "entity": "Inventory", "entity_id": 1, "details": {"product_id": 1, "manufacturer_id": 1, "location_id": 1, "batch_number": "GRN-2026-00001-1", "quantity": 500.0, "status": "OK"}}
{"timestamp": "2026-09-19T03:46:52.046209+00:00", "action": "QC_INSPECT", "entity": "QualityInspection", "entity_id": 1, "details": {"qc_number": "QC-2026-00001", "grn_id": 1, "grn_number": "GRN-2026-00001", "overall_disposition": "ACCEPTED", "item_count": 1}}
{"timestamp": "2026-09-19T03:46:52.054142+00:00", "action": "INVOICE_INGEST", "entity": "VendorInvoice", "entity_id": 1, "details": {"po_id": 1, "supplier_id": 1, "source": "OCR_BOT", "item_count": 1, "unmatched_item_count": 0}}
{"timestamp": "2026-09-19T03:46:52.122724+00:00", "action": "PO_CREATE", "entity": "PurchaseOrder", "entity_id": 1, "details": {"po_number": "PO-2026-00001", "quotation_id": null, "supplier_id": 1, "item_count": 1, "total_amount": 36875.0}}
{"timestamp": "2026-09-19T03:46:52.124787+00:00", "action": "PO_SEND", "entity": "PurchaseOrder", "entity_id": 1, "details": {"po_number": "PO-2026-00001", "approved_by": "Priya Sharma"}}
{"timestamp": "2026-09-19T03:46:52.128928+00:00", "action": "PO_CONFIRM", "entity": "PurchaseOrder", "entity_id": 1, "details": {"po_number": "PO-2026-00001"}}
{"timestamp": "2026-09-19T03:46:52.142221+00:00", "action": "GRN_CREATE", "entity": "GoodsReceipt", "entity_id": 1, "details": {"grn_number": "GRN-2026-00001", "po_id": 1, "po_number": "PO-2026-00001", "item_count": 1, "po_status": "RECEIVED"}}
{"timestamp": "2026-09-19T03:46:52.155345+00:00", "action": "RECEIVE", "entity": "Inventory", "entity_id": 1, "details": {"product_id": 1, "manufacturer_id": 1, "location_id": 1, "batch_number": "GRN-2026-00001-1", "quantity": 500.0, "status": "OK"}}
{"timestamp": "2026-09-19T03:46:52.166622+00:00", "action": "QC_INSPECT", "entity": "QualityInspection", "entity_id": 1, "details": {"qc_number": "QC-2026-00001", "grn_id": 1, "grn_number": "GRN-2026-00001", "overall_disposition": "ACCEPTED", "item_count": 1}}
{"timestamp": "2026-09-19T03:46:52.177117+00:00", "action": "INVOICE_INGEST", "entity": "VendorInvoice", "entity_id": 1, "details": {"po_id": 1, "supplier_id": 1, "source": "OCR_BOT", "item_count": 1, "unmatched_item_count": 1}}
{"timestamp": "2026-09-19T03:46:52.379430+00:00", "action": "PO_CREATE", "entity": "PurchaseOrder", "entity_id": 1, "details": {"po_number": "PO-2026-00001", "quotation_id": null, "supplier_id": 1, "item_count": 1, "total_amount": 36875.0}}
{"timestamp": "2026-09-19T03:46:52.386400+00:00", "action": "PO_SEND", "entity": "PurchaseOrder", "entity_id": 1, "details": {"po_number": "PO-2026-00001", "approved_by": "Priya Sharma"}}
{"timestamp": "2026-09-19T03:46:52.387580+00:00", "action": "PO_CONFIRM", "entity": "PurchaseOrder", "entity_id": 1, "details": {"po_number": "PO-2026-00001"}}
{"timestamp": "2026-09-19T03:46:52.406162+00:00", "action": "GRN_CREATE", "entity": "GoodsReceipt", "entity_id": 1, "details": {"grn_number": "GRN-2026-00001", "po_id": 1, "po_number": "PO-2026-00001", "item_count": 1, "po_status": "RECEIVED"}}
{"timestamp": "2026-09-19T03:46:52.419475+00:00", "action": "RECEIVE", "entity": "Inventory", "entity_id": 1, "details": {"product_id": 1, "manufacturer_id": 1, "location_id": 1, "batch_number": "GRN-2026-00001-1", "quantity": 500.0, "status": "OK"}}
{"timestamp": "2026-09-19T03:46:52.437046+00:00", "action": "QC_INSPECT", "entity": "QualityInspection", "entity_id": 1, "details": {"qc_number": "QC-2026-00001", "grn_id": 1, "grn_number": "GRN-2026-00001", "overall_disposition": "ACCEPTED", "item_count": 1}}
{"timestamp": "2026-09-19T03:46:52.450008+00:00", "action": "INVOICE_INGEST", "entity": "VendorInvoice", "entity_id": 1, "details": {"po_id": 1, "supplier_id": 1, "source": "OCR_BOT", "item_count": 1, "unmatched_item_count": 1}}
{"timestamp": "2026-09-19T03:46:52.525938+00:00", "action": "PO_CREATE", "entity": "PurchaseOrder", "entity_id": 1, "details": {"po_number": "PO-2026-00001", "quotation_id": null, "supplier_id": 1, "item_count": 1, "total_amount": 36875.0}}
{"timestamp": "2026-09-19T03:46:52.525938+00:00", "action": "PO_SEND", "entity": "PurchaseOrder", "entity_id": 1, "details": {"po_number": "PO-2026-00001", "approved_by": "Priya Sharma"}}
{"timestamp": "2026-09-19T03:46:52.535550+00:00", "action": "PO_CONFIRM", "entity": "PurchaseOrder", "entity_id": 1, "details": {"po_number": "PO-2026-00001"}}
{"timestamp": "2026-09-19T03:46:52.544881+00:00", "action": "GRN_CREATE", "entity": "GoodsReceipt", "entity_id": 1, "details": {"grn_number": "GRN-2026-00001", "po_id": 1, "po_number": "PO-2026-00001", "item_count": 1, "po_status": "RECEIVED"}}
{"timestamp": "2026-09-19T03:46:52.544881+00:00", "action": "RECEIVE", "entity": "Inventory", "entity_id": 1, "details": {"product_id": 1, "manufacturer_id": 1, "location_id": 1, "batch_number": "GRN-2026-00001-1", "quantity": 500.0, "status": "OK"}}
{"timestamp": "2026-09-19T03:46:52.557638+00:00", "action": "QC_INSPECT", "entity": "QualityInspection", "entity_id": 1, "details": {"qc_number": "QC-2026-00001", "grn_id": 1, "grn_number": "GRN-2026-00001", "overall_disposition": "ACCEPTED", "item_count": 1}}
{"timestamp": "2026-09-19T03:46:52.564857+00:00", "action": "INVOICE_INGEST", "entity": "VendorInvoice", "entity_id": 1, "details": {"po_id": 1, "supplier_id": 1, "source": "OCR_BOT", "item_count": 1, "unmatched_item_count": 1}}
{"timestamp": "2026-09-19T03:46:52.573523+00:00", "action": "INVOICE_ITEM_UPDATE", "entity": "VendorInvoice", "entity_id": 1, "details": {"item_id": 1, "fields": ["po_item_id"]}}
{"timestamp": "2026-09-19T03:46:52.576182+00:00", "action": "INVOICE_MATCH", "entity": "VendorInvoice", "entity_id": 1, "details": {"matched_by": "Accounts Clerk", "result": "MATCHED"}}
{"timestamp": "2026-09-19T03:46:52.658341+00:00", "action": "PO_CREATE", "entity": "PurchaseOrder", "entity_id": 1, "details": {"po_number": "PO-2026-00001", "quotation_id": null, "supplier_id": 1, "item_count": 1, "total_amount": 36875.0}}
{"timestamp": "2026-09-19T03:46:52.661393+00:00", "action": "PO_SEND", "entity": "PurchaseOrder", "entity_id": 1, "details": {"po_number": "PO-2026-00001", "approved_by": "Priya Sharma"}}
{"timestamp": "2026-09-19T03:46:52.665062+00:00", "action": "PO_CONFIRM", "entity": "PurchaseOrder", "entity_id": 1, "details": {"po_number": "PO-2026-00001"}}
{"timestamp": "2026-09-19T03:46:52.675330+00:00", "action": "GRN_CREATE", "entity": "GoodsReceipt", "entity_id": 1, "details": {"grn_number": "GRN-2026-00001", "po_id": 1, "po_number": "PO-2026-00001", "item_count": 1, "po_status": "PARTIALLY_RECEIVED"}}
{"timestamp": "2026-09-19T03:46:52.685957+00:00", "action": "GRN_CREATE", "entity": "GoodsReceipt", "entity_id": 2, "details": {"grn_number": "GRN-2026-00002", "po_id": 1, "po_number": "PO-2026-00001", "item_count": 1, "po_status": "RECEIVED"}}
{"timestamp": "2026-09-19T03:46:52.694158+00:00", "action": "INVOICE_CREATE", "entity": "VendorInvoice", "entity_id": 1, "details": {"po_id": 1, "supplier_id": 1, "item_count": 1}}
{"timestamp": "2026-09-19T03:46:52.768765+00:00", "action": "PO_CREATE", "entity": "PurchaseOrder", "entity_id": 1, "details": {"po_number": "PO-2026-00001", "quotation_id": null, "supplier_id": 1, "item_count": 1, "total_amount": 36875.0}}
{"timestamp": "2026-09-19T03:46:52.770772+00:00", "action": "PO_SEND", "entity": "PurchaseOrder", "entity_id": 1, "details": {"po_number": "PO-2026-00001", "approved_by": "Priya Sharma"}}
{"timestamp": "2026-09-19T03:46:52.772772+00:00", "action": "PO_CONFIRM", "entity": "PurchaseOrder", "entity_id": 1, "details": {"po_number": "PO-2026-00001"}}
{"timestamp": "2026-09-19T03:46:52.776078+00:00", "action": "GRN_CREATE", "entity": "GoodsReceipt", "entity_id": 1, "details": {"grn_number": "GRN-2026-00001", "po_id": 1, "po_number": "PO-2026-00001", "item_count": 1, "po_status": "RECEIVED"}}
{"timestamp": "2026-09-19T03:46:52.786012+00:00", "action": "RECEIVE", "entity": "Inventory", "entity_id": 1, "details": {"product_id": 1, "manufacturer_id": 1, "location_id": 1, "batch_number": "GRN-2026-00001-1", "quantity": 500.0, "status": "OK"}}
{"timestamp": "2026-09-19T03:46:52.794774+00:00", "action": "QC_INSPECT", "entity": "QualityInspection", "entity_id": 1, "details": {"qc_number": "QC-2026-00001", "grn_id": 1, "grn_number": "GRN-2026-00001", "overall_disposition": "ACCEPTED", "item_count": 1}}
{"timestamp": "2026-09-19T03:46:52.804768+00:00", "action": "INVOICE_CREATE", "entity": "VendorInvoice", "entity_id": 1, "details": {"po_id": 1, "supplier_id": 1, "item_count": 1}}
{"timestamp": "2026-09-19T03:46:52.807816+00:00", "action": "INVOICE_MATCH", "entity": "VendorInvoice", "entity_id": 1, "details": {"matched_by": "Accounts Clerk", "result": "MATCHED"}}
{"timestamp": "2026-09-19T03:46:52.874773+00:00", "action": "PO_CREATE", "entity": "PurchaseOrder", "entity_id": 1, "details": {"po_number": "PO-2026-00001", "quotation_id": null, "supplier_id": 1, "item_count": 1, "total_amount": 36875.0}}
{"timestamp": "2026-09-19T03:46:52.877274+00:00", "action": "PO_SEND", "entity": "PurchaseOrder", "entity_id": 1, "details": {"po_number": "PO-2026-00001", "approved_by": "Priya Sharma"}}
{"timestamp": "2026-09-19T03:46:52.879282+00:00", "action": "PO_CONFIRM", "entity": "PurchaseOrder", "entity_id": 1, "details": {"po_number": "PO-2026-00001"}}
{"timestamp": "2026-09-19T03:46:52.889339+00:00", "action": "GRN_CREATE", "entity": "GoodsReceipt", "entity_id": 1, "details": {"grn_number": "GRN-2026-00001", "po_id": 1, "po_number": "PO-2026-00001", "item_count": 1, "po_status": "RECEIVED"}}
{"timestamp": "2026-09-19T03:46:52.895877+00:00", "action": "RECEIVE", "entity": "Inventory", "entity_id": 1, "details": {"product_id": 1, "manufacturer_id": 1, "location_id": 1, "batch_number": "GRN-2026-00001-1", "quantity": 500.0, "status": "OK"}}
{"timestamp": "2026-09-19T03:46:52.913978+00:00", "action": "QC_INSPECT", "entity": "QualityInspection", "entity_id": 1, "details": {"qc_number": "QC-2026-00001", "grn_id": 1, "grn_number": "GRN-2026-00001", "overall_disposition": "ACCEPTED", "item_count": 1}}
{"timestamp": "2026-09-19T03:46:52.915944+00:00", "action": "INVOICE_CREATE", "entity": "VendorInvoice", "entity_id": 1, "details": {"po_id": 1, "supplier_id": 1, "item_count": 1}}
{"timestamp": "2026-09-19T03:46:52.925177+00:00", "action": "INVOICE_MATCH", "entity": "VendorInvoice", "entity_id": 1, "details": {"matched_by": "Accounts Clerk", "result": "MISMATCH"}}
{"timestamp": "2026-09-19T03:46:53.008420+00:00", "action": "PO_CREATE", "entity": "PurchaseOrder", "entity_id": 1, "details": {"po_number": "PO-2026-00001", "quotation_id": null, "supplier_id": 1, "item_count": 1, "total_amount": 36875.0}}
{"timestamp": "2026-09-19T03:46:53.009400+00:00", "action": "PO_SEND", "entity": "PurchaseOrder", "entity_id": 1, "details": {"po_number": "PO-2026-00001", "approved_by": "Priya Sharma"}}
{"timestamp": "2026-09-19T03:46:53.009400+00:00", "action": "PO_CONFIRM", "entity": "PurchaseOrder", "entity_id": 1, "details": {"po_number": "PO-2026-00001"}}
{"timestamp": "2026-09-19T03:46:53.015069+00:00", "action": "GRN_CREATE", "entity": "GoodsReceipt", "entity_id": 1, "details": {"grn_number": "GRN-2026-00001", "po_id": 1, "po_number": "PO-2026-00001", "item_count": 1, "po_status": "RECEIVED"}}
{"timestamp": "2026-09-19T03:46:53.026054+00:00", "action": "RECEIVE", "entity": "Inventory", "entity_id": 1, "details": {"product_id": 1, "manufacturer_id": 1, "location_id": 1, "batch_number": "GRN-2026-00001-1", "quantity": 500.0, "status": "OK"}}
{"timestamp": "2026-09-19T03:46:53.040423+00:00", "action": "QC_INSPECT", "entity": "QualityInspection", "entity_id": 1, "details": {"qc_number": "QC-2026-00001", "grn_id": 1, "grn_number": "GRN-2026-00001", "overall_disposition": "ACCEPTED", "item_count": 1}}
{"timestamp": "2026-09-19T03:46:53.045941+00:00", "action": "INVOICE_CREATE", "entity": "VendorInvoice", "entity_id": 1, "details": {"po_id": 1, "supplier_id": 1, "item_count": 1}}
{"timestamp": "2026-09-19T03:46:53.045941+00:00", "action": "INVOICE_MATCH", "entity": "VendorInvoice", "entity_id": 1, "details": {"matched_by": "Accounts Clerk", "result": "MISMATCH"}}
{"timestamp": "2026-09-19T03:46:53.127948+00:00", "action": "PO_CREATE", "entity": "PurchaseOrder", "entity_id": 1, "details": {"po_number": "PO-2026-00001", "quotation_id": null, "supplier_id": 1, "item_count": 1, "total_amount": 36875.0}}
{"timestamp": "2026-09-19T03:46:53.131944+00:00", "action": "PO_SEND", "entity": "PurchaseOrder", "entity_id": 1, "details": {"po_number": "PO-2026-00001", "approved_by": "Priya Sharma"}}
{"timestamp": "2026-09-19T03:46:53.134453+00:00", "action": "PO_CONFIRM", "entity": "PurchaseOrder", "entity_id": 1, "details": {"po_number": "PO-2026-00001"}}
{"timestamp": "2026-09-19T03:46:53.150799+00:00", "action": "GRN_CREATE", "entity": "GoodsReceipt", "entity_id": 1, "details": {"grn_number": "GRN-2026-00001", "po_id": 1, "po_number": "PO-2026-00001", "item_count": 1, "po_status": "RECEIVED"}}
{"timestamp": "2026-09-19T03:46:53.165097+00:00", "action": "RECEIVE", "entity": "Inventory", "entity_id": 1, "details": {"product_id": 1, "manufacturer_id": 1, "location_id": 1, "batch_number": "GRN-2026-00001-1", "quantity": 500.0, "status": "OK"}}
{"timestamp": "2026-09-19T03:46:53.184935+00:00", "action": "QC_INSPECT", "entity": "QualityInspection", "entity_id": 1, "details": {"qc_number": "QC-2026-00001", "grn_id": 1, "grn_number": "GRN-2026-00001", "overall_disposition": "ACCEPTED", "item_count": 1}}
{"timestamp": "2026-09-19T03:46:53.195994+00:00", "action": "INVOICE_CREATE", "entity": "VendorInvoice", "entity_id": 1, "details": {"po_id": 1, "supplier_id": 1, "item_count": 1}}
{"timestamp": "2026-09-19T03:46:53.195994+00:00", "action": "INVOICE_MATCH", "entity": "VendorInvoice", "entity_id": 1, "details": {"matched_by": "Accounts Clerk", "result": "MISMATCH"}}
{"timestamp": "2026-09-19T03:46:53.205036+00:00", "action": "INVOICE_ITEM_UPDATE", "entity": "VendorInvoice", "entity_id": 1, "details": {"item_id": 1, "fields": ["quantity"]}}
{"timestamp": "2026-09-19T03:46:53.210206+00:00", "action": "INVOICE_MATCH", "entity": "VendorInvoice", "entity_id": 1, "details": {"matched_by": "Accounts Clerk", "result": "MATCHED"}}
{"timestamp": "2026-09-19T03:46:53.276873+00:00", "action": "PO_CREATE", "entity": "PurchaseOrder", "entity_id": 1, "details": {"po_number": "PO-2026-00001", "quotation_id": null, "supplier_id": 1, "item_count": 1, "total_amount": 36875.0}}
{"timestamp": "2026-09-19T03:46:53.278873+00:00", "action": "PO_SEND", "entity": "PurchaseOrder", "entity_id": 1, "details": {"po_number": "PO-2026-00001", "approved_by": "Priya Sharma"}}
{"timestamp": "2026-09-19T03:46:53.280803+00:00", "action": "PO_CONFIRM", "entity": "PurchaseOrder", "entity_id": 1, "details": {"po_number": "PO-2026-00001"}}
{"timestamp": "2026-09-19T03:46:53.288143+00:00", "action": "INVOICE_CREATE", "entity": "VendorInvoice", "entity_id": 1, "details": {"po_id": 1, "supplier_id": 1, "item_count": 1}}
{"timestamp": "2026-09-19T03:46:53.354045+00:00", "action": "PO_CREATE", "entity": "PurchaseOrder", "entity_id": 1, "details": {"po_number": "PO-2026-00001", "quotation_id": null, "supplier_id": 1, "item_count": 2, "total_amount": 45135.0}}
{"timestamp": "2026-09-19T03:46:53.359212+00:00", "action": "PO_SEND", "entity": "PurchaseOrder", "entity_id": 1, "details": {"po_number": "PO-2026-00001", "approved_by": "Priya Sharma"}}
{"timestamp": "2026-09-19T03:46:53.362210+00:00", "action": "PO_CONFIRM", "entity": "PurchaseOrder", "entity_id": 1, "details": {"po_number": "PO-2026-00001"}}
{"timestamp": "2026-09-19T03:46:53.372744+00:00", "action": "GRN_CREATE", "entity": "GoodsReceipt", "entity_id": 1, "details": {"grn_number": "GRN-2026-00001", "po_id": 1, "po_number": "PO-2026-00001", "item_count": 1, "po_status": "PARTIALLY_RECEIVED"}}
{"timestamp": "2026-09-19T03:46:53.563942+00:00", "action": "INVOICE_CREATE", "entity": "VendorInvoice", "entity_id": 1, "details": {"po_id": 1, "supplier_id": 1, "item_count": 2}}
{"timestamp": "2026-09-19T03:46:53.568734+00:00", "action": "INVOICE_MATCH", "entity": "VendorInvoice", "entity_id": 1, "details": {"matched_by": "Accounts Clerk", "result": "MISMATCH"}}
{"timestamp": "2026-09-19T03:46:53.639968+00:00", "action": "PO_CREATE", "entity": "PurchaseOrder", "entity_id": 1, "details": {"po_number": "PO-2026-00001", "quotation_id": null, "supplier_id": 1, "item_count": 1, "total_amount": 36875.0}}
{"timestamp": "2026-09-19T03:46:53.642508+00:00", "action": "PO_SEND", "entity": "PurchaseOrder", "entity_id": 1, "details": {"po_number": "PO-2026-00001", "approved_by": "Priya Sharma"}}
{"timestamp": "2026-09-19T03:46:53.645202+00:00", "action": "PO_CONFIRM", "entity": "PurchaseOrder", "entity_id": 1, "details": {"po_number": "PO-2026-00001"}}
{"timestamp": "2026-09-19T03:46:53.658470+00:00", "action": "GRN_CREATE", "entity": "GoodsReceipt", "entity_id": 1, "details": {"grn_number": "GRN-2026-00001", "po_id": 1, "po_number": "PO-2026-00001", "item_count": 1, "po_status": "RECEIVED"}}
{"timestamp": "2026-09-19T03:46:53.674781+00:00", "action": "RECEIVE", "entity": "Inventory", "entity_id": 1, "details": {"product_id": 1, "manufacturer_id": 1, "location_id": 1, "batch_number": "GRN-2026-00001-1", "quantity": 500.0, "status": "OK"}}
{"timestamp": "2026-09-19T03:46:53.685978+00:00", "action": "QC_INSPECT", "entity": "QualityInspection", "entity_id": 1, "details": {"qc_number": "QC-2026-00001", "grn_id": 1, "grn_number": "GRN-2026-00001", "overall_disposition": "ACCEPTED", "item_count": 1}}
{"timestamp": "2026-09-19T03:46:53.694818+00:00", "action": "INVOICE_CREATE", "entity": "VendorInvoice", "entity_id": 1, "details": {"po_id": 1, "supplier_id": 1, "item_count": 1}}
{"timestamp": "2026-09-19T03:46:53.790400+00:00", "action": "PO_CREATE", "entity": "PurchaseOrder", "entity_id": 1, "details": {"po_number": "PO-2026-00001", "quotation_id": null, "supplier_id": 1, "item_count": 1, "total_amount": 36875.0}}
{"timestamp": "2026-09-19T03:46:53.794819+00:00", "action": "PO_SEND", "entity": "PurchaseOrder", "entity_id": 1, "details": {"po_number": "PO-2026-00001", "approved_by": "Priya Sharma"}}
{"timestamp": "2026-09-19T03:46:53.795826+00:00", "action": "PO_CONFIRM", "entity": "PurchaseOrder", "entity_id": 1, "details": {"po_number": "PO-2026-00001"}}
{"timestamp": "2026-09-19T03:46:53.806178+00:00", "action": "GRN_CREATE", "entity": "GoodsReceipt", "entity_id": 1, "details": {"grn_number": "GRN-2026-00001", "po_id": 1, "po_number": "PO-2026-00001", "item_count": 1, "po_status": "RECEIVED"}}
{"timestamp": "2026-09-19T03:46:53.822200+00:00", "action": "RECEIVE", "entity": "Inventory", "entity_id": 1, "details": {"product_id": 1, "manufacturer_id": 1, "location_id": 1, "batch_number": "GRN-2026-00001-1", "quantity": 500.0, "status": "OK"}}
{"timestamp": "2026-09-19T03:46:53.824824+00:00", "action": "QC_INSPECT", "entity": "QualityInspection", "entity_id": 1, "details": {"qc_number": "QC-2026-00001", "grn_id": 1, "grn_number": "GRN-2026-00001", "overall_disposition": "ACCEPTED", "item_count": 1}}
{"timestamp": "2026-09-19T03:46:53.838150+00:00", "action": "INVOICE_CREATE", "entity": "VendorInvoice", "entity_id": 1, "details": {"po_id": 1, "supplier_id": 1, "item_count": 1}}
{"timestamp": "2026-09-19T03:46:53.845146+00:00", "action": "INVOICE_MATCH", "entity": "VendorInvoice", "entity_id": 1, "details": {"matched_by": "Accounts Clerk", "result": "MATCHED"}}
{"timestamp": "2026-09-19T03:46:53.845146+00:00", "action": "INVOICE_APPROVE_PAYMENT", "entity": "VendorInvoice", "entity_id": 1, "details": {"approved_by": "Finance Manager"}}
{"timestamp": "2026-09-19T03:46:53.845146+00:00", "action": "INVOICE_MARK_PAID", "entity": "VendorInvoice", "entity_id": 1, "details": {"paid_by": "Finance Manager"}}
{"timestamp": "2026-09-19T03:46:53.915153+00:00", "action": "PO_CREATE", "entity": "PurchaseOrder", "entity_id": 1, "details": {"po_number": "PO-2026-00001", "quotation_id": null, "supplier_id": 1, "item_count": 1, "total_amount": 36875.0}}
{"timestamp": "2026-09-19T03:46:53.917244+00:00", "action": "PO_SEND", "entity": "PurchaseOrder", "entity_id": 1, "details": {"po_number": "PO-2026-00001", "approved_by": "Priya Sharma"}}
{"timestamp": "2026-09-19T03:46:53.919243+00:00", "action": "PO_CONFIRM", "entity": "PurchaseOrder", "entity_id": 1, "details": {"po_number": "PO-2026-00001"}}
{"timestamp": "2026-09-19T03:46:53.930861+00:00", "action": "GRN_CREATE", "entity": "GoodsReceipt", "entity_id": 1, "details": {"grn_number": "GRN-2026-00001", "po_id": 1, "po_number": "PO-2026-00001", "item_count": 1, "po_status": "RECEIVED"}}
{"timestamp": "2026-09-19T03:46:53.940084+00:00", "action": "RECEIVE", "entity": "Inventory", "entity_id": 1, "details": {"product_id": 1, "manufacturer_id": 1, "location_id": 1, "batch_number": "GRN-2026-00001-1", "quantity": 500.0, "status": "OK"}}
{"timestamp": "2026-09-19T03:46:53.945979+00:00", "action": "QC_INSPECT", "entity": "QualityInspection", "entity_id": 1, "details": {"qc_number": "QC-2026-00001", "grn_id": 1, "grn_number": "GRN-2026-00001", "overall_disposition": "ACCEPTED", "item_count": 1}}
{"timestamp": "2026-09-19T03:46:53.954773+00:00", "action": "INVOICE_CREATE", "entity": "VendorInvoice", "entity_id": 1, "details": {"po_id": 1, "supplier_id": 1, "item_count": 1}}
{"timestamp": "2026-09-19T03:46:54.044504+00:00", "action": "PO_CREATE", "entity": "PurchaseOrder", "entity_id": 1, "details": {"po_number": "PO-2026-00001", "quotation_id": null, "supplier_id": 1, "item_count": 1, "total_amount": 36875.0}}
{"timestamp": "2026-09-19T03:46:54.046247+00:00", "action": "PO_SEND", "entity": "PurchaseOrder", "entity_id": 1, "details": {"po_number": "PO-2026-00001", "approved_by": "Priya Sharma"}}
{"timestamp": "2026-09-19T03:46:54.046247+00:00", "action": "PO_CONFIRM", "entity": "PurchaseOrder", "entity_id": 1, "details": {"po_number": "PO-2026-00001"}}
{"timestamp": "2026-09-19T03:46:54.058674+00:00", "action": "GRN_CREATE", "entity": "GoodsReceipt", "entity_id": 1, "details": {"grn_number": "GRN-2026-00001", "po_id": 1, "po_number": "PO-2026-00001", "item_count": 1, "po_status": "RECEIVED"}}
{"timestamp": "2026-09-19T03:46:54.066289+00:00", "action": "RECEIVE", "entity": "Inventory", "entity_id": 1, "details": {"product_id": 1, "manufacturer_id": 1, "location_id": 1, "batch_number": "GRN-2026-00001-1", "quantity": 500.0, "status": "OK"}}
{"timestamp": "2026-09-19T03:46:54.075031+00:00", "action": "QC_INSPECT", "entity": "QualityInspection", "entity_id": 1, "details": {"qc_number": "QC-2026-00001", "grn_id": 1, "grn_number": "GRN-2026-00001", "overall_disposition": "ACCEPTED", "item_count": 1}}
{"timestamp": "2026-09-19T03:46:54.091170+00:00", "action": "INVOICE_CREATE", "entity": "VendorInvoice", "entity_id": 1, "details": {"po_id": 1, "supplier_id": 1, "item_count": 1}}
{"timestamp": "2026-09-19T03:46:54.095723+00:00", "action": "INVOICE_MATCH", "entity": "VendorInvoice", "entity_id": 1, "details": {"matched_by": "Accounts Clerk", "result": "MATCHED"}}
{"timestamp": "2026-09-19T03:46:54.172867+00:00", "action": "PO_CREATE", "entity": "PurchaseOrder", "entity_id": 1, "details": {"po_number": "PO-2026-00001", "quotation_id": null, "supplier_id": 1, "item_count": 1, "total_amount": 36875.0}}
{"timestamp": "2026-09-19T03:46:54.176888+00:00", "action": "PO_SEND", "entity": "PurchaseOrder", "entity_id": 1, "details": {"po_number": "PO-2026-00001", "approved_by": "Priya Sharma"}}
{"timestamp": "2026-09-19T03:46:54.176888+00:00", "action": "PO_CONFIRM", "entity": "PurchaseOrder", "entity_id": 1, "details": {"po_number": "PO-2026-00001"}}
{"timestamp": "2026-09-19T03:46:54.196234+00:00", "action": "GRN_CREATE", "entity": "GoodsReceipt", "entity_id": 1, "details": {"grn_number": "GRN-2026-00001", "po_id": 1, "po_number": "PO-2026-00001", "item_count": 1, "po_status": "RECEIVED"}}
{"timestamp": "2026-09-19T03:46:54.212151+00:00", "action": "RECEIVE", "entity": "Inventory", "entity_id": 1, "details": {"product_id": 1, "manufacturer_id": 1, "location_id": 1, "batch_number": "GRN-2026-00001-1", "quantity": 500.0, "status": "OK"}}
{"timestamp": "2026-09-19T03:46:54.224728+00:00", "action": "QC_INSPECT", "entity": "QualityInspection", "entity_id": 1, "details": {"qc_number": "QC-2026-00001", "grn_id": 1, "grn_number": "GRN-2026-00001", "overall_disposition": "ACCEPTED", "item_count": 1}}
{"timestamp": "2026-09-19T03:46:54.235574+00:00", "action": "INVOICE_CREATE", "entity": "VendorInvoice", "entity_id": 1, "details": {"po_id": 1, "supplier_id": 1, "item_count": 1}}
{"timestamp": "2026-09-19T03:46:54.288297+00:00", "action": "QUOTATION_CREATE", "entity": "VendorQuotation", "entity_id": 1, "details": {"supplier_id": 1, "rfq_id": null, "item_count": 1}}
{"timestamp": "2026-09-19T03:46:54.326056+00:00", "action": "RFQ_CREATE", "entity": "RFQ", "entity_id": 1, "details": {"rfq_number": "RFQ-2026-00001", "item_count": 1, "pr_id": null}}
{"timestamp": "2026-09-19T03:46:54.340251+00:00", "action": "RFQ_SEND", "entity": "RFQ", "entity_id": 1, "details": {"rfq_number": "RFQ-2026-00001", "supplier_ids": [1, 2], "channel": "API"}}
{"timestamp": "2026-09-19T03:46:54.354235+00:00", "action": "QUOTATION_CREATE", "entity": "VendorQuotation", "entity_id": 1, "details": {"supplier_id": 1, "rfq_id": 1, "item_count": 1}}
{"timestamp": "2026-09-19T03:46:54.425968+00:00", "action": "QUOTATION_CREATE", "entity": "VendorQuotation", "entity_id": 1, "details": {"supplier_id": 1, "rfq_id": null, "item_count": 1}}
{"timestamp": "2026-09-19T03:46:54.433237+00:00", "action": "QUOTATION_SELECT", "entity": "VendorQuotation", "entity_id": 1, "details": {"rfq_id": null}}
{"timestamp": "2026-09-19T03:46:54.482954+00:00", "action": "QUOTATION_CREATE", "entity": "VendorQuotation", "entity_id": 1, "details": {"supplier_id": 1, "rfq_id": null, "item_count": 1}}
{"timestamp": "2026-09-19T03:46:54.535949+00:00", "action": "QUOTATION_CREATE", "entity": "VendorQuotation", "entity_id": 1, "details": {"supplier_id": 1, "rfq_id": null, "item_count": 1}}
{"timestamp": "2026-09-19T03:46:54.609197+00:00", "action": "RFQ_CREATE", "entity": "RFQ", "entity_id": 1, "details": {"rfq_number": "RFQ-2026-00001", "item_count": 1, "pr_id": null}}
{"timestamp": "2026-09-19T03:46:54.621865+00:00", "action": "RFQ_SEND", "entity": "RFQ", "entity_id": 1, "details": {"rfq_number": "RFQ-2026-00001", "supplier_ids": [1, 2], "channel": "API"}}
{"timestamp": "2026-09-19T03:46:54.642836+00:00", "action": "QUOTATION_CREATE", "entity": "VendorQuotation", "entity_id": 1, "details": {"supplier_id": 1, "rfq_id": 1, "item_count": 1}}
{"timestamp": "2026-09-19T03:46:54.655105+00:00", "action": "QUOTATION_CREATE", "entity": "VendorQuotation", "entity_id": 2, "details": {"supplier_id": 2, "rfq_id": 1, "item_count": 1}}
{"timestamp": "2026-09-19T03:46:54.666080+00:00", "action": "QUOTATION_SELECT", "entity": "VendorQuotation", "entity_id": 1, "details": {"rfq_id": 1}}
{"timestamp": "2026-09-19T03:46:54.717260+00:00", "action": "QUOTATION_CREATE", "entity": "VendorQuotation", "entity_id": 1, "details": {"supplier_id": 1, "rfq_id": null, "item_count": 1}}
{"timestamp": "2026-09-19T03:46:54.720271+00:00", "action": "QUOTATION_REJECT", "entity": "VendorQuotation", "entity_id": 1, "details": {"rejected_by": "Priya Sharma", "reason": "Rate too high vs. last PO"}}
{"timestamp": "2026-09-19T03:46:54.758701+00:00", "action": "QUOTATION_CREATE", "entity": "VendorQuotation", "entity_id": 1, "details": {"supplier_id": 1, "rfq_id": null, "item_count": 1}}
{"timestamp": "2026-09-19T03:46:54.764311+00:00", "action": "QUOTATION_SELECT", "entity": "VendorQuotation", "entity_id": 1, "details": {"rfq_id": null}}
